@id,C,80;bicycle,C,80;bridge,C,80;foot,C,80;highway,C,80;layer,C,80;motor_vehi,C,80;name,C,80;note,C,80;surface,C,80;cycleway,C,80;oneway,C,80;segregated,C,80;cyclabilit,C,80;created_by,C,80;motorcar,C,80;motorcycle,C,80;lcn,C,80;tunnel,C,80;embankment,C,80;rcn,C,80;source,C,80;wheelchair,C,80;access,C,80;doubleway,C,80;maxspeed,C,80;constructi,C,80;cycleway_r,C,80;addr_stree,C,80
way/4082885;yes;yes;yes;cycleway;1;no;Passerelle des Barons de Caravètes;voie-verte;paved;;;;;;;;;;;;;;;;;;;
way/10154009;yes;;;cycleway;;;;;;track;yes;yes;;;;;;;;;;;;;;;;
way/10154510;;;;cycleway;;;;;;track;yes;;;;;;;;;;;;;;;;;
way/10154529;;;;cycleway;;;;;;;;;;;;;;;;;;;;;;;;
way/10154558;;;;cycleway;;;;;;track;yes;;;;;;;;;;;;;;;;;
way/10274764;;;yes;cycleway;;;;;;track;yes;yes;;;;;;;;;;;;;;;;
way/10429699;;;yes;cycleway;;;Rue de la Draye;;;track;no;yes;;;;;;;;;;;;;;;;
way/10622746;;;yes;cycleway;;;;;;track;no;yes;;;;;;;;;;;;;;;;
way/13470702;;;;cycleway;;;;;;;;;;;;;;;;;;;;;;;;
way/13470704;;;;cycleway;;;;;;;yes;;;;;;;;;;;;;;;;;
way/13470712;;;;cycleway;;;;;;track;yes;yes;good;;;;;;;;;;;;;;;
way/13471062;;;;cycleway;;;;;;track;no;yes;good;;;;;;;;;;;;;;;
way/13880751;;;;cycleway;;;;;;track;;;;;;;;;;;;;;;;;;
way/13881176;;;;cycleway;;;;;;track;;;;;;;;;;;;;;;;;;
way/17925271;;;;cycleway;;;;;;track;;;;;;;;;;;;;;;;;;
way/21333594;;;;cycleway;;;;;;;;;;;;;;;;;;;;;;;;
way/22937125;;;;cycleway;;;;;;track;yes;;;;;;;;;;;;;;;;;
way/23011743;;;;cycleway;;;Rue Hippolyte Rech;;;track;yes;;;;;;;;;;;;;;;;;
way/23011751;;;;cycleway;;;;;;track;;;;Potlatch 0.7b;;;;;;;;;;;;;;
way/23011757;;;;cycleway;;;;;;;;;;;;;;;;;;;;;;;;
way/23011759;;;;cycleway;;;;;;;;;;;;;;;;;;;;;;;;
way/23169795;;;;cycleway;;;;;;;;;;;;;;;;;;;;;;;;
way/24423216;;;;cycleway;;;;;;track;;;;;;;;;;;;;;;;;;
way/24640239;yes;;yes;cycleway;;;;;;track;;;;;no;yes;;;;;;;;;;;;
way/25678091;;;;cycleway;;;;;;;;;;;;;;;;;;;;;;;;
way/25786937;;;;cycleway;;;;;;;yes;;;;;;;;;;;;;;;;;
way/25871909;;;;cycleway;-1;;;;;;;;;;;;;;;;;;;;;;;
way/25871951;;;;cycleway;;;;;;;;;;;;;yes;;;;;;;;;;;
way/25871952;;;;cycleway;-1;;;;;;;;;Potlatch 0.10a;;;;yes;;;;;;;;;;
way/25872523;;;;cycleway;;;;;;;;;;;;;;;;;;;;;;;;
way/25872679;;;;cycleway;;;;;;;;;;Potlatch 0.10a;;;;;;;;;;;;;;
way/25873417;;;;cycleway;;;;;;;;;;Potlatch 0.10a;;;;;;;;;;;;;;
way/25885257;;yes;;cycleway;1;no;;voie-verte;wood;;;;;;;;;;;;;;;;;;;
way/25891228;;;;cycleway;;;;;;;;;;;;;;;;;;;;;;;;
way/25891229;;yes;;cycleway;1;;;;;;;;;;;;;;;;;;;;;;;
way/25891232;;;;cycleway;;;;;;;;;;;;;yes;;;;;;;;;;;
way/25935556;;;;cycleway;;;;piste bidirectionnelle;;;;;;;;;;;;;;;;;;;;
way/25935557;;;;cycleway;;;;;;;;;;;;;;;;;;;;;;;;
way/26150661;yes;;yes;cycleway;;;;;;;;;;;;;;;;;;;;;;;;
way/26162989;;;;cycleway;;;;;;;;;;;;;;;;;;;;;;;;
way/26163049;;;;cycleway;;;;;;;;;;;;;;;;;;;;;;;;
way/26164260;;;;cycleway;;;;piste bidirectionnelle;;;;;;;;;;;;;;;;;;;;
way/26176426;;;;cycleway;;;;;;;;;;;;;;;;;;;;;;;;
way/26188537;;yes;;cycleway;1;;;;;;;;;;;;;;;;;;;;;;;
way/26188538;;;;cycleway;;;;;;;;;;;;;;;;;;;;;;;;
way/26270364;;;;cycleway;;;;;;;;;;;;;;;;;;;;;;;;
way/26476205;;;yes;cycleway;;no;;voie-verte;paved;;;no;;;;;;;yes;yes;;;;;;;;
way/26542068;;;yes;cycleway;;;;;;;;;;;;;;;;;cadastre-dgi-fr source : Direction Générale des Impôts - Cadastre  mise à jo;;;;;;;
way/26550331;;;yes;cycleway;;;;;;;;;;;;;;;;;"cadastre-dgi-fr source : Direction Générale des Impôts - Cadastre ; mise à j";;;;;;;
way/26598565;;;yes;cycleway;;;;;;;yes;;;;;;;;;;"cadastre-dgi-fr source : Direction Générale des Impôts - Cadastre ; mise à j";;;;;;;
way/26703026;;;;cycleway;;;;;;;;;;;;;;;;;"cadastre-dgi-fr source : Direction Générale des Impôts - Cadastre ; mise à j";;;;;;;
way/26721606;;yes;;cycleway;1;;;;;;;;;;;;;;;;"cadastre-dgi-fr source : Direction Générale des Impôts - Cadastre ; mise à j";;;;;;;
way/26954213;;;;cycleway;-1;;;;;;;;;;;;;;;;;;;;;;;
way/26977248;;;;cycleway;;;;;;;;;;;;;;;;;;;;;;;;
way/26982730;;;;cycleway;;;;;;;;;;;;;;;;;;;;;;;;
way/26982732;;;;cycleway;;;;;;;;;;;;;;;;;;;;;;;;
way/26982789;;;;cycleway;;;;;;;;;;;;;;;;;;;;;;;;
way/27124546;;;yes;cycleway;;no;Méjean;voie-verte;paved;;;;;;;;;;;;;;;;;;;
way/27124547;;yes;;cycleway;1;no;;voie-verte;paved;;;;;;;;;;;;;;;;;;;
way/27124608;;;yes;cycleway;;no;Passage Joseph François Dupleix;voie-verte;paved;;;;;;;;;;;;;;;;;;;
way/27403514;;;;cycleway;;;;;;;;;;;;;;;;;;;;;;;;
way/28996338;;yes;;cycleway;1;;;;;;;;;;;;;;;;"cadastre-dgi-fr source : Direction Générale des Impôts - Cadastre ; mise à j";;;;;;;
way/28996339;;;;cycleway;1;;;;;;;;;;;;;;;;"cadastre-dgi-fr source : Direction Générale des Impôts - Cadastre ; mise à j";;;;;;;
way/30471971;;;;cycleway;;;;;paved;;;;;;;;;;;;;;;;;;;
way/30472397;;;;cycleway;;;;;;;;;;;;;;;;;;;;;;;;
way/31312531;;;;cycleway;;;;;;;;;;Potlatch 0.10f;;;;;;;;;;;;;;
way/31439216;yes;;yes;cycleway;;no;Allée du Capitaine Dreyfus;voie-verte;unpaved;;;no;;;;;;;;;;yes;;;;;;
way/31439228;;;;cycleway;-1;no;;voie-verte;unpaved;;;;;;;;;;;;;;;;;;;
way/31439488;;;;cycleway;;no;Méjean;voie-verte;paved;;;;;;;;;;;;;;;;;;;
way/31450185;;;;cycleway;;;;;;track;;;;;;;;;;;;;;;;;;
way/31450281;;;;cycleway;;;;;;track;;;;;;;;;;;;;;;;;;
way/31450626;;;;cycleway;;;;;;;yes;;;;;;;;;;;;;;;;;
way/31450628;;;;cycleway;;;;;;;yes;;;;;;;;;;;;;;;;;
way/31450667;;;;cycleway;;;;;;;;;;;;;;;;;;;;;;;;
way/31450697;;;;cycleway;;;;;;;;;;;;;;;;;;;;;;;;
way/34093988;;;;cycleway;;;;;;;;;;;;;;;;;;;;;;;;
way/36839863;;;;cycleway;;;;;;;yes;;;;;;;;;;;;;;;;;
way/36839887;;;;cycleway;;;;;;;;;;;;;;;;;;;;;;;;
way/36898020;;;;cycleway;;;;;;;;;;;;;;;;;;;;;;;;
way/37618918;;;;cycleway;;;;;;;;;;;;;;;;;;;;;;;;
way/37618929;;;;cycleway;;;;;;;;;;;;;;;;;;;;;;;;
way/38144430;;;yes;cycleway;;no;Avenue Henri Marès;;;;;;;;;;;;;;;;;;;;;
way/38252863;;;;cycleway;;;;;;;;;;;;;;;;;;;;;;;;
way/38253776;;;;cycleway;;;;;;;;;;;;;;;;;;;;;;;;
way/38292462;;;;cycleway;;;;;;;;;;;;;;;;;;;;;;;;
way/43617756;;;;cycleway;;;;;;;yes;;;;;;;;;;;;;;;;;
way/44033651;;;;cycleway;;;;;;;yes;;;;;;;;;;;;;;;;;
way/44033730;;;;cycleway;;;;;;;yes;;;;;;;;;;;;;;;;;
way/44491623;;;;cycleway;;;;;;;;;;;;;;;;;cadastre-dgi-fr source : Direction Générale des Impôts - Cadastre. Mise à jo;;;;;;;
way/44491624;;;;cycleway;;;;;;;;;;;;;;;;;cadastre-dgi-fr source : Direction Générale des Impôts - Cadastre. Mise à jo;;;;;;;
way/44491625;;;;cycleway;;;;;;;;;;;;;;;;;cadastre-dgi-fr source : Direction Générale des Impôts - Cadastre. Mise à jo;;;;;;;
way/44491626;;;;cycleway;;;;;;;;;;;;;;;;;cadastre-dgi-fr source : Direction Générale des Impôts - Cadastre. Mise à jo;;;;;;;
way/45694572;;;;cycleway;;;;;;;;;;;;;;;;;;;;;;;;
way/47246550;;;;cycleway;;;Piste Cyclable Bd de la Lironde;;;;;;;;;;;;;;;;;;;;;
way/48823391;;;;cycleway;1;;;;;;;;;;;;;;;;"cadastre-dgi-fr source : Direction Générale des Impôts - Cadastre ; mise à j";;;;;;;
way/48823448;;;;cycleway;;;Ligne 9;;;;;;;;;;;;;;"cadastre-dgi-fr source : Direction Générale des Impôts - Cadastre ; mise à j";;;;;;;
way/48823459;;;;cycleway;;;;;;;;;;;;;;;;;;;;;;;;
way/48916155;;;;cycleway;;;;;;;;;;;;;;;;;;;;;;;;
way/49591334;;;;cycleway;;;;;;;;;;;;;;;;;;;;;;;;
way/49795471;;;;cycleway;;;;;;;yes;;;;;;;;;;;;;;;;;
way/50214501;;;;cycleway;;;Rue de la Marquerose;;;;;;;;;;;;;;;;;;;;;
way/50214503;;;;cycleway;;;Rue de la Marquerose;;;;;;;;;;;;;;;;;;;;;
way/50848685;;;;cycleway;;;;;;;yes;;;;;;;;;;;;;;;;;
way/52265209;;;;cycleway;;;;;;;;;;;;;;;;;;;;;;;;
way/53573015;;;;cycleway;;;Avenue du XV de France;;;;;;;;;;;;;;;;;;;;;
way/57385266;;;;cycleway;;;;;;;;;;;;;;;;;;;;;;;;
way/57742690;;;;cycleway;;;;;;;;;;;;;;;;;;;;;;;;
way/57742696;;;;cycleway;;;;;;;yes;;;;;;;;;;;;;;;;;
way/57743170;;;;cycleway;;;;;;;yes;;;;;;;;;;;;;;;;;
way/57744146;;yes;;cycleway;1;;;;;;;;;;;;;;;;;;;;;;;
way/57744814;;;;cycleway;;;;;;;yes;;;;;;;;;;;;;;;;;
way/57753978;;;;cycleway;;;;;;;;;;;;;;;;;;;;;;;;
way/57767283;;;;cycleway;;;;;;;;;;;;;;;;;;;;;;;;
way/57767291;;;;cycleway;;;;;;;;;;;;;;;;;;;;;;;;
way/57944179;;;;cycleway;;;;;;;;;;;;;;;;;;;;;;;;
way/57945351;;;;cycleway;;;;;;track;;;;;;;;;;;;;;;;;;
way/57946137;;;;cycleway;;;;;;;;;;;;;;;;;;;;;;;;
way/58079934;;;;cycleway;;;;;;;yes;;;;;;;;;;"cadastre-dgi-fr source : Direction Générale des Impôts - Cadastre ; mise à j";;;;;;;
way/58079962;;;;cycleway;;;;;;;yes;yes;;;;;;;;;"cadastre-dgi-fr source : Direction Générale des Impôts - Cadastre ; mise à j";;;;;;;
way/59010052;;;;cycleway;;;;;;track;no;yes;;;;;;;;;;;;;;;;
way/60679433;;;;cycleway;-1;;;;;;;;;;;;;;;;;;;;;;;
way/60679459;;;;cycleway;;;Passage Charles Tillon;;;;;;;;;;;;;;;;;;;;;
way/60702949;;;;cycleway;;;;;;;;;;;;;;;;;;;;;;;;
way/60703310;;;;cycleway;;;;;;;;;;;;;;;;;;;;;;;;
way/60703701;;;;cycleway;;;;;;;;;;;;;;;;;;;;;;;;
way/60703759;;;;cycleway;;;;;;;yes;;;;;;;;;;;;;;;;;
way/60703959;;;;cycleway;;;;;;;yes;;;;;;;;;;;;;;;;;
way/60705187;;;;cycleway;;;;;;;;;;;;;;;;;;;;;;;;
way/60705713;;;;cycleway;;;;;;;;;;;;;;;;;;;;;;;;
way/60705714;;yes;;cycleway;1;;;;;;;;;;;;;;;;;;;;;;;
way/60705946;;;;cycleway;;;;;;;;;;;;;;;;;;;;;;;;
way/61190557;;;;cycleway;;;;;;;;;;;;;;;;;;;;;;;;
way/66311370;;;;cycleway;;;;;;;;;;;;;;;;;;;;;;;;
way/66828779;;;;cycleway;;;;;;track;no;yes;good;;;;;;;;;;;;;;;
way/73897211;;;;cycleway;;;;;;;;;;;;;;;;;;;;;;;;
way/77454728;;;;cycleway;;;;;;track;;;;;;;;;;;cadastre-dgi-fr source : Direction Générale des Impôts - Cadastre. Mise à jo;;;;;;;
way/77454743;;;;cycleway;;;;;;;;;;;;;;;;;cadastre-dgi-fr source : Direction Générale des Impôts - Cadastre. Mise à jo;;;;;;;
way/77475932;;;;cycleway;;;;;;track;no;yes;;;;;;;;;cadastre-dgi-fr source : Direction Générale des Impôts - Cadastre. Mise à jo;;;;;;;
way/77475935;;;;cycleway;;;;;;track;;;;;;;;;;;cadastre-dgi-fr source : Direction Générale des Impôts - Cadastre. Mise à jo;;;;;;;
way/80638337;;;;cycleway;;;;;;;yes;;;;;;;;;;cadastre-dgi-fr source : Direction Générale des Impôts - Cadastre. Mise à jo;;;;;;;
way/81106445;;;;cycleway;;;Piste Cyclable RD65;;;;;;;;;;;;;;;;;;;;;
way/81106525;;yes;;cycleway;1;;Piste Cyclable RD65;;;;;;;;;;;;;;;;;;;;;
way/81106526;yes;;;cycleway;;;Piste Cyclable RD65;;;segregated;;;;;;;;;;;;;;;;;;
way/81527325;;;;cycleway;;;;;;;;;;;;;;;;;cadastre-dgi-fr source : Direction Générale des Impôts - Cadastre. Mise à jo;;;;;;;
way/83279216;;;;cycleway;;;;;;;;;;;;;;;;;cadastre-dgi-fr source : Direction Générale des Impôts - Cadastre. Mise à jo;;;;;;;
way/83279217;;;;cycleway;;;;;;;yes;;;;;;;;;;cadastre-dgi-fr source : Direction Générale des Impôts - Cadastre. Mise à jo;;;;;;;
way/83337963;;;;cycleway;-1;;;;;;;;;;;;;;;;cadastre-dgi-fr source : Direction Générale des Impôts - Cadastre. Mise à jo;;;;;;;
way/83357202;yes;;;cycleway;;;;piste bidirectionnelle;;;;;;;;;;;;;cadastre-dgi-fr source : Direction Générale des Impôts - Cadastre. Mise à jo;;;;;;;
way/83407305;;;;cycleway;1;;;;;;;;;;;;;;;;cadastre-dgi-fr source : Direction Générale des Impôts - Cadastre. Mise à jo;;;;;;;
way/83424930;;;;cycleway;;;;;;;;;;;;;;;;;;;;;;;;
way/84175094;;;;cycleway;;;;;;;;;;;;;;;;;cadastre-dgi-fr source : Direction Générale des Impôts - Cadastre. Mise à jo;;;;;;;
way/84175113;;;;cycleway;-1;;;;;;;;;;;;;yes;;;cadastre-dgi-fr source : Direction Générale des Impôts - Cadastre. Mise à jo;;;;;;;
way/86143843;;;;cycleway;;;;;;;;;;;;;;;;;;;;;;;;
way/86340257;;;;cycleway;;;;;;;;;;;;;;;;;;;;;;;;
way/89034120;;;;cycleway;;;;;;;;;;;;;;;;;;;;;;;;
way/89819970;;;;cycleway;;;;;;;;;;;;;;;;;;;;;;;;
way/89935486;;;;cycleway;;;;;;;;;;;;;;;;;;;;;;;;
way/95212130;;;;cycleway;;;Piste Cyclable;;;;;;;;;;;;;;;;;;;;;
way/95810820;;;;cycleway;;;;;;track;;;;;;;;;;;;;;;;;;
way/95846992;;;;cycleway;;;;;;;;;;;;;;;;;;;;;;;;
way/95855237;;;;cycleway;;;Chemin de la Mort aux �?nes;;;;;;;;;;;;;;cadastre-dgi-fr source : Direction Générale des Impôts - Cadastre. Mise à jo;;;;;;;
way/95916469;;;;cycleway;;;;;;;;;;;;;;;;;"cadastre-dgi-fr source : Direction Générale des Impôts - Cadastre ; mise à j";;;;;;;
way/95916470;;;;cycleway;1;;;;;;;;;;;;;;;;"cadastre-dgi-fr source : Direction Générale des Impôts - Cadastre ; mise à j";;;;;;;
way/95916473;;;;cycleway;1;;;;;;;;;;;;;;;;"cadastre-dgi-fr source : Direction Générale des Impôts - Cadastre ; mise à j";;;;;;;
way/95931756;yes;;;cycleway;;;;;;;;yes;;;;;;;;;cadastre-dgi-fr source : Direction Générale des Impôts - Cadastre. Mise à jo;;;;;;;
way/95931757;;yes;;cycleway;1;;;;;;;;;;;;;;;;cadastre-dgi-fr source : Direction Générale des Impôts - Cadastre. Mise à jo;;;;;;;
way/96926330;;yes;;cycleway;1;;;;;;;;;;;;;;;;cadastre-dgi-fr source : Direction Générale des Impôts - Cadastre. Mise à jo;;;;;;;
way/96930239;;;;cycleway;;;;;;;yes;;;;;;;;;;;;;;;;;
way/97083200;;;;cycleway;;;;;;;;;;;;;;;;;cadastre-dgi-fr source : Direction Générale des Impôts - Cadastre. Mise à jo;;;;;;;
way/97123388;;aqueduct;;cycleway;;;;;;;;;;;;;;;;;cadastre-dgi-fr source : Direction Générale des Impôts - Cadastre. Mise à jo;;;;;;;
way/97123405;;;;cycleway;;;;;;;;;;;;;;;;;;;;;;;;
way/97238960;;;;cycleway;;;;;;;;;;;;;;;;;;;;;;;;
way/97668288;;;;cycleway;;;;;;;;;;;;;;;;;cadastre-dgi-fr source : Direction Générale des Impôts - Cadastre. Mise à jo;;;;;;;
way/97705868;;;;cycleway;;;;;;;;;;;;;;;;;cadastre-dgi-fr source : Direction Générale des Impôts - Cadastre. Mise à jo;;;;;;;
way/97705885;;;;cycleway;;;;;;;;;;;;;;;;;cadastre-dgi-fr source : Direction Générale des Impôts - Cadastre. Mise à jo;;;;;;;
way/97705907;;;;cycleway;;;;;;;;;;;;;;;;;cadastre-dgi-fr source : Direction Générale des Impôts - Cadastre. Mise à jo;;;;;;;
way/97705915;;;;cycleway;;;;;;;;;;;;;;;;;cadastre-dgi-fr source : Direction Générale des Impôts - Cadastre. Mise à jo;;;;;;;
way/97705917;;;;cycleway;;;;;;;;;;;;;;;;;cadastre-dgi-fr source : Direction Générale des Impôts - Cadastre. Mise à jo;;;;;;;
way/103689665;;;;cycleway;;;;;;;yes;;;;;;;;;;;;;;;;;
way/103689666;;;;cycleway;;;;;;;;;;;;;;;;;;;;;;;;
way/103689667;;;;cycleway;;;;;;;;;;;;;;;;;;;;;;;;
way/104299336;;;;cycleway;;;;;;;;;;;;;;;;;;;;;;;;
way/104299811;;;;cycleway;;;;;;;;;;;;;;;;;;;;;;;;
way/104299812;;;;cycleway;;;;;;;;;;;;;;;;;;;;;;;;
way/104299813;;;;cycleway;-1;;;;;;;;;;;;;yes;;;;;;;;;;
way/104394001;;;;cycleway;;;;;;;;;;;;;;;;;;;;;;;;
way/105575465;;;;cycleway;;;;;;;yes;;;;;;;;;;;;;;;;;
way/105575467;;;yes;cycleway;;;;;;;;;;;;;;;;;;;;;;;;
way/105576202;;;;cycleway;;;;;;;;;;;;;;;;;;;;;;;;
way/105576204;;;;cycleway;;;;;;;;;;;;;;;;;;;;;;;;
way/105576214;;;;cycleway;;;;;;;;;;;;;yes;;;;;;;;;;;
way/105576936;;;;cycleway;;;;;;;;;;;;;;;;;;;;;;;;
way/106286248;;;;cycleway;;;;;;;yes;;;;;;;;;;;;;;;;;
way/106287223;;;;cycleway;;;;;;;yes;;;;;;;;;;;;;;;;;
way/107296694;;;;cycleway;;;;;;;;;;;;;;;;;;;;;;;;
way/108367101;;;;cycleway;;;Piste Cyclable Rue Arthur Young;;;;no;no;;;;;;;;;;;;;;;;
way/110520811;;;;cycleway;;;;;;track;;;;;;;;;;;;;;;;;;
way/116615519;;;;cycleway;;;;;;;;;;;;;;;;;;;;;;;;
way/116811770;;;;cycleway;;;;;;;yes;;;;;;;;;;;;;;;;;
way/116812737;;;;cycleway;;;;;;;;;;;;;;;;;;;;;;;;
way/117395825;;;;cycleway;;;;;;;yes;;;;;;;;;;;;;;;;;
way/117395826;;;;cycleway;;;;;;;yes;;;;;;;;;;;;;;;;;
way/117982984;yes;;;cycleway;;no;Allée du Capitaine Dreyfus;voie-verte;unpaved;;;no;;;;;;;;;;;;;;;;
way/117982985;;;;cycleway;;no;Allée du Capitaine Dreyfus;voie-verte;paved;;;;;;;;;;;;;;;;;;;
way/118176511;;;;cycleway;;;;;;;;;;;;;;;;;;;;;;;;
way/119607710;yes;;yes;cycleway;;no;;;asphalt;segregated;;;good;;;;;;;;;;yes;yes;30;;;
way/119608603;yes;;;cycleway;;;;;unpaved;shared;;;;;;;;;;;;;;;;;;
way/120636906;;;;cycleway;;;;;;;;;;;;;;;;;;;;;;;;
way/120644066;;;;cycleway;;;;;;;;;;;;;;;;;;;;;;;;
way/120656674;;;;cycleway;;;;;;;;;;;;;;;;;;;;;;;;
way/120656681;;;yes;cycleway;;;;;;;yes;;;;;;;;;;;;;;;;;
way/120657097;;;;cycleway;;;Ligne 9;;;;;;;;;;;;;;"cadastre-dgi-fr source : Direction Générale des Impôts - Cadastre ; mise à j";;;;;;;
way/120679353;;;;cycleway;;;;;;;;;;;;;;;;;;;;;;;;
way/120679354;;;;cycleway;;;;;;;;;;;;;;;;;;;;;;;;
way/120813527;;;;cycleway;;;;;;;;;;;;;;;;;;;;;;;;
way/120813528;;;;cycleway;;;;;;;;;;;;;;;;;;;;;;;;
way/120819779;;;;cycleway;;;;;;;yes;;;;;;;;;;;;;;;;;
way/120823011;;;;cycleway;;;;;;;yes;;;;;;;;;;;;;;;;;
way/120826833;;;;cycleway;;;;;;;;;;;;;;;;;;;;;;;;
way/120829485;;;;cycleway;;;;;;;yes;;;;;;;;;;;;;;;;;
way/120829488;;;;cycleway;;;;;;;yes;;;;;;;;;;;;;;;;;
way/120829814;;;;cycleway;;;;;;;yes;;;;;;;;;;;;;;;;;
way/120835324;;;;cycleway;;;;;;;yes;;;;;;;;;;;;;;;;;
way/120838385;;;;cycleway;;;;voie-verte;;;;;;;;;;;;;;;;;;;;
way/120853853;;;;cycleway;;no;;voie-verte;paved;;;;;;;;;;;;;;;;;;;
way/121205450;;;;cycleway;;;;;;;;;;;;;;;;;;;;;;;;
way/121205451;;;;cycleway;;;;;;;;;;;;;;;;;;;;;;;;
way/121243793;;;;cycleway;;;Piste Cyclable Bd de la Lironde;;;;;;;;;;;;;;;;;;;;;
way/121243797;;;;cycleway;;;;;;;;;;;;;;;;;;;;;;;;
way/121243798;;;;cycleway;;;;;;;;;;;;;;;;;;;;;;;;
way/121243803;;;;cycleway;;;;;;;;;;;;;;;;;;;;;;;;
way/121243805;;;;cycleway;;;;;;;;;;;;;;;;;;;;;;;;
way/121246785;;;;cycleway;;;;;;;yes;;;;;;;;;;;;;;;;;
way/121251141;;;;cycleway;;;;;;;yes;;;;;;;;;;;;;;;;;
way/121251142;;;;cycleway;;;;;;;yes;;;;;;;;;;;;;;;;;
way/121251145;;;;cycleway;;;;;;;yes;;;;;;;;;;;;;;;;;
way/121252830;;;;cycleway;;;;;;;;;;;;;;;;;;;;;;;;
way/121252831;;;;cycleway;;;;;;;yes;;;;;;;;;;;;;;;;;
way/121252832;;;;cycleway;;;;;;;yes;;;;;;;;;;;;;;;;;
way/121252835;;;;cycleway;;;;;;;yes;;;;;;;;;;;;;;;;;
way/121253140;;;;cycleway;;;Allée Alegria Beracasa;voie-verte;paved;;;;;;;;;;;;;;;;;;;
way/121253142;;;;cycleway;;;Allée Alegria Beracasa;voie-verte;unpaved;;;;;;;;;;;;http://opendata.montpelliernumerique.fr/Point-adresse;;;;;;;
way/121255063;;;;cycleway;;;;;;;;;;;;;;;;;;;;;;;;
way/121255064;;;;cycleway;;;;;;;;;;;;;;;;;;;;;;;;
way/121255067;;;;cycleway;;;;;;;;;;;;;;;;;;;;;;;;
way/121255068;;;;cycleway;;;;;;track;yes;yes;;;;;;;;;;;;;;;;
way/121255069;;;yes;cycleway;;;;;;track;no;yes;;;;;;;;;;;;;;;;
way/121255070;;;;cycleway;;;;;;;;;;;;;;;;;cadastre-dgi-fr source : Direction Générale des Impôts - Cadastre. Mise à jo;;;;;;;
way/121257386;;;;cycleway;;;;;;;;;;;;;;;;;;;;;;;;
way/121403593;designated;;designated;cycleway;;;;;paved;;;;;;;;;;;;;;;;;;;
way/121403595;yes;;yes;cycleway;;;Quai de Cythère;;;;;;;;;;;;;;;;;;;;;
way/121635976;;;;cycleway;;;;;;;;;;;;;;yes;;;;;;;;;;
way/121635977;;;;cycleway;;;;;;;;;;;;;;;;;;;;;;;;
way/122316878;;;;cycleway;;;;;;;yes;;;;;;;;;;;;;;;;;
way/123698612;;;;cycleway;;;;;;;;;;;;;;;;;cadastre-dgi-fr source : Direction Générale des Impôts - Cadastre. Mise à jo;;;;;;;
way/124945368;;;;cycleway;;;;;;;yes;;;;;;;;;;;;;;;;;
way/124945369;;;;cycleway;;;;;;;;;;;;;;;;;;;;;;;;
way/126987659;;;;cycleway;;;;;;;;;;;;;;;;;;;;;;;;
way/128788368;;;;cycleway;;;;;;;;;;;;;;;;;;;;;;;;
way/129011507;;;;cycleway;;;;;;;;;;;;;;;;;;;;;;;;
way/129346949;;;;cycleway;;;;;;;;;;;;;;;;;;;;;;;;
way/129990471;;;;cycleway;;;;;;;;;;;;;;;;;;;;;;;;
way/129990473;;;;cycleway;-1;;;;;;;;;;;;;;;;;;;;;;;
way/129990474;;;;cycleway;;;;;;;;;;;;;;;;;;;;;;;;
way/130006479;;;;cycleway;;;;;;;yes;;;;;;;;;;;;;;;;;
way/130007349;;;;cycleway;;;;;;;;;;;;;;;;;;;;;;;;
way/130008024;;;;cycleway;;;;;;track;;;;;;;;;;;;;;;;;;
way/130009144;;;;cycleway;;;;;;;yes;;;;;;;;;;;;;;;;;
way/130010710;;;;cycleway;;;;;;track;no;no;good;;;;;;;;;;;;;;;
way/130012378;;;;cycleway;;;;;;;yes;;;;;;;;;;;;;;;;;
way/130018367;;;;cycleway;;;;;;;yes;;;;;;;;;;;;;;;;;
way/130022348;;;;cycleway;;;;;;;yes;;;;;;;;;;;;;;;;;
way/130036652;;;;cycleway;;;Rue Paul Rimbaud;;;;;;;;;;;;;;;;;;;;;
way/130036716;yes;;yes;cycleway;;no;;;asphalt;segregated;;;good;;;;;;;;;;yes;;30;;;
way/130038119;;;;cycleway;;;;;;;yes;;;;;;;;;;"cadastre-dgi-fr source : Direction Générale des Impôts - Cadastre ; mise à j";;;;;;;
way/130038175;;;;cycleway;;;;;;;;;;;;;;;;;;;;;;;;
way/130038184;;;;cycleway;;;;;;;yes;;;;;;;;;;;;;;;;;
way/130040828;;;;cycleway;;;;;;;;yes;;;;;;;;;;;;;;;;
way/130043436;;;;cycleway;;;;;;;yes;;;;;;;;;;;;;;;;;
way/130043446;;;;cycleway;;;;;;;yes;;;;;;;;;;;;;;;;;
way/131057368;;;;cycleway;;;;;;;;;;;;;;;;;;;;;;;;
way/131057369;;;;cycleway;;;;;;;;;;;;;;;;;;;;;;;;
way/131059711;;;;cycleway;;;;;;;;;;;;;;;;;cadastre-dgi-fr source : Direction Générale des Impôts - Cadastre. Mise à jo;;;;;;;
way/131061897;;;;cycleway;;;;;;;;;;;;;;;;;cadastre-dgi-fr source : Direction Générale des Impôts - Cadastre. Mise à jo;;;;;;;
way/132015509;;;;cycleway;;;;;;;;;;;;;;;;;;;;;;;;
way/132021892;;;;cycleway;-1;no;Allée du Capitaine Dreyfus;voie-verte;unpaved;;;;;;;;;;;;;;;;;;;
way/132021893;yes;;yes;cycleway;;no;Allée de la Méditerranée;voie-verte;unpaved;;;no;;;;;;;;;;;;;;;;
way/132070297;;;;cycleway;;;;;;;yes;;;;;;;;;;;;;;;;;
way/132071065;;;;cycleway;;;;;;;yes;;;;;;;;;;;;;;;;;
way/132079338;;;;cycleway;;;;;;;;;;;;;;;;;;;;;;;;
way/132079339;;;;cycleway;;;;;;;;;;;;;;;;;;;;;;;;
way/132740929;;;;cycleway;;;;;;;;;;;;;;;;;;;;;;;;
way/132845246;;;;cycleway;;;;;;;;;;;;;;;;;;;;;;;;
way/132931041;;;;cycleway;;;;;;;;;;;;;;;;;;;;;;;;
way/132931042;;;;cycleway;;;;;;;;;;;;;;;;;;;;;;;;
way/132932581;;;;cycleway;;;;;;;;;;;;;;;;;"cadastre-dgi-fr source : Direction Générale des Impôts - Cadastre ; mise à j";;;;;;;
way/132932582;;;;cycleway;;;Ligne 9;;;;;;;;;;;;;;"cadastre-dgi-fr source : Direction Générale des Impôts - Cadastre ; mise à j";;;;;;;
way/132932583;;;yes;cycleway;;;Ligne 9;;;;yes;;;;;;;;;;"cadastre-dgi-fr source : Direction Générale des Impôts - Cadastre ; mise à j";;;;;;;
way/132932915;;;;cycleway;;;;;;;yes;;;;;;;;;;;;;;;;;
way/132932917;;;yes;cycleway;;;;;;;yes;;;;;;;;;;;;;;;;;
way/133732029;designated;;;cycleway;;;;;;;;yes;;;;;;;;;;;;;;;;
way/133753948;;;;cycleway;;;;;;;yes;;;;;;;;;;;;;;;;;
way/133861702;;;;cycleway;;;;;;;yes;;;;;;;;;;;;;;;;;
way/133862322;;;;cycleway;;;;;;;yes;;;;;;;;;;;;;;;;;
way/133867047;;;;cycleway;;;;;;;yes;;;;;;;;;;;;;;;;;
way/133881743;;;;cycleway;;;;;;;yes;;;;;;;;;;;;;;;;;
way/134790368;;;;cycleway;;no;;voie-verte;paved;;;;;;;;;;;;;;;;;;;
way/134794492;;;;cycleway;;;;;;;;;;;;;;;;;;;;;;;;
way/134920405;;;;cycleway;;;;;;;yes;;;;;;;;;;;;;;;;;
way/134921088;;;;cycleway;;;;;;track;;;;;;;;;;;;;;;;;;
way/135001717;;;;cycleway;;;;;;;yes;;;;;;;;;;;;;;;;;
way/135001719;;;;cycleway;;;;;;;yes;;;;;;;;;;;;;;;;;
way/135001825;;;;cycleway;;;;;;;yes;;;;;;;;;;;;;;;;;
way/137053889;;;;cycleway;;;;;;;;;;;;;;;;;;;;;;;;
way/137055566;;;;cycleway;;;;;;;;;;;;;yes;;;;;;;;;;;
way/137055573;;;;cycleway;;;;;;;;;;;;;;;;;;;;;;;;
way/137058156;;;;cycleway;;;;;;;;;;;;;yes;;;;;;;;;;;
way/137058159;;;;cycleway;;;;;;;;;;;;;yes;;;;;;;;;;;
way/137058162;;;;cycleway;;;;;;;;;;;;;yes;;;;;;;;;;;
way/137058167;;;;cycleway;;;;;;;;;;;;;yes;;;;;;;;;;;
way/137070555;;;;cycleway;;;;;;;;;;;;;;;;;"cadastre-dgi-fr source : Direction Générale des Impôts - Cadastre ; mise à j";;;;;;;
way/137126263;yes;;;cycleway;;;Piste Cyclable RD65;;;;;;;;;;;;;;;;;;;;;
way/137126264;yes;;;cycleway;;;Piste Cyclable RD65;;;;;;;;;;;;;;;;;;;;;
way/137126266;yes;;;cycleway;;;Piste Cyclable RD65;;;;;;;;;;;yes;;;;;;;;;;
way/137164708;;;;cycleway;;;;;;;;;;;;;;;;;;;;;;;;
way/137164712;;;;cycleway;;no;;voie-verte;paved;;;no;;;;;;;;yes;;;;;;;;
way/137164713;;;yes;cycleway;;no;;voie-verte;paved;;;no;;;;;;;;yes;;;;;;;;
way/137164715;;;yes;cycleway;;no;;voie-verte;paved;;;no;;;;;;;;;;;;;;;;
way/137186901;;;;cycleway;;;;;;;;;;;;;;;;;;;;;;;;
way/137218044;yes;;yes;cycleway;;no;;;;;no;;;;;;;;;;;;;;;;;
way/137218409;;;;cycleway;;;;;;;;;;;;;;;;;;;;;;;;
way/137218760;;;;cycleway;;;;;;;;;;;;;;;;;;;;;;;;
way/137218761;;yes;;cycleway;1;;;;;;;;;;;;;;;;;;;;;;;
way/137218762;;;;cycleway;;;;;;;;;;;;;;;;;;;;;;;;
way/137218763;;;;cycleway;;;;;;;;;;;;;;;;;;;;;;;;
way/137218764;;yes;;cycleway;1;;;;;;;;;;;;;;;;;;;;;;;
way/137330741;;;;cycleway;;;;;;;;;;;;;;;;;;;;;;;;
way/137380531;;;;cycleway;;;Chemin du Clos de l'Armet;;;;;;;;;;;;;;;;destination;;;;;
way/137495303;;;yes;cycleway;;;;;;;;;;;;;;;;;;;;;;;;
way/137506757;;;;cycleway;;;;;;;;;;;;;;;;;;;;;;;;
way/140548130;;;;cycleway;;no;;voie-verte;paved;;;;;;;;;;;;;;;;;;;
way/142606612;;;;cycleway;;;;;;;yes;;;;;;;;;;;;;;;;;
way/142606613;;;;cycleway;;;;;;;yes;;;;;;;;;;;;;;;;;
way/142606618;;;yes;cycleway;;;;;;;yes;;;;;;;;;;;;;;;;;
way/142609427;;;;cycleway;;;;;;;yes;;;;;;;;;;;;;;;;;
way/142609429;;;;cycleway;;;;;;;yes;;;;;;;;;;;;;;;;;
way/143025839;;;;cycleway;;;;;;;;;;;;;yes;;;;;;;;;;;
way/143385030;;;;cycleway;;;;;;;yes;;;;;;;;;;cadastre-dgi-fr source : Direction Générale des Impôts - Cadastre. Mise à jo;;;;;;;
way/143616931;;;no;cycleway;;;;;;;yes;;;;;;;;;;cadastre-dgi-fr source : Direction Générale des Impôts - Cadastre. Mise à jo;;;;;;;
way/145145970;;;;cycleway;;;;;;;yes;;;;;;;;;;;;;;;;;
way/145183541;;;;cycleway;;;;;;;yes;;;;;;;;;;;;;;;;;
way/145183543;;;;cycleway;;;;;;;yes;;;;;;;;;;;;;;;;;
way/146211132;;;;cycleway;;;;;;;yes;;;;;;;;;;;;;;;;;
way/146211135;;;;cycleway;;;;;;;;;;;;;;;;;;;;;;;;
way/146211138;;yes;;cycleway;1;;;;;;yes;;;;;;;;;;;;;;;;;
way/146211985;;;;cycleway;;;;;;;;;;;;;;;;;;;;;;;;
way/147632169;;;;cycleway;;;;;;;;;;;;;;;;;;;;;;;;
way/147632175;;;;cycleway;;;;;;;;;;;;;;;;;;;;;;;;
way/148082329;;;;cycleway;;;;;;;yes;;;;;;;;;;;;;;;;;
way/148082330;;;;cycleway;;;;;;;yes;;;;;;;;;;;;;;;;;
way/148082331;;;;cycleway;;;;;;;yes;;;;;;;;;;;;;;;;;
way/148082332;;;;cycleway;;;;;;;yes;;;;;;;;;;;;;;;;;
way/148082333;;;;cycleway;;;;;;;yes;;;;;;;;;;;;;;;;;
way/148084761;;;;cycleway;;;;;;;;;;;;;;;;;;;;;;;;
way/148084767;;;;cycleway;;;;;;;yes;;;;;;;;;;;;;;;;;
way/148086338;;;;cycleway;;;;FIXME;;;yes;;;;;;;;;;;;;;;;;
way/148086340;;;;cycleway;;;;FIXME;;;yes;;;;;;;;;;;;;;;;;
way/150695774;;;;cycleway;;;;;;;yes;;;;;;;;;;;;;;;;;
way/150803183;;;;cycleway;;;;;;;;;;;;;;;;;;;;;;;;
way/155072134;;;;cycleway;;;;;;track;no;yes;;;;;;;;;;;;;;;;
way/155275947;;;yes;cycleway;;no;Méjean;voie-verte;paved;;;;;;;;;;;;;;;;;;;
way/155790487;;;;cycleway;;;;;;;;;;;;;;;;;;;;;;;;
way/155831324;;;;cycleway;;;;;;;;;;;;;;;;;cadastre-dgi-fr source : Direction Générale des Impôts - Cadastre. Mise à jo;;;;;;;
way/156089645;;;;cycleway;;;;;;;;;;;;;;;;;;;;;;;;
way/158543659;;yes;;cycleway;1;;Pont des Passes;;;;;;;;;;;;;;;;;;;;;
way/158543661;;;;cycleway;;;;;;;;;;;;;;;;;;;;;;;;
way/159804190;yes;;yes;cycleway;;no;;;paved;shared;;no;;;;;;;;;;;yes;;;;;
way/161031956;;;;cycleway;;;;;;;;;;;;;;;;;;;;;;;;
way/162937160;;;;cycleway;;;;;;;;;;;;;;;;;;;;;;;;
way/162937163;;;;cycleway;;;;;;;;;;;;;;;;;cadastre-dgi-fr source : Direction Générale des Impôts - Cadastre. Mise à jo;;;;;;;
way/162937166;;;;cycleway;;;;;;;;;;;;;;;;;;;;;;;;
way/162937168;;;;cycleway;;;;;;;;;;;;;;;;;;;;;;;;
way/162938350;;;;cycleway;;;;;;;;;;;;;;;;;"cadastre-dgi-fr source : Direction Générale des Impôts - Cadastre ; mise à j";;;;;;;
way/162938353;;;;cycleway;;;;;;;yes;;;;;;;;;;;;;;;;;
way/162938366;;;;cycleway;;;Ligne 9;;;;;;;;;;;;;;"cadastre-dgi-fr source : Direction Générale des Impôts - Cadastre ; mise à j";;;;;;;
way/162938367;;;;cycleway;;;;;;;;;;;;;;;;;;;;;;;;
way/162938368;;;no;cycleway;;;;;;;yes;;;;;;;;;;cadastre-dgi-fr source : Direction Générale des Impôts - Cadastre. Mise à jo;;;;;;;
way/162938371;;;;cycleway;1;;;;;;;;;;;;;;;;"cadastre-dgi-fr source : Direction Générale des Impôts - Cadastre ; mise à j";;;;;;;
way/162938381;;;no;cycleway;;;;;;;yes;;;;;;;;;;cadastre-dgi-fr source : Direction Générale des Impôts - Cadastre. Mise à jo;;;;;;;
way/162938382;;;;cycleway;;;;;;;;;;;;;;;;;;;;;;;;
way/163827233;;;;cycleway;;;Piste Cyclable Route de Mende;;;;no;yes;;;;;;;;;;;;;;;;
way/168188757;designated;;designated;cycleway;;;;;paved;;;;;;;;;;;;cadastre-dgi-fr source : Direction Générale des Impôts - Cadastre. Mise à jo;;;;;;;
way/168188758;designated;yes;designated;cycleway;1;;;;paved;;;;;;;;;;;;cadastre-dgi-fr source : Direction Générale des Impôts - Cadastre. Mise à jo;;;;;;;
way/173297158;;;;cycleway;;;;;;;;;;;;;;;;;cadastre-dgi-fr source : Direction Générale des Impôts - Cadastre. Mise à jo;;;;;;;
way/173297159;;yes;;cycleway;1;;;;;;;;;;;;;;;;cadastre-dgi-fr source : Direction Générale des Impôts - Cadastre. Mise à jo;;;;;;;
way/175773338;yes;;;cycleway;;;;;;;;;;;;;;;;;;;;;;;;
way/180153095;;;;cycleway;;;;;;;;;;;;;;;;;;;;;;;;
way/186120590;;;;cycleway;;;;;;;;;;;;;;;;;;;;;;;;
way/186160790;;;;cycleway;;;;;;;;;;;;;;;;;;;;;;;;
way/188609530;;;;cycleway;;;;;;;;yes;;;;;;;;;;;;;;yes;;
way/191055063;;;;cycleway;;;;;;;yes;;;;;;;;;;;;;;;;;
way/196972392;;;;cycleway;;;;;;;yes;yes;;;;;;;;;;;;;;;track;
way/198559112;;;;cycleway;;;;;;;yes;;;;;;;;;;;;;;;;;
way/199896908;;;;cycleway;;;;;;;;;;;;;;;;;;;;;;;;
way/206895088;;;;cycleway;;;;;;;;;;;;;;;;;;;;;;;;
way/206895090;yes;;yes;cycleway;;;Quai des Tanneurs;;;;;yes;;;;;;;;;;;;;;yes;;
way/209352123;;;;cycleway;;;;;;;;;;;;;;;;;;;;;;;;
way/210989154;;;;cycleway;;;;;;;;;;;;;;;;;;;;;;;;
way/210989155;;;;cycleway;;;;;;;;;;;;;;;;;;;;;;;;
way/210989156;yes;;;cycleway;;;;;;;;;;;;;;;;;;;;;;;;
way/210989157;;;;cycleway;;;;;;;;;;;;;;;;;;;;;;;;
way/212427000;;;;cycleway;;;;;;;;;;;;;;;;;;;;;;;;
way/212427001;yes;;;cycleway;;;;;;;;;;;;;;;;;;;;;;;;
way/212428018;yes;;;cycleway;;;;;;;;;;;;;;;;;;;;;;;;
way/223163669;;;;cycleway;;;;;;;;;;;;;;;;;;;;;;;;
way/224485564;yes;yes;;cycleway;1;;;;;;;;;;;;;;;;;;;;;;;
way/224485566;yes;;;cycleway;;;;;;;;;;;;;;;;;;;;;;;;
way/227072912;;yes;;cycleway;1;;;;;;;;;;;;;;;;;;;;;;;
way/227072922;;;;cycleway;;;;;;;;;;;;;;;;;;;;;;;;
way/228299104;yes;;;cycleway;;no;;;;;;;;;;;;;;;;;yes;;;;;
way/230091231;;;;cycleway;;;;;;;yes;;;;;;;;;;;;;;;;;
way/230100417;;;;cycleway;;;;;;;;;;;;;;;;;;;;;;;;
way/230100418;;;;cycleway;;;;;;;;;;;;;;;;;"cadastre-dgi-fr source : Direction Générale des Impôts - Cadastre ; mise à j";;;;;;;
way/230120723;;;;cycleway;;;;;;;yes;;;;;;;;;;;;;;;;;
way/230120724;;;;cycleway;;;;;;;yes;;;;;;;;;;;;;;;;;
way/230861830;;;yes;cycleway;;;;;;track;;;;;;;;;;;;;;;;;;
way/233865475;;;;cycleway;;;;;;;yes;;;;;;;;;;;;;;;;;
way/236857400;;;;cycleway;;;piste cyclable;voie-verte;;;;;;;;;;;;;;;;;;;;
way/236857401;;;;cycleway;;;Piste Cyclable Route de Mende;;;;no;yes;;;;;;;;;;;;;;;;
way/237145618;;;;cycleway;;no;;;;;;;;;;;;;;;;;;;;;;
way/237147407;;;;cycleway;;;;;;;;;;;;;;;;;;;;;;;;
way/239422362;;yes;;cycleway;1;;piste cyclable;voie-verte;;;;;;;;;;;;;;;;;;;;
way/240240001;;;;cycleway;;;Avenue �?mile Diacon;;;;;;;;;;;;;;;;;;;;;
way/241229496;;;;cycleway;;;;;;;yes;;;;;;;;;;;;;;;;;
way/241229497;;;;cycleway;;;;;;;yes;;;;;;;;;;;;;;;;;
way/241313206;;;;cycleway;;;;;;;;;;;;;;;;;;;;;;;;
way/241313207;;;;cycleway;;;;;;;;;;;;;;;;;;;;;;;;
way/241351843;;;;cycleway;;;;;;;;;;;;;;;;;cadastre-dgi-fr source : Direction Générale des Impôts - Cadastre. Mise à jo;;;;;;;
way/241351845;;;;cycleway;;;;;;;;;;;;;;;;;cadastre-dgi-fr source : Direction Générale des Impôts - Cadastre. Mise à jo;;;;;;;
way/243921465;;;;cycleway;;;;;;;;;;;;;;;;;;;;;;;;
way/244242126;;;;cycleway;;;;;;;;;;;;;;;;;;;;;;;;
way/244361513;;;;cycleway;;;;;;;;;;;;;;;;;;;;;;;;
way/246553663;;;;cycleway;;;;;;;;;;;;;;;;;;;;;;;;
way/247221733;;;;cycleway;;;;;;;;;;;;;;;;;;;;;;;;
way/249807275;;;;cycleway;1;;;piste cyclable nouvellement créée sur la rue de Malbosc;;;;;;;;;;;;;"cadastre-dgi-fr source : Direction Générale des Impôts - Cadastre ; mise à j";;;;;;;Rue de Malbosc
way/249807277;;;;cycleway;;;;;;;yes;;;;;;;;;;;;;;;;;
way/249807278;;;;cycleway;;;;;;;;;;;;;;;;;"cadastre-dgi-fr source : Direction Générale des Impôts - Cadastre ; mise à j";;;;;;;
way/249807280;;;;cycleway;;;;;;;;;;;;;;;;;;;;;;;;
way/249808247;;;;cycleway;;;;;;;;;;;;;;;;;;;;;;;;
way/249855239;;;;cycleway;;;;;;;yes;;;;;;;;;;;;;;;;;
way/249856379;;;;cycleway;;;;;;;;;;;;;;;;;;;;;;;;
way/249856380;;yes;;cycleway;;;;;;;;;;;;;;;;;;;;;;;;
way/249856383;;;;cycleway;;;;;;;yes;;;;;;;;;;;;;;;;;
way/249856388;;;;cycleway;;;;;;;;;;;;;;;;;;;;;;;;
way/249856390;;;;cycleway;;;;;;;yes;;;;;;;;;;;;;;;;;
way/249856397;;;;cycleway;;;;;;;yes;;;;;;;;;;;;;;;;;
way/249857350;;;;cycleway;;;;;;;yes;;;;;;;;;;;;;;;;;
way/249857354;;;;cycleway;;;;;;;;;;;;;;;;;;;;;;;;
way/249857358;;;;cycleway;;;;;;;;;;;;;;;;;;;;;;;;
way/249857359;yes;;;cycleway;;;;;;;yes;;;;;;;;;;;;;;;;;
way/249857361;;;;cycleway;;;;;;;;;;;;;;;;;;;;;;;;
way/249857364;;;;cycleway;;;;;;;yes;;;;;;;;;;;;;;;;;
way/249857366;;;;cycleway;;;;;;;;;;;;;;;;;;;;;;;;
way/249857763;;;;cycleway;;;;;;;;;;;;;yes;;;;;;;;;;;
way/249860708;;;;cycleway;;;;;;;;;;;;;;;;;;;;;;;;
way/249866952;;;;cycleway;;;;;;;;;;;;;;;;;;;;;;;;
way/249872823;;;;cycleway;;;;;;;yes;;;;;;;;;;;;;;;;;
way/249875348;;;;cycleway;;;;;;;yes;;;;;;;;;;;;;;;;;
way/249875351;;;;cycleway;;;;;;;yes;;;;;;;;;;;;;;;;;
way/249875699;;;;cycleway;;;;;;;yes;;;;;;;;;;;;;;;;;
way/249922244;;;;cycleway;;;;;;;yes;;;;;;;;;;;;;;;;;
way/249922245;;;;cycleway;;;;;;;yes;;;;;;;;;;;;;;;;;
way/249922246;;;;cycleway;;;;;;;;;;;;;;;;;;;;;;;;
way/249922247;;;;cycleway;;;;;;;yes;;;;;;;;;;;;;;;;;
way/249922248;;;;cycleway;;;;;;;;;;;;;;;;;;;;;;;;
way/249922249;;;;cycleway;;;;;;;yes;;;;;;;;;;;;;;;;;
way/249922250;;;;cycleway;;;;;;;yes;;;;;;;;;;;;;;;;;
way/249922254;;;;cycleway;;;;;;;yes;;;;;;;;;;;;;;;;;
way/249927805;;;;cycleway;;;;FIXME;;;yes;;;;;;;;;;;;;;;;;
way/249934324;;;;cycleway;;;;;;;yes;;;;;;;;;;;;;;;;;
way/249936261;;;;cycleway;;;;;;;yes;;;;;;;;;;;;;;;;;
way/249936263;;;;cycleway;;;;;;;;;;;;;;;;;;;;;;;;
way/249939680;;;;cycleway;;;;;;;yes;;;;;;;;;;;;;;;;;
way/250699209;;;;cycleway;;;;;;;yes;;;;;;;;;;;;;;;;;
way/250699210;;;;cycleway;;;;;;;yes;;;;;;;;;;;;;;;;;
way/250699211;;;;cycleway;;;;;;;;;;;;;;;;;;;;;;;;
way/250699212;;;;cycleway;;;;;;;yes;;;;;;;;;;;;;;;;;
way/250715213;;;;cycleway;;;;;;;;;;;;;;;;;cadastre-dgi-fr source : Direction Générale des Impôts - Cadastre. Mise à jo;;;;;;;
way/250856357;;;;cycleway;;;;;;;yes;;;;;;;;;;;;;;;;;
way/251302008;;;;cycleway;;;;;;;yes;;;;;;;;;;;;;;;;;
way/251302009;;;;cycleway;;;;;;;yes;;;;;;;;;;;;;;;;;
way/251318929;;;;cycleway;;;;;;;yes;;;;;;;;;;;;;;;;;
way/251371785;;;;cycleway;;;;;;;;;;;;;;;;;;;;;;;;
way/253075255;;;;cycleway;;;;;;;;;;;;;;;;;;;;;;;;
way/253075256;;;;cycleway;;;;;;;yes;;;;;;;;;;;;;;;;;
way/253757733;;;yes;cycleway;;no;;voie-verte;paved;;;no;;;;;;;;yes;;;;;;;;
way/253757735;;;yes;cycleway;;no;;voie-verte;paved;;;no;;;;;;;yes;yes;;;;;;;;
way/256016306;;;;cycleway;;;;;;;;;;;;;;;;;;;;;;;;
way/256803298;;;yes;cycleway;;;;;;;;;;;;;;;;;;;;;;;;
