@id,C,80;cycleway,C,80;highway,C,80;name,C,80;bicycle,C,80;oneway,C,80;segregated,C,80;foot,C,80;cyclabilit,C,80;created_by,C,80;motorcar,C,80;motorcycle,C,80;ref,C,80;source,C,80
way/8062838;track;tertiary;Rue Pitot;;;;;;;;;;
way/10154009;track;cycleway;;yes;yes;yes;;;;;;;
way/10154510;track;cycleway;;;yes;;;;;;;;
way/10154558;track;cycleway;;;yes;;;;;;;;
way/10274764;track;cycleway;;;yes;yes;yes;;;;;;
way/10429699;track;cycleway;Rue de la Draye;;no;yes;yes;;;;;;
way/10622746;track;cycleway;;;no;yes;yes;;;;;;
way/13470712;track;cycleway;;;yes;yes;;good;;;;;
way/13471062;track;cycleway;;;no;yes;;good;;;;;
way/13880751;track;cycleway;;;;;;;;;;;
way/13881176;track;cycleway;;;;;;;;;;;
way/17925271;track;cycleway;;;;;;;;;;;
way/22910057;track;residential;Chemin des Oliviers;yes;;;;;;;;;
way/22937125;track;cycleway;;;yes;;;;;;;;
way/22950229;track;secondary;Avenue de Lodève;;yes;;;;;;;;
way/23011743;track;cycleway;Rue Hippolyte Rech;;yes;;;;;;;;
way/23011751;track;cycleway;;;;;;;Potlatch 0.7b;;;;
way/24423216;track;cycleway;;;;;;;;;;;
way/24640239;track;cycleway;;yes;;;yes;;;no;yes;;
way/25824399;track;footway;Quai de Cythère;;;;;;;;;;
way/31430250;track;secondary;Avenue de Lodève;;yes;;;;;;;;
way/31450185;track;cycleway;;;;;;;;;;;
way/31450281;track;cycleway;;;;;;;;;;;
way/34094004;track;secondary;;;no;;;;;;;D 21;
way/57945351;track;cycleway;;;;;;;;;;;
way/59010052;track;cycleway;;;no;yes;;;;;;;
way/66828779;track;cycleway;;;no;yes;;good;;;;;
way/77454728;track;cycleway;;;;;;;;;;;cadastre-dgi-fr source : Direction Générale des Impôts - Cadastre. Mise à jo
way/77475932;track;cycleway;;;no;yes;;;;;;;cadastre-dgi-fr source : Direction Générale des Impôts - Cadastre. Mise à jo
way/77475935;track;cycleway;;;;;;;;;;;cadastre-dgi-fr source : Direction Générale des Impôts - Cadastre. Mise à jo
way/95810820;track;cycleway;;;;;;;;;;;
way/110520811;track;cycleway;;;;;;;;;;;
way/121255068;track;cycleway;;;yes;yes;;;;;;;
way/121255069;track;cycleway;;;no;yes;yes;;;;;;
way/130008024;track;cycleway;;;;;;;;;;;
way/130010710;track;cycleway;;;no;no;;good;;;;;
way/134921088;track;cycleway;;;;;;;;;;;
way/139877244;track;secondary;;;;;;;;;;;
way/155072134;track;cycleway;;;no;yes;;;;;;;
way/162938345;track;tertiary;Rue Pitot;;;;;;;;;;
way/162938356;track;tertiary;Rue Pitot;;;;;;;;;;
way/162938365;track;secondary;Avenue de Lodève;;yes;;;;;;;;
way/230861830;track;cycleway;;;;;yes;;;;;;
