@id,C,80;bicycle,C,80;cyclabilit,C,80;cycleway,C,80;highway,C,80;maxspeed,C,80;name,C,80;oneway,C,80;segregated,C,80;lanes,C,80;foot,C,80;sidewalk,C,80;surface,C,80;alt_name,C,80;note,C,80;psv,C,80;ref,C,80
way/9703201;yes;inadvisable;opposite;residential;30;Rue Moquin-Tandon;yes;no;;;;;;;;
way/10509501;;;opposite;tertiary;;;yes;;;;;;;;;
way/12954516;;good;opposite;residential;30;Rue de l'Abbé de l'�?pée;yes;;;;;;;;;
way/12954524;;good;opposite;residential;30;Rue Claude Debussy;yes;;;;;;;;;
way/12954529;;good;opposite;residential;30;Rue Paul Dukas;yes;;;;;;;;;
way/12954531;;good;opposite;residential;30;Rue Pouget;yes;;;;;;;;;
way/13790375;yes;acceptable;opposite;residential;30;Rue de la Garenne;yes;yes;;;;;;;;
way/13790426;designated;;opposite;residential;;Avenue du Professeur Grasset;yes;;1;;;;;;;
way/25768401;;;opposite;residential;;Rue Frimaire;yes;;;;;;;;;
way/25768418;;;opposite;residential;;Rue Fructidor;yes;;;;;;;;;
way/26285346;yes;;opposite;residential;;Rue Maurice et Katia Krafft;;;;yes;none;asphalt;;;;
way/26289869;;;opposite;residential;;Rue Messidor;yes;;;;;;;;;
way/27242389;;;opposite;living_street;20;Rue Draparnaud;yes;;;;;;Rue Jacques Draparnaud;;;
way/41928127;;;opposite;living_street;20;Rue Marioge;yes;;;;;;;;;
way/41999654;;;opposite;residential;;Rue du Faubourg de Nîmes;yes;;;;;;;;;
way/56437172;;;opposite;unclassified;;Chemin de Caylus;yes;;;;;;;recommande-velo;;
way/66441911;;;opposite;living_street;20;Rue Durand;yes;;;;;;;;;
way/104300810;;;opposite;service;;Chemin du Clos de l'Armet;yes;;;;;;;recommande-velo;;
way/118417274;;good;opposite;residential;30;Rue de l'Abbé de l'�?pée;yes;;;;;;;;;
way/118417278;;;opposite;residential;;Rue Marie Caizergues;yes;;;;;;;;;
way/132834393;;;opposite;tertiary;;Avenue de Lodève;yes;;;;;;;;opposite;N 109
