<?xml version="1.0"?>
<!--<!DOCTYPE metadata SYSTEM "http://www.esri.com/metadata/esriprof80.dtd">-->
<metadata xml:lang="fr"><Esri><CreaDate>20131119</CreaDate><CreaTime>11340100</CreaTime><SyncOnce>TRUE</SyncOnce><DataProperties><lineage><Process ToolSource="C:\Program Files\ArcGIS\ArcToolbox\Toolboxes\Data Management Tools.tbx\AddField" Date="20120323" Time="145023">AddField Parking_pt Libel TEXT # # # # NULLABLE NON_REQUIRED # Parking_pt</Process><Process ToolSource="C:\Program Files\ArcGIS\ArcToolbox\Toolboxes\Data Management Tools.tbx\AddField" Date="20120323" Time="145113">AddField Parking_pt Ligne TEXT # # # # NULLABLE NON_REQUIRED # Parking_pt</Process><Process ToolSource="C:\Program Files\ArcGIS\ArcToolbox\Toolboxes\Data Management Tools.tbx\AddField" Date="20120323" Time="145634">AddField Parking_pt Numero LONG # # # # NULLABLE NON_REQUIRED # Parking_pt</Process><Process ToolSource="C:\Program Files\ArcGIS\ArcToolbox\Toolboxes\Data Management Tools.tbx\AddField" Date="20120323" Time="151451">AddField Parking_pt Type TEXT # # # # NULLABLE NON_REQUIRED # Parking_pt</Process></lineage><itemProps><itemLocation><linkage Sync="TRUE">file://\\Ig-waldorf\Carto\Consultation_PlanVille\Plan_Ville_RGF1993.gdb</linkage><protocol Sync="TRUE">Local Area Network</protocol></itemLocation></itemProps></DataProperties><ArcGISFormat>1.0</ArcGISFormat></Esri></metadata>
