<?xml version="1.0"?>
<!--<!DOCTYPE metadata SYSTEM "http://www.esri.com/metadata/esriprof80.dtd">-->
<metadata xml:lang="fr"><Esri><CreaDate>20111212</CreaDate><CreaTime>11103200</CreaTime><SyncOnce>FALSE</SyncOnce><SyncDate>20130417</SyncDate><SyncTime>09464600</SyncTime><ModDate>20130417</ModDate><ModTime>09464600</ModTime><DataProperties><lineage><Process ToolSource="C:\Program Files\ArcGIS\ArcToolbox\Toolboxes\Data Management Tools.tbx\CopyFeatures" Date="20071003" Time="145743">CopyFeatures \\Ig-waldorf\Carto\BdEqpt\eqptmpt_2007\label \\Ig-waldorf\Carto\BdEqpt\eqptmpt_2007_label.shp # 0 0 0</Process><Process Name="AddField_1" ToolSource="C:\Program Files\ArcGIS\ArcToolbox\Toolboxes\Data Management Tools.tbx\AddField" Date="20080326" Time="100602">AddField \\Ig-waldorf\Carto\BdEqpt\eqpt_2008.shp Page_PR TEXT # # 2 # NON_NULLABLE NON_REQUIRED # \\Ig-waldorf\Carto\BdEqpt\eqpt_2008.shp</Process><Process Name="AddField_1" ToolSource="C:\Program Files\ArcGIS\ArcToolbox\Toolboxes\Data Management Tools.tbx\AddField" Date="20080626" Time="095219">AddField \\Ig-waldorf\Carto\BdEqpt\eqpt_2008.shp Astech TEXT # # 10 # NON_NULLABLE NON_REQUIRED # \\Ig-waldorf\Carto\BdEqpt\eqpt_2008.shp</Process><Process ToolSource="C:\Program Files\ArcGIS\ArcToolbox\Toolboxes\Data Management Tools.tbx\AddXY" Date="20110921" Time="113650">AddXY eqpt_2011_RGF93 eqpt_2011_RGF93</Process><Process ToolSource="c:\program files\arcgis\desktop10.0\ArcToolbox\Toolboxes\Conversion Tools.tbx\FeatureClassToFeatureClass" Date="20130114" Time="135313">FeatureClassToFeatureClass R:\BdEqpt\eqpt_2012_RGF93.shp D:\DONNEES\Nicolas\espaces_de_travail\Géodatabases_diverses\Plan_Ville_RGF1993.gdb eqpt_2013 # "AREA "AREA" true true false 13 Float 0 0 ,First,#,R:\BdEqpt\eqpt_2012_RGF93.shp,AREA,-1,-1;PERIMETER "PERIMETER" true true false 13 Float 0 0 ,First,#,R:\BdEqpt\eqpt_2012_RGF93.shp,PERIMETER,-1,-1;EQPTMPT_20 "EQPTMPT_20" true true false 9 Long 0 9 ,First,#,R:\BdEqpt\eqpt_2012_RGF93.shp,EQPTMPT_20,-1,-1;EQPTMPT_21 "EQPTMPT_21" true true false 9 Long 0 9 ,First,#,R:\BdEqpt\eqpt_2012_RGF93.shp,EQPTMPT_21,-1,-1;CDCOL "CDCOL" true true false 254 Text 0 0 ,First,#,R:\BdEqpt\eqpt_2012_RGF93.shp,CDCOL,-1,-1;LIBEL "LIBEL" true true false 254 Text 0 0 ,First,#,R:\BdEqpt\eqpt_2012_RGF93.shp,LIBEL,-1,-1;CDRUE "CDRUE" true true false 19 Double 0 0 ,First,#,R:\BdEqpt\eqpt_2012_RGF93.shp,CDRUE,-1,-1;NORUE "NORUE" true true false 19 Double 0 0 ,First,#,R:\BdEqpt\eqpt_2012_RGF93.shp,NORUE,-1,-1;BIS "BIS" true true false 254 Text 0 0 ,First,#,R:\BdEqpt\eqpt_2012_RGF93.shp,BIS,-1,-1;FAMILLE "FAMILLE" true true false 2 Text 0 0 ,First,#,R:\BdEqpt\eqpt_2012_RGF93.shp,FAMILLE,-1,-1;SFAMILLE "SFAMILLE" true true false 2 Text 0 0 ,First,#,R:\BdEqpt\eqpt_2012_RGF93.shp,SFAMILLE,-1,-1;LIBTRI "LIBTRI" true true false 64 Text 0 0 ,First,#,R:\BdEqpt\eqpt_2012_RGF93.shp,LIBTRI,-1,-1;COORD1_05 "COORD1_05" true true false 4 Text 0 0 ,First,#,R:\BdEqpt\eqpt_2012_RGF93.shp,COORD1_05,-1,-1;COORD2_05 "COORD2_05" true true false 4 Text 0 0 ,First,#,R:\BdEqpt\eqpt_2012_RGF93.shp,COORD2_05,-1,-1;PLAN_05 "PLAN_05" true true false 2 Text 0 0 ,First,#,R:\BdEqpt\eqpt_2012_RGF93.shp,PLAN_05,-1,-1;RUBRIQUE "RUBRIQUE" true true false 12 Text 0 0 ,First,#,R:\BdEqpt\eqpt_2012_RGF93.shp,RUBRIQUE,-1,-1;HISCLEPATR "HISCLEPATR" true true false 8 Text 0 0 ,First,#,R:\BdEqpt\eqpt_2012_RGF93.shp,HISCLEPATR,-1,-1;STATUT "STATUT" true true false 4 Text 0 0 ,First,#,R:\BdEqpt\eqpt_2012_RGF93.shp,STATUT,-1,-1;RUB_QU "RUB_QU" true true false 32 Text 0 0 ,First,#,R:\BdEqpt\eqpt_2012_RGF93.shp,RUB_QU,-1,-1;RUB_SQ "RUB_SQ" true true false 32 Text 0 0 ,First,#,R:\BdEqpt\eqpt_2012_RGF93.shp,RUB_SQ,-1,-1;RUB_CANT "RUB_CANT" true true false 32 Text 0 0 ,First,#,R:\BdEqpt\eqpt_2012_RGF93.shp,RUB_CANT,-1,-1;CODCOMM "CODCOMM" true true false 6 Text 0 0 ,First,#,R:\BdEqpt\eqpt_2012_RGF93.shp,CODCOMM,-1,-1;CDRUB "CDRUB" true true false 9 Long 0 9 ,First,#,R:\BdEqpt\eqpt_2012_RGF93.shp,CDRUB,-1,-1;TMPFID "TMPFID" true true false 9 Long 0 9 ,First,#,R:\BdEqpt\eqpt_2012_RGF93.shp,TMPFID,-1,-1;DELTA_CAT "DELTA_CAT" true true false 50 Text 0 0 ,First,#,R:\BdEqpt\eqpt_2012_RGF93.shp,DELTA_CAT,-1,-1;DELTA_SSCA "DELTA_SSCA" true true false 50 Text 0 0 ,First,#,R:\BdEqpt\eqpt_2012_RGF93.shp,DELTA_SSCA,-1,-1;POLYGONID "POLYGONID" true true false 9 Long 0 9 ,First,#,R:\BdEqpt\eqpt_2012_RGF93.shp,POLYGONID,-1,-1;SCALE "SCALE" true true false 13 Float 0 0 ,First,#,R:\BdEqpt\eqpt_2012_RGF93.shp,SCALE,-1,-1;ANGLE "ANGLE" true true false 13 Float 0 0 ,First,#,R:\BdEqpt\eqpt_2012_RGF93.shp,ANGLE,-1,-1;Page_PR "Page_PR" true true false 2 Text 0 0 ,First,#,R:\BdEqpt\eqpt_2012_RGF93.shp,Page_PR,-1,-1;Astech "Astech" true true false 10 Text 0 0 ,First,#,R:\BdEqpt\eqpt_2012_RGF93.shp,Astech,-1,-1;POINT_X "POINT_X" true true false 19 Double 0 0 ,First,#,R:\BdEqpt\eqpt_2012_RGF93.shp,POINT_X,-1,-1;POINT_Y "POINT_Y" true true false 19 Double 0 0 ,First,#,R:\BdEqpt\eqpt_2012_RGF93.shp,POINT_Y,-1,-1" #</Process><Process ToolSource="c:\program files\arcgis\desktop10.0\ArcToolbox\Toolboxes\Conversion Tools.tbx\FeatureClassToFeatureClass" Date="20130417" Time="094647">FeatureClassToFeatureClass D:\DONNEES\Nicolas\espaces_de_travail\Géodatabases_diverses\Plan_Ville_RGF1993.gdb\eqpt_2013 D:\DONNEES\Nicolas\espaces_de_travail\Géodatabases_diverses\OpenData eqpt_2013.shp # "AREA "AREA" true true false 4 Float 0 0 ,First,#,D:\DONNEES\Nicolas\espaces_de_travail\Géodatabases_diverses\Plan_Ville_RGF1993.gdb\eqpt_2013,AREA,-1,-1;PERIMETER "PERIMETER" true true false 4 Float 0 0 ,First,#,D:\DONNEES\Nicolas\espaces_de_travail\Géodatabases_diverses\Plan_Ville_RGF1993.gdb\eqpt_2013,PERIMETER,-1,-1;EQPTMPT_20 "EQPTMPT_20" true true false 4 Long 0 0 ,First,#,D:\DONNEES\Nicolas\espaces_de_travail\Géodatabases_diverses\Plan_Ville_RGF1993.gdb\eqpt_2013,EQPTMPT_20,-1,-1;EQPTMPT_21 "EQPTMPT_21" true true false 4 Long 0 0 ,First,#,D:\DONNEES\Nicolas\espaces_de_travail\Géodatabases_diverses\Plan_Ville_RGF1993.gdb\eqpt_2013,EQPTMPT_21,-1,-1;CDCOL "CDCOL" true true false 254 Text 0 0 ,First,#,D:\DONNEES\Nicolas\espaces_de_travail\Géodatabases_diverses\Plan_Ville_RGF1993.gdb\eqpt_2013,CDCOL,-1,-1;LIBEL "LIBEL" true true false 254 Text 0 0 ,First,#,D:\DONNEES\Nicolas\espaces_de_travail\Géodatabases_diverses\Plan_Ville_RGF1993.gdb\eqpt_2013,LIBEL,-1,-1;CDRUE "CDRUE" true true false 8 Double 0 0 ,First,#,D:\DONNEES\Nicolas\espaces_de_travail\Géodatabases_diverses\Plan_Ville_RGF1993.gdb\eqpt_2013,CDRUE,-1,-1;NORUE "NORUE" true true false 8 Double 0 0 ,First,#,D:\DONNEES\Nicolas\espaces_de_travail\Géodatabases_diverses\Plan_Ville_RGF1993.gdb\eqpt_2013,NORUE,-1,-1;BIS "BIS" true true false 254 Text 0 0 ,First,#,D:\DONNEES\Nicolas\espaces_de_travail\Géodatabases_diverses\Plan_Ville_RGF1993.gdb\eqpt_2013,BIS,-1,-1;FAMILLE "FAMILLE" true true false 2 Text 0 0 ,First,#,D:\DONNEES\Nicolas\espaces_de_travail\Géodatabases_diverses\Plan_Ville_RGF1993.gdb\eqpt_2013,FAMILLE,-1,-1;SFAMILLE "SFAMILLE" true true false 2 Text 0 0 ,First,#,D:\DONNEES\Nicolas\espaces_de_travail\Géodatabases_diverses\Plan_Ville_RGF1993.gdb\eqpt_2013,SFAMILLE,-1,-1;LIBTRI "LIBTRI" true true false 64 Text 0 0 ,First,#,D:\DONNEES\Nicolas\espaces_de_travail\Géodatabases_diverses\Plan_Ville_RGF1993.gdb\eqpt_2013,LIBTRI,-1,-1;COORD1_05 "COORD1_05" true true false 4 Text 0 0 ,First,#,D:\DONNEES\Nicolas\espaces_de_travail\Géodatabases_diverses\Plan_Ville_RGF1993.gdb\eqpt_2013,COORD1_05,-1,-1;COORD2_05 "COORD2_05" true true false 4 Text 0 0 ,First,#,D:\DONNEES\Nicolas\espaces_de_travail\Géodatabases_diverses\Plan_Ville_RGF1993.gdb\eqpt_2013,COORD2_05,-1,-1;PLAN_05 "PLAN_05" true true false 2 Text 0 0 ,First,#,D:\DONNEES\Nicolas\espaces_de_travail\Géodatabases_diverses\Plan_Ville_RGF1993.gdb\eqpt_2013,PLAN_05,-1,-1;RUBRIQUE "RUBRIQUE" true true false 12 Text 0 0 ,First,#,D:\DONNEES\Nicolas\espaces_de_travail\Géodatabases_diverses\Plan_Ville_RGF1993.gdb\eqpt_2013,RUBRIQUE,-1,-1;HISCLEPATR "HISCLEPATR" true true false 8 Text 0 0 ,First,#,D:\DONNEES\Nicolas\espaces_de_travail\Géodatabases_diverses\Plan_Ville_RGF1993.gdb\eqpt_2013,HISCLEPATR,-1,-1;STATUT "STATUT" true true false 4 Text 0 0 ,First,#,D:\DONNEES\Nicolas\espaces_de_travail\Géodatabases_diverses\Plan_Ville_RGF1993.gdb\eqpt_2013,STATUT,-1,-1;RUB_QU "RUB_QU" true true false 32 Text 0 0 ,First,#,D:\DONNEES\Nicolas\espaces_de_travail\Géodatabases_diverses\Plan_Ville_RGF1993.gdb\eqpt_2013,RUB_QU,-1,-1;RUB_SQ "RUB_SQ" true true false 32 Text 0 0 ,First,#,D:\DONNEES\Nicolas\espaces_de_travail\Géodatabases_diverses\Plan_Ville_RGF1993.gdb\eqpt_2013,RUB_SQ,-1,-1;RUB_CANT "RUB_CANT" true true false 32 Text 0 0 ,First,#,D:\DONNEES\Nicolas\espaces_de_travail\Géodatabases_diverses\Plan_Ville_RGF1993.gdb\eqpt_2013,RUB_CANT,-1,-1;CODCOMM "CODCOMM" true true false 6 Text 0 0 ,First,#,D:\DONNEES\Nicolas\espaces_de_travail\Géodatabases_diverses\Plan_Ville_RGF1993.gdb\eqpt_2013,CODCOMM,-1,-1;CDRUB "CDRUB" true true false 4 Long 0 0 ,First,#,D:\DONNEES\Nicolas\espaces_de_travail\Géodatabases_diverses\Plan_Ville_RGF1993.gdb\eqpt_2013,CDRUB,-1,-1;TMPFID "TMPFID" true true false 4 Long 0 0 ,First,#,D:\DONNEES\Nicolas\espaces_de_travail\Géodatabases_diverses\Plan_Ville_RGF1993.gdb\eqpt_2013,TMPFID,-1,-1;DELTA_CAT "DELTA_CAT" true true false 50 Text 0 0 ,First,#,D:\DONNEES\Nicolas\espaces_de_travail\Géodatabases_diverses\Plan_Ville_RGF1993.gdb\eqpt_2013,DELTA_CAT,-1,-1;DELTA_SSCA "DELTA_SSCA" true true false 50 Text 0 0 ,First,#,D:\DONNEES\Nicolas\espaces_de_travail\Géodatabases_diverses\Plan_Ville_RGF1993.gdb\eqpt_2013,DELTA_SSCA,-1,-1;POLYGONID "POLYGONID" true true false 4 Long 0 0 ,First,#,D:\DONNEES\Nicolas\espaces_de_travail\Géodatabases_diverses\Plan_Ville_RGF1993.gdb\eqpt_2013,POLYGONID,-1,-1;SCALE "SCALE" true true false 4 Float 0 0 ,First,#,D:\DONNEES\Nicolas\espaces_de_travail\Géodatabases_diverses\Plan_Ville_RGF1993.gdb\eqpt_2013,SCALE,-1,-1;ANGLE "ANGLE" true true false 4 Float 0 0 ,First,#,D:\DONNEES\Nicolas\espaces_de_travail\Géodatabases_diverses\Plan_Ville_RGF1993.gdb\eqpt_2013,ANGLE,-1,-1;Page_PR "Page_PR" true true false 2 Text 0 0 ,First,#,D:\DONNEES\Nicolas\espaces_de_travail\Géodatabases_diverses\Plan_Ville_RGF1993.gdb\eqpt_2013,Page_PR,-1,-1;Astech "Astech" true true false 10 Text 0 0 ,First,#,D:\DONNEES\Nicolas\espaces_de_travail\Géodatabases_diverses\Plan_Ville_RGF1993.gdb\eqpt_2013,Astech,-1,-1;POINT_X "POINT_X" true true false 8 Double 0 0 ,First,#,D:\DONNEES\Nicolas\espaces_de_travail\Géodatabases_diverses\Plan_Ville_RGF1993.gdb\eqpt_2013,POINT_X,-1,-1;POINT_Y "POINT_Y" true true false 8 Double 0 0 ,First,#,D:\DONNEES\Nicolas\espaces_de_travail\Géodatabases_diverses\Plan_Ville_RGF1993.gdb\eqpt_2013,POINT_Y,-1,-1" #</Process></lineage><itemProps><itemName Sync="TRUE">eqpt_2013</itemName><imsContentType Sync="TRUE">002</imsContentType><itemLocation><linkage Sync="TRUE">file://\\EMT-P032\D$\DONNEES\Nicolas\espaces_de_travail\Géodatabases_diverses\OpenData\eqpt_2013.shp</linkage><protocol Sync="TRUE">Local Area Network</protocol></itemLocation><itemSize Sync="TRUE">0.000</itemSize></itemProps><coordRef><type Sync="TRUE">Projected</type><geogcsn Sync="TRUE">GCS_RGF_1993</geogcsn><csUnits Sync="TRUE">Linear Unit: Meter (1.000000)</csUnits><projcsn Sync="TRUE">RGF93_Lambert_93</projcsn><peXml Sync="TRUE">&lt;ProjectedCoordinateSystem xsi:type='typens:ProjectedCoordinateSystem' xmlns:xsi='http://www.w3.org/2001/XMLSchema-instance' xmlns:xs='http://www.w3.org/2001/XMLSchema' xmlns:typens='http://www.esri.com/schemas/ArcGIS/10.0'&gt;&lt;WKT&gt;PROJCS[&amp;quot;RGF93_Lambert_93&amp;quot;,GEOGCS[&amp;quot;GCS_RGF_1993&amp;quot;,DATUM[&amp;quot;D_RGF_1993&amp;quot;,SPHEROID[&amp;quot;GRS_1980&amp;quot;,6378137.0,298.257222101]],PRIMEM[&amp;quot;Greenwich&amp;quot;,0.0],UNIT[&amp;quot;Degree&amp;quot;,0.0174532925199433]],PROJECTION[&amp;quot;Lambert_Conformal_Conic&amp;quot;],PARAMETER[&amp;quot;False_Easting&amp;quot;,700000.0],PARAMETER[&amp;quot;False_Northing&amp;quot;,6600000.0],PARAMETER[&amp;quot;Central_Meridian&amp;quot;,3.0],PARAMETER[&amp;quot;Standard_Parallel_1&amp;quot;,44.0],PARAMETER[&amp;quot;Standard_Parallel_2&amp;quot;,49.0],PARAMETER[&amp;quot;Latitude_Of_Origin&amp;quot;,46.5],UNIT[&amp;quot;Meter&amp;quot;,1.0]]&lt;/WKT&gt;&lt;XOrigin&gt;-35597500&lt;/XOrigin&gt;&lt;YOrigin&gt;-23641900&lt;/YOrigin&gt;&lt;XYScale&gt;124074650.52332792&lt;/XYScale&gt;&lt;ZOrigin&gt;-100000&lt;/ZOrigin&gt;&lt;ZScale&gt;10000&lt;/ZScale&gt;&lt;MOrigin&gt;-100000&lt;/MOrigin&gt;&lt;MScale&gt;10000&lt;/MScale&gt;&lt;XYTolerance&gt;0.001&lt;/XYTolerance&gt;&lt;ZTolerance&gt;0.001&lt;/ZTolerance&gt;&lt;MTolerance&gt;0.001&lt;/MTolerance&gt;&lt;HighPrecision&gt;true&lt;/HighPrecision&gt;&lt;/ProjectedCoordinateSystem&gt;</peXml></coordRef></DataProperties><MetaID>{8585326C-A487-4358-9DE7-49F3F201E198}</MetaID></Esri><idinfo><citation><citeinfo><onlink Sync="TRUE">\\Ig-waldorf\Carto\BdEqpt\eqpt_2011_RGF93Copier</onlink><origin>REQUIRED: The name of an organization or individual that developed the data set.</origin><pubdate>REQUIRED: The date when the data set is published or otherwise made available for release.</pubdate><title Sync="TRUE">eqptmpt_2007_label</title><ftname Sync="TRUE">eqptmpt_2007_label</ftname><geoform Sync="TRUE">vector digital data</geoform></citeinfo></citation><native Sync="TRUE">Microsoft Windows XP Version 5.1 (Build 2600) Service Pack 1; ESRI ArcCatalog 9.2.2.1350</native><descript><langdata Sync="TRUE">fr</langdata><abstract>REQUIRED: A brief narrative summary of the data set.</abstract><purpose>REQUIRED: A summary of the intentions with which the data set was developed.</purpose></descript><timeperd><current>REQUIRED: The basis on which the time period of content information is determined.</current><timeinfo><sngdate><caldate>REQUIRED: The year (and optionally month, or month and day) for which the data set corresponds to the ground.</caldate></sngdate></timeinfo></timeperd><status><progress>REQUIRED: The state of the data set.</progress><update>REQUIRED: The frequency with which changes and additions are made to the data set after the initial data set is completed.</update></status><spdom><bounding><westbc Sync="TRUE">REQUIRED: Western-most coordinate of the limit of coverage expressed in longitude.</westbc><eastbc Sync="TRUE">REQUIRED: Eastern-most coordinate of the limit of coverage expressed in longitude.</eastbc><northbc Sync="TRUE">REQUIRED: Northern-most coordinate of the limit of coverage expressed in latitude.</northbc><southbc Sync="TRUE">REQUIRED: Southern-most coordinate of the limit of coverage expressed in latitude.</southbc></bounding><lboundng><leftbc Sync="TRUE">718839.562500</leftbc><rightbc Sync="TRUE">729139.375000</rightbc><bottombc Sync="TRUE">142559.406250</bottombc><topbc Sync="TRUE">150991.015625</topbc></lboundng></spdom><keywords><theme><themekt>REQUIRED: Reference to a formally registered thesaurus or a similar authoritative source of theme keywords.</themekt><themekey>REQUIRED: Common-use word or phrase used to describe the subject of the data set.</themekey></theme></keywords><accconst>REQUIRED: Restrictions and legal prerequisites for accessing the data set.</accconst><useconst>REQUIRED: Restrictions and legal prerequisites for using the data set after access is granted.</useconst><natvform Sync="TRUE">Fichier de formes</natvform></idinfo><distInfo><distributor><distorTran><onLineSrc><linkage Sync="TRUE">file://\\Ig-waldorf\Carto\BdEqpt\eqpt_2011_RGF93Copier</linkage><protocol Sync="TRUE">Local Area Network</protocol><orDesc Sync="TRUE">002</orDesc></onLineSrc><transSize Sync="TRUE">0.000</transSize></distorTran><distorFormat><formatName Sync="TRUE">Fichier de formes</formatName></distorFormat></distributor><distFormat><formatName Sync="TRUE">Fichier de formes</formatName></distFormat><distTranOps><transSize Sync="TRUE">0.000</transSize></distTranOps></distInfo><dataqual><lineage><procstep><procdesc Sync="TRUE">Jeu de données copié.</procdesc><srcused Sync="TRUE">d:\donnees\nicolas\travaux_ponctuels\service_info\eqptmpt</srcused><date Sync="TRUE">20070427</date><time Sync="TRUE">16122500</time></procstep><procstep><procdesc Sync="TRUE">Jeu de données copié.</procdesc><srcused Sync="TRUE">\\ig-waldorf\carto\bdeqpt\eqptmpt</srcused><date Sync="TRUE">20070705</date><time Sync="TRUE">10214100</time></procstep><procstep><procdesc Sync="TRUE">Jeu de données copié.</procdesc><srcused Sync="TRUE">\\Ig-waldorf\Carto\BdEqpt\eqptmpt_2007_label</srcused><date Sync="TRUE">20080228</date><time Sync="TRUE">10352700</time></procstep><procstep><procdesc Sync="TRUE">Jeu de données déplacé.</procdesc><srcused Sync="TRUE">\\Ig-waldorf\Carto\BdEqpt\eqpt_2008</srcused><date Sync="TRUE">20090105</date><time Sync="TRUE">15033600</time></procstep><procstep><procdesc Sync="TRUE">Jeu de données copié.</procdesc><srcused Sync="TRUE">\\Ig-waldorf\Carto\BdEqpt\eqpt_2008\eqpt_2008</srcused><date Sync="TRUE">20090105</date><time Sync="TRUE">15094200</time></procstep><procstep><procdesc Sync="TRUE">Jeu de données copié.</procdesc><srcused Sync="TRUE">R:\BdEqpt\eqpt_2009</srcused><procdate Sync="TRUE">20100112</procdate><proctime Sync="TRUE">10000000</proctime></procstep><procstep><procdesc Sync="TRUE">Jeu de données copié.</procdesc><srcused Sync="TRUE">R:\BdEqpt\eqpt_2010</srcused><procdate Sync="TRUE">20100204</procdate><proctime Sync="TRUE">15443700</proctime></procstep><procstep><procdesc Sync="TRUE">Jeu de données copié.</procdesc><srcused Sync="TRUE">R:\Consultation_PlanVille\bdEqpt\eqpt_2010</srcused><procdate Sync="TRUE">20100205</procdate><proctime Sync="TRUE">15012000</proctime></procstep><procstep><procdesc Sync="TRUE">Jeu de données copié.</procdesc><srcused Sync="TRUE">R:\BdEqpt\eqpt_2010</srcused><procdate Sync="TRUE">20110201</procdate><proctime Sync="TRUE">09213100</proctime></procstep><procstep><procdesc Sync="TRUE">Jeu de données copié.</procdesc><srcused Sync="TRUE"></srcused><procdate Sync="TRUE">20110503</procdate><proctime Sync="TRUE">17020800</proctime></procstep><procstep><procdesc Sync="TRUE">Jeu de données copié.</procdesc><srcused Sync="TRUE">R:\BdEqpt\eqpt_2011_RGF93</srcused><procdate Sync="TRUE">20110921</procdate><proctime Sync="TRUE">09552600</proctime></procstep><procstep><procdesc Sync="TRUE">Jeu de données copié.</procdesc><srcused Sync="TRUE">D:\DONNEES\Nicolas\Travaux_ponctuels\Informatique\MTN\eqpt_2011_RGF93</srcused><procdate Sync="TRUE">20110921</procdate><proctime Sync="TRUE">11240400</proctime></procstep><procstep><procdesc Sync="TRUE">Jeu de données copié.</procdesc><srcused Sync="TRUE">R:\BdEqpt\eqpt_2011_RGF93</srcused><procdate Sync="TRUE">20111212</procdate><proctime Sync="TRUE">11103200</proctime></procstep></lineage></dataqual><dataIdInfo><envirDesc Sync="TRUE">Microsoft Windows XP Version 5.1 (Build 2600) Service Pack 3; ESRI ArcGIS 10.0.5.4400</envirDesc><dataLang><languageCode Sync="TRUE" value="fr"></languageCode><countryCode value="FR" Sync="TRUE"></countryCode></dataLang><idCitation><resTitle Sync="TRUE">eqpt_2013</resTitle><presForm><PresFormCd value="005" Sync="TRUE"></PresFormCd></presForm></idCitation><dataExt><geoEle><GeoBndBox esriExtentType="native"><westBL Sync="TRUE">718839.5625</westBL><eastBL Sync="TRUE">729139.375</eastBL><northBL Sync="TRUE">150991.015625</northBL><southBL Sync="TRUE">142559.40625</southBL><exTypeCode Sync="TRUE">1</exTypeCode></GeoBndBox></geoEle></dataExt><spatRpType><SpatRepTypCd value="001" Sync="TRUE"></SpatRepTypCd></spatRpType></dataIdInfo><metainfo><langmeta Sync="TRUE">fr</langmeta><metstdn Sync="TRUE">FGDC Content Standards for Digital Geospatial Metadata</metstdn><metstdv Sync="TRUE">FGDC-STD-001-1998</metstdv><mettc Sync="TRUE">local time</mettc><metc><cntinfo><cntorgp><cntper>REQUIRED: The person responsible for the metadata information.</cntper><cntorg>REQUIRED: The organization responsible for the metadata information.</cntorg></cntorgp><cntaddr><addrtype>REQUIRED: The mailing and/or physical address for the organization or individual.</addrtype><city>REQUIRED: The city of the address.</city><state>REQUIRED: The state or province of the address.</state><postal>REQUIRED: The ZIP or other postal code of the address.</postal></cntaddr><cntvoice>REQUIRED: The telephone number by which individuals can speak to the organization or individual.</cntvoice></cntinfo></metc><metd Sync="TRUE">20071003</metd></metainfo><mdLang><languageCode Sync="TRUE" value="fr"></languageCode><countryCode value="FR" Sync="TRUE"></countryCode></mdLang><mdStanName Sync="TRUE">ISO 19115 Informations géographiques - Métadonnées</mdStanName><mdStanVer Sync="TRUE"># 11108</mdStanVer><mdChar><CharSetCd Sync="TRUE" value="# 11111"></CharSetCd></mdChar><mdHrLv><ScopeCd Sync="TRUE" value="005"></ScopeCd></mdHrLv><mdHrLvName Sync="TRUE">dataset</mdHrLvName><distinfo><resdesc Sync="TRUE">Downloadable Data</resdesc><stdorder><digform><digtinfo><transize Sync="TRUE">0.000</transize><dssize Sync="TRUE">0.000</dssize></digtinfo></digform></stdorder></distinfo><spdoinfo><direct Sync="TRUE">Vector</direct><ptvctinf><esriterm><efeatyp Sync="TRUE">Simple</efeatyp><efeageom code="1" Sync="TRUE"></efeageom><esritopo Sync="TRUE">FALSE</esritopo><efeacnt Sync="TRUE">0</efeacnt><spindex Sync="TRUE">FALSE</spindex><linrefer Sync="TRUE">FALSE</linrefer></esriterm></ptvctinf></spdoinfo><spatRepInfo><VectSpatRep><geometObjs Name="eqpt_2013"><geoObjTyp><GeoObjTypCd value="004" Sync="TRUE"></GeoObjTypCd></geoObjTyp><geoObjCnt Sync="TRUE">0</geoObjCnt></geometObjs><topLvl><TopoLevCd value="001" Sync="TRUE"></TopoLevCd></topLvl></VectSpatRep></spatRepInfo><eainfo><detailed Name="eqpt_2013"><enttyp><enttypl Sync="TRUE">eqpt_2013</enttypl><enttypt Sync="TRUE">Feature Class</enttypt><enttypc Sync="TRUE">0</enttypc></enttyp><attr><attrlabl Sync="TRUE">FID</attrlabl><attalias Sync="TRUE">FID</attalias><attrtype Sync="TRUE">OID</attrtype><attwidth Sync="TRUE">4</attwidth><atprecis Sync="TRUE">0</atprecis><attscale Sync="TRUE">0</attscale><attrdef Sync="TRUE">Internal feature number.</attrdef><attrdefs Sync="TRUE">ESRI</attrdefs><attrdomv><udom Sync="TRUE">Sequential unique whole numbers that are automatically generated.</udom></attrdomv></attr><attr><attrlabl Sync="TRUE">CDRUB</attrlabl><attwidth Sync="TRUE">9</attwidth><atoutwid Sync="TRUE">10</atoutwid><attrtype Sync="TRUE">Integer</attrtype><attalias Sync="TRUE">CDRUB</attalias><atprecis Sync="TRUE">9</atprecis><attscale Sync="TRUE">0</attscale></attr><attr><attrlabl Sync="TRUE">TMPFID</attrlabl><attwidth Sync="TRUE">9</attwidth><atoutwid Sync="TRUE">10</atoutwid><attrtype Sync="TRUE">Integer</attrtype><attalias Sync="TRUE">TMPFID</attalias><atprecis Sync="TRUE">9</atprecis><attscale Sync="TRUE">0</attscale></attr><attr><attrlabl Sync="TRUE">Shape</attrlabl><attalias Sync="TRUE">Shape</attalias><attrtype Sync="TRUE">Geometry</attrtype><attwidth Sync="TRUE">0</attwidth><attrdef Sync="TRUE">Feature geometry.</attrdef><attrdefs Sync="TRUE">ESRI</attrdefs><attrdomv><udom Sync="TRUE">Coordinates defining the features.</udom></attrdomv><atprecis Sync="TRUE">0</atprecis><attscale Sync="TRUE">0</attscale></attr><attr><attrlabl Sync="TRUE">AREA</attrlabl><attwidth Sync="TRUE">13</attwidth><atoutwid Sync="TRUE">12</atoutwid><attrtype Sync="TRUE">Single</attrtype><attrdef Sync="TRUE">Area of feature in internal units squared.</attrdef><attrdefs Sync="TRUE">ESRI</attrdefs><attrdomv><udom Sync="TRUE">Positive real numbers that are automatically generated.</udom></attrdomv><attalias Sync="TRUE">AREA</attalias><atprecis Sync="TRUE">0</atprecis><attscale Sync="TRUE">0</attscale></attr><attr><attrlabl Sync="TRUE">PERIMETER</attrlabl><attwidth Sync="TRUE">13</attwidth><atoutwid Sync="TRUE">12</atoutwid><attrtype Sync="TRUE">Single</attrtype><attrdef Sync="TRUE">Perimeter of feature in internal units.</attrdef><attrdefs Sync="TRUE">ESRI</attrdefs><attrdomv><udom Sync="TRUE">Positive real numbers that are automatically generated.</udom></attrdomv><attalias Sync="TRUE">PERIMETER</attalias><atprecis Sync="TRUE">0</atprecis><attscale Sync="TRUE">0</attscale></attr><attr><attrlabl Sync="TRUE">CDCOL</attrlabl><attwidth Sync="TRUE">254</attwidth><atoutwid Sync="TRUE">254</atoutwid><attrtype Sync="TRUE">String</attrtype><attalias Sync="TRUE">CDCOL</attalias><atprecis Sync="TRUE">0</atprecis><attscale Sync="TRUE">0</attscale></attr><attr><attrlabl Sync="TRUE">LIBEL</attrlabl><attwidth Sync="TRUE">254</attwidth><atoutwid Sync="TRUE">254</atoutwid><attrtype Sync="TRUE">String</attrtype><attalias Sync="TRUE">LIBEL</attalias><atprecis Sync="TRUE">0</atprecis><attscale Sync="TRUE">0</attscale></attr><attr><attrlabl Sync="TRUE">CDRUE</attrlabl><attwidth Sync="TRUE">19</attwidth><atoutwid Sync="TRUE">16</atoutwid><attrtype Sync="TRUE">Double</attrtype><attalias Sync="TRUE">CDRUE</attalias><atprecis Sync="TRUE">0</atprecis><attscale Sync="TRUE">0</attscale></attr><attr><attrlabl Sync="TRUE">NORUE</attrlabl><attwidth Sync="TRUE">19</attwidth><atoutwid Sync="TRUE">16</atoutwid><attrtype Sync="TRUE">Double</attrtype><attalias Sync="TRUE">NORUE</attalias><atprecis Sync="TRUE">0</atprecis><attscale Sync="TRUE">0</attscale></attr><attr><attrlabl Sync="TRUE">BIS</attrlabl><attwidth Sync="TRUE">254</attwidth><atoutwid Sync="TRUE">254</atoutwid><attrtype Sync="TRUE">String</attrtype><attalias Sync="TRUE">BIS</attalias><atprecis Sync="TRUE">0</atprecis><attscale Sync="TRUE">0</attscale></attr><attr><attrlabl Sync="TRUE">FAMILLE</attrlabl><attwidth Sync="TRUE">2</attwidth><atoutwid Sync="TRUE">2</atoutwid><attrtype Sync="TRUE">String</attrtype><attalias Sync="TRUE">FAMILLE</attalias><atprecis Sync="TRUE">0</atprecis><attscale Sync="TRUE">0</attscale></attr><attr><attrlabl Sync="TRUE">SFAMILLE</attrlabl><attwidth Sync="TRUE">2</attwidth><atoutwid Sync="TRUE">2</atoutwid><attrtype Sync="TRUE">String</attrtype><attalias Sync="TRUE">SFAMILLE</attalias><atprecis Sync="TRUE">0</atprecis><attscale Sync="TRUE">0</attscale></attr><attr><attrlabl Sync="TRUE">LIBTRI</attrlabl><attwidth Sync="TRUE">64</attwidth><atoutwid Sync="TRUE">64</atoutwid><attrtype Sync="TRUE">String</attrtype><attalias Sync="TRUE">LIBTRI</attalias><atprecis Sync="TRUE">0</atprecis><attscale Sync="TRUE">0</attscale></attr><attr><attrlabl Sync="TRUE">COORD1_05</attrlabl><attwidth Sync="TRUE">4</attwidth><atoutwid Sync="TRUE">4</atoutwid><attrtype Sync="TRUE">String</attrtype><attalias Sync="TRUE">COORD1_05</attalias><atprecis Sync="TRUE">0</atprecis><attscale Sync="TRUE">0</attscale></attr><attr><attrlabl Sync="TRUE">COORD2_05</attrlabl><attwidth Sync="TRUE">4</attwidth><atoutwid Sync="TRUE">4</atoutwid><attrtype Sync="TRUE">String</attrtype><attalias Sync="TRUE">COORD2_05</attalias><atprecis Sync="TRUE">0</atprecis><attscale Sync="TRUE">0</attscale></attr><attr><attrlabl Sync="TRUE">PLAN_05</attrlabl><attwidth Sync="TRUE">2</attwidth><atoutwid Sync="TRUE">2</atoutwid><attrtype Sync="TRUE">String</attrtype><attalias Sync="TRUE">PLAN_05</attalias><atprecis Sync="TRUE">0</atprecis><attscale Sync="TRUE">0</attscale></attr><attr><attrlabl Sync="TRUE">RUBRIQUE</attrlabl><attwidth Sync="TRUE">12</attwidth><atoutwid Sync="TRUE">12</atoutwid><attrtype Sync="TRUE">String</attrtype><attalias Sync="TRUE">RUBRIQUE</attalias><atprecis Sync="TRUE">0</atprecis><attscale Sync="TRUE">0</attscale></attr><attr><attrlabl Sync="TRUE">HISCLEPATR</attrlabl><attwidth Sync="TRUE">8</attwidth><atoutwid Sync="TRUE">8</atoutwid><attrtype Sync="TRUE">String</attrtype><attalias Sync="TRUE">HISCLEPATR</attalias><atprecis Sync="TRUE">0</atprecis><attscale Sync="TRUE">0</attscale></attr><attr><attrlabl Sync="TRUE">STATUT</attrlabl><attwidth Sync="TRUE">4</attwidth><atoutwid Sync="TRUE">4</atoutwid><attrtype Sync="TRUE">String</attrtype><attalias Sync="TRUE">STATUT</attalias><atprecis Sync="TRUE">0</atprecis><attscale Sync="TRUE">0</attscale></attr><attr><attrlabl Sync="TRUE">RUB_QU</attrlabl><attwidth Sync="TRUE">32</attwidth><atoutwid Sync="TRUE">32</atoutwid><attrtype Sync="TRUE">String</attrtype><attalias Sync="TRUE">RUB_QU</attalias><atprecis Sync="TRUE">0</atprecis><attscale Sync="TRUE">0</attscale></attr><attr><attrlabl Sync="TRUE">RUB_SQ</attrlabl><attwidth Sync="TRUE">32</attwidth><atoutwid Sync="TRUE">32</atoutwid><attrtype Sync="TRUE">String</attrtype><attalias Sync="TRUE">RUB_SQ</attalias><atprecis Sync="TRUE">0</atprecis><attscale Sync="TRUE">0</attscale></attr><attr><attrlabl Sync="TRUE">RUB_CANT</attrlabl><attwidth Sync="TRUE">32</attwidth><atoutwid Sync="TRUE">32</atoutwid><attrtype Sync="TRUE">String</attrtype><attalias Sync="TRUE">RUB_CANT</attalias><atprecis Sync="TRUE">0</atprecis><attscale Sync="TRUE">0</attscale></attr><attr><attrlabl Sync="TRUE">CODCOMM</attrlabl><attwidth Sync="TRUE">6</attwidth><atoutwid Sync="TRUE">6</atoutwid><attrtype Sync="TRUE">String</attrtype><attalias Sync="TRUE">CODCOMM</attalias><atprecis Sync="TRUE">0</atprecis><attscale Sync="TRUE">0</attscale></attr><attr><attrlabl Sync="TRUE">DELTA_CAT</attrlabl><attwidth Sync="TRUE">50</attwidth><atoutwid Sync="TRUE">50</atoutwid><attrtype Sync="TRUE">String</attrtype><attalias Sync="TRUE">DELTA_CAT</attalias><atprecis Sync="TRUE">0</atprecis><attscale Sync="TRUE">0</attscale></attr><attr><attrlabl Sync="TRUE">EQPTMPT_20</attrlabl><attalias Sync="TRUE">EQPTMPT_20</attalias><attrtype Sync="TRUE">Integer</attrtype><attwidth Sync="TRUE">9</attwidth><atprecis Sync="TRUE">9</atprecis><attscale Sync="TRUE">0</attscale></attr><attr><attrlabl Sync="TRUE">EQPTMPT_21</attrlabl><attalias Sync="TRUE">EQPTMPT_21</attalias><attrtype Sync="TRUE">Integer</attrtype><attwidth Sync="TRUE">9</attwidth><atprecis Sync="TRUE">9</atprecis><attscale Sync="TRUE">0</attscale></attr><attr><attrlabl Sync="TRUE">DELTA_SSCA</attrlabl><attalias Sync="TRUE">DELTA_SSCA</attalias><attrtype Sync="TRUE">String</attrtype><attwidth Sync="TRUE">50</attwidth><atprecis Sync="TRUE">0</atprecis><attscale Sync="TRUE">0</attscale></attr><attr><attrlabl Sync="TRUE">POLYGONID</attrlabl><attalias Sync="TRUE">POLYGONID</attalias><attrtype Sync="TRUE">Integer</attrtype><attwidth Sync="TRUE">9</attwidth><atprecis Sync="TRUE">9</atprecis><attscale Sync="TRUE">0</attscale></attr><attr><attrlabl Sync="TRUE">SCALE</attrlabl><attalias Sync="TRUE">SCALE</attalias><attrtype Sync="TRUE">Single</attrtype><attwidth Sync="TRUE">13</attwidth><atprecis Sync="TRUE">0</atprecis><attscale Sync="TRUE">0</attscale></attr><attr><attrlabl Sync="TRUE">ANGLE</attrlabl><attalias Sync="TRUE">ANGLE</attalias><attrtype Sync="TRUE">Single</attrtype><attwidth Sync="TRUE">13</attwidth><atprecis Sync="TRUE">0</atprecis><attscale Sync="TRUE">0</attscale></attr><attr><attrlabl Sync="TRUE">Page_PR</attrlabl><attalias Sync="TRUE">Page_PR</attalias><attrtype Sync="TRUE">String</attrtype><attwidth Sync="TRUE">2</attwidth><atprecis Sync="TRUE">0</atprecis><attscale Sync="TRUE">0</attscale></attr><attr><attrlabl Sync="TRUE">Astech</attrlabl><attalias Sync="TRUE">Astech</attalias><attrtype Sync="TRUE">String</attrtype><attwidth Sync="TRUE">10</attwidth><atprecis Sync="TRUE">0</atprecis><attscale Sync="TRUE">0</attscale></attr><attr><attrlabl Sync="TRUE">POINT_X</attrlabl><attalias Sync="TRUE">POINT_X</attalias><attrtype Sync="TRUE">Double</attrtype><attwidth Sync="TRUE">19</attwidth><atprecis Sync="TRUE">0</atprecis><attscale Sync="TRUE">0</attscale></attr><attr><attrlabl Sync="TRUE">POINT_Y</attrlabl><attalias Sync="TRUE">POINT_Y</attalias><attrtype Sync="TRUE">Double</attrtype><attwidth Sync="TRUE">19</attwidth><atprecis Sync="TRUE">0</atprecis><attscale Sync="TRUE">0</attscale></attr></detailed></eainfo><mdDateSt Sync="TRUE">20130417</mdDateSt><refSysInfo><RefSystem><refSysID><identCode code="0" Sync="TRUE" value="0"></identCode></refSysID></RefSystem></refSysInfo></metadata>
