"AREA_,N,19,8","PERIMETER,N,19,8","PARCJARD_,N,10,0","PARCJARD_I,N,10,0","PARCJARD_P,N,19,8","PARCJARD_1,N,19,8","PARCJARD1,N,10,0","PARCJARD_2,N,10,0","PARCJARD_3,N,19,8","PARCJARD_4,N,19,8","PARCJARD1_,N,10,0","PARCJARD_5,N,10,0","DOSSIER,C,30","SURF,N,19,8","LIBEL,C,254","CLASS,C,254","SYMBOLE,N,10,0","AREA,N,19,11","LEN,N,19,11"
"82,82117356","48,87033192",69,69,"82,82117356","48,87033192",69,69,"82,82117356","48,87033192",676,681,,0,,EV,67,"82,88773","48,890419"
"87,60367929","33,22276944",70,70,"87,60367929","33,22276944",70,70,"87,60367929","33,22276944",675,680,,0,Esplanade Pierre Paraf,EV,67,"87,67495","33,236281"
"4975,96277831","469,8199165",71,71,"4975,96277831","469,8199165",71,71,"4975,96277831","469,8199165",674,679,,0,Mail Alain Bashung,EV,67,"4979,99299","470,012267"
"1674,74259802","167,32454048",72,72,"1674,74259802","167,32454048",72,72,"1674,74259802","167,32454048",673,678,,0,Square d'Arsonval,EV,67,"1676,10358","167,392348"
"5569,07251472","1177,84534102",73,73,"5569,07251473","1177,84534102",73,73,"5569,07251474","1177,84534102",672,677,,0,Berges du Rieucoulon,EV,67,"5573,6008","1178,322875"
"107,29758945","49,45835564",74,74,"107,29758945","49,45835564",74,74,"107,29758945","49,45835564",671,675,,0,Espace chiens Bagatelle,EV,67,"107,38572","49,478688"
"368,87598351","101,14679207",75,75,"368,87598351","101,14679207",75,75,"368,87598351","101,14679207",669,671,,0,Esplanade Pierre Paraf,EV,67,"369,17524","101,188381"
"2682,91194851","459,81435862",76,76,"2682,91194851","459,81435862",76,76,"2682,91194851","459,81435862",668,670,,0,Square Fabre de Morlhon,EV,67,"2685,0856","460,001292"
"2499,23062553","633,57712576",77,77,"2499,23062553","633,57712576",77,77,"2499,23062553","633,57712576",667,669,,0,Esplanade Pierre Paraf,EV,67,"2501,26237","633,837314"
"2690,33954743","184,04507123",78,78,"2690,33954742","184,04507123",78,78,"2690,33954742","184,04507123",666,668,,0,,EV,67,"2692,51903","184,119546"
"982,79548757","126,6231788",79,79,"982,79548757","126,6231788",79,79,"982,79548757","126,6231788",665,667,,0,Square bd Paul Valéry,EV,67,"983,58709","126,674241"
"1261,05815707","229,23880582",80,80,"1261,05815707","229,23880582",80,80,"1261,05815707","229,23880582",661,662,,0,,EV,67,"1262,0754","229,330647"
"13590,24087295","791,71426524",81,81,"13590,2408729","791,71426524",81,81,"13590,240874","791,71426525",659,660,,0,Transparence Lez-Lironde,EV,67,"13601,23131","792,030795"
"32,51718618","27,68772333",82,82,"32,51718618","27,68772333",82,82,"32,51718618","27,68772333",658,659,,0,,EV,67,"32,54371","27,69901"
"12492,60313344","489,12903055",83,83,"12492,6031334","489,12903055",83,83,"12492,6031334","489,12903055",657,658,,0,Jardin de la Pépinière,EV,67,"12502,70238","489,328035"
"75,51996185","30,84526798",84,84,"75,51996185","30,84526798",84,84,"75,51996185","30,84526798",656,656,,0,,EV,67,"75,58094","30,857718"
"16,05683012","20,71346782",85,85,"16,05683012","20,71346782",85,85,"16,05683012","20,71346782",654,653,,0,,EV,67,"16,06992","20,721854"
"11143,666367","505,38779024",65,65,"11143,666367","505,38779024",65,65,"11143,666367","505,38779024",680,686,,0,Parc de Bagatelle,EV,67,"11152,72369","505,592374"
"57,64446721","40,90065038",86,86,"57,64446721","40,90065038",86,86,"57,64446721","40,90065038",649,648,,0,Square Albert Camus,EV,67,"57,69095","40,917284"
"3869,02476532","270,75968001",88,88,"3869,02476532","270,75968001",88,88,"3869,02476532","270,75968001",643,642,,0,Square Albert Camus,EV,67,"3872,145","270,869701"
"148,76796887","49,48682414",89,89,"148,76796887","49,48682414",89,89,"148,76796887","49,48682414",642,641,,0,Square des Améthystes,EV,67,"148,88721","49,506733"
"332,48821956","72,93809346",91,91,"332,48821956","72,93809346",91,91,"332,48821956","72,93809346",638,636,,0,Square Albert Camus,EV,67,"332,75655","72,967522"
"8,84301605","45,3358968",92,92,"8,84301605","45,3358968",92,92,0,0,0,0,,0,,,0,"8,85107","45,353962"
"4174,4503037","369,41135263",93,93,"4174,45030369","369,41135263",93,93,"4174,45030369","369,41135263",636,634,,0,Square Albert Camus,EV,67,"4177,81734","369,560772"
"24075,12257307","827,51272834",94,94,"24075,1225731","827,51272834",94,94,"24075,1225731","827,51272834",635,633,,0,Parc Jacques Roseau,EV,67,"24094,59744","827,845609"
"8408,0834844","1089,74757894",95,95,"8408,08348441","1089,74757894",95,95,"8408,08348438","1089,74757894",634,632,,0,Berges du Lez-cyprès,EV,67,"8414,86033","1090,18075"
"1325,37474378","174,97285086",96,96,"1325,37474378","174,97285086",96,96,"1325,37474378","174,97285086",633,631,,0,Mail du Mas de Perrette,EV,67,"1326,44224","175,043211"
"1149,82565861","165,76577903",97,97,"1149,82565861","165,76577903",97,97,"1149,82565861","165,76577903",632,629,,0,Mail du Mas de Perrette,EV,67,"1150,75446","165,832287"
"238,83932431","67,69000479",98,98,"238,83932431","67,69000479",98,98,"238,83932431","67,69000479",630,627,,0,,EV,67,"239,03236","67,717018"
"8091,80271769","750,20528734",99,99,"8091,8027177","750,20528734",99,99,"8091,80271765","750,20528735",629,780,,0,Parc de Font Colombe,,0,"8098,34461","750,505302"
"21035,00330401","1281,74812786",100,100,"21035,003304","1281,74812786",100,100,"21035,003304","1281,74812786",628,625,,0,Berges du Lez-cyprès,EV,67,"21051,96525","1282,25907"
"189,83335975","78,61392054",101,101,"189,83335976","78,61392054",101,101,"189,83335976","78,61392054",627,624,,0,Mail du Mas de Perrette,EV,67,"189,98772","78,645593"
"664,21932176","105,92907324",102,102,"664,21932176","105,92907324",102,102,"664,21932176","105,92907324",626,623,,0,Parc du Mas Prunet,EV,67,"664,75556","105,97218"
"2288,20107792","250,68158021",103,103,"2288,20107792","250,68158021",103,103,"2288,20107792","250,68158021",625,622,,0,Allée Bonafos,EV,67,"2290,04761","250,783638"
"324,98308602","90,4039952",104,104,"324,98308602","90,4039952",104,104,"324,98308603","90,4039952",624,619,,0,Square Saint Berthomieu,EV,67,"325,24504","90,440858"
"1484,07555906","187,57220526",105,105,"1484,07555906","187,57220526",105,105,"1484,07555906","187,57220526",623,617,,0,Square Hildevert,EV,67,"1485,27116","187,647167"
"1411,97148646","204,82301701",106,106,"1411,97148646","204,82301701",106,106,"1411,97148646","204,82301701",622,615,,0,Mail du Mas de Perrette,EV,67,"1413,1132","204,904981"
"100,17090034","52,75573268",87,87,"100,17090034","52,75573268",87,87,"100,17090034","52,75573268",648,647,,0,,EV,67,"100,25271","52,777409"
"6448,29915498","492,07675599",90,90,"6448,29915499","492,07675599",90,90,"6448,29915499","492,07675599",641,639,,0,Parc Tastavin,EV,67,"6453,50883","492,276709"
"1595,74799864","207,29054517",107,107,"1595,74799864","207,29054517",107,107,"1595,74799864","207,29054517",621,614,,0,Mail du Mas de Perrette,EV,67,"1597,02779","207,373337"
"6851,64502544","363,39528432",109,109,"6851,64502544","363,39528432",109,109,"6851,64502545","363,39528432",619,612,,0,Parc du Mas Prunet,EV,67,"6857,17171","363,541081"
"1875,81793273","187,8201591",110,110,"1875,81793273","187,8201591",110,110,"1875,81793273","187,8201591",618,611,,0,Parc des Aiguerelles,EV,67,"1877,32349","187,895441"
"2542,74939686","249,17135939",112,112,"2542,74939687","249,17135939",112,112,"2542,74939686","249,17135939",616,609,,0,Square Couthon,EV,67,"2544,79555","249,271211"
"974,26627108","153,3460275",114,114,"974,26627108","153,3460275",114,114,"974,26627108","153,3460275",613,606,,0,Square de Diane,EV,67,"975,0483","153,407088"
"2575,85120356","316,23239271",2,2,"2575,85120356","316,23239271",2,2,"2575,85120356","316,23239271",748,754,,0,,EV,67,"2578,02864","316,366612"
"7122,83188085","299,4083316",3,3,"7122,83188085","299,4083316",3,3,"7122,83188085","299,4083316",747,753,,0,,EV,67,"7128,8466","299,534719"
"4878,9473601","516,1431159",4,4,"4878,9473601","516,1431159",4,4,"4878,9473601","516,1431159",746,752,,0,,EV,67,"4883,0619","516,360831"
"1288,95154731","127,4230395",5,5,"1288,95154731","127,4230395",5,5,"1288,95154731","127,4230395",743,749,,0,,EV,67,"1290,03456","127,47656"
"4883,18778695","264,45132931",6,6,"4883,18778695","264,45132931",6,6,"4883,18778695","264,45132931",742,748,,0,,EV,67,"4887,28696","264,561682"
"1204,67225684","185,46567826",7,7,"1204,67225684","185,46567826",7,7,"1204,67225684","185,46567826",741,747,,0,,EV,67,"1205,68434","185,54393"
"2720,02663353","277,1978434",8,8,"2720,02663353","277,1978434",8,8,"2720,02663353","277,1978434",740,746,,0,,EV,67,"2722,30859","277,315108"
"1509,51718482","265,43512621",9,9,"1509,51718482","265,43512621",9,9,"1509,51718483","265,43512621",739,745,,0,,EV,67,"1510,78427","265,545849"
"5030,90996415","251,72438002",10,10,"5030,90996415","251,72438002",10,10,"5030,90996415","251,72438002",738,744,,0,,EV,67,"5035,12908","251,829909"
"5164,90374944","255,00754652",11,11,"5164,90374944","255,00754652",11,11,"5164,90374944","255,00754652",737,743,,0,,EV,67,"5169,2349","255,114445"
"7470,70262732","1263,69144169",12,12,"7470,70262731","1263,69144169",12,12,"7470,7026273","1263,69144169",736,742,,0,,EV,67,"7476,97429","1264,218694"
"10956,48825744","496,50949857",13,13,"10956,4882574","496,50949857",13,13,"10956,4882574","496,50949857",735,741,,0,,EV,67,"10965,66132","496,716177"
"5029,05945675","251,63457467",14,14,"5029,05945675","251,63457467",14,14,"5029,05945675","251,63457467",734,740,,0,,EV,67,"5033,26105","251,739667"
"7072,45505835","383,04091381",15,15,"7072,45505835","383,04091381",15,15,"7072,45505835","383,04091381",733,739,,0,Parc du Mas de Nouguier,EV,67,"7078,3458","383,200318"
"3120,87299028","234,01844153",16,16,"3120,87299028","234,01844153",16,16,"3120,87299028","234,01844153",732,738,,0,Bassin de rétention Combemale,EV,67,"3123,46317","234,115596"
"1912,40354276","164,52926879",17,17,"1912,40354276","164,52926879",17,17,"1912,40354276","164,52926879",731,737,,0,,EV,67,"1913,98688","164,597595"
"4266,42599465","290,47561066",18,18,"4266,42599465","290,47561066",18,18,"4266,42599465","290,47561066",730,736,,0,Place de Tibériade,EV,67,"4269,96123","290,596471"
"29030,43420981","1125,72296115",19,19,"29030,4342098","1125,72296115",19,19,"29030,4342098","1125,72296115",729,735,,0,Parc du Mas de Nouguier,EV,67,"29054,55152","1126,186843"
"1372,68112478","338,12322534",20,20,"1372,68112478","338,12322534",20,20,"1372,68112478","338,12322534",728,734,,0,,EV,67,"1373,81689","338,264386"
"110928,10775555","2182,3284099",21,21,"110928,107756","2182,3284099",21,21,"110928,107756","2182,3284099",727,733,,0,Parc du Mas de Nouguier,EV,67,"111020,20829","2183,233834"
"5043,08690523","251,94610321",22,22,"5043,08690523","251,94610321",22,22,"5043,08690523","251,94610321",726,732,,0,,EV,67,"5047,25545","252,050209"
"658,48470402","129,54379216",23,23,"658,48470402","129,54379216",23,23,"658,48470402","129,54379216",725,731,,0,,EV,67,"659,02835","129,597836"
"2686,52391778","227,07468639",24,24,"2686,52391778","227,07468639",24,24,"2686,52391779","227,07468639",724,730,,0,Aire de jeux du Mas de Bagnère,EV,67,"2688,73717","227,168679"
"44029,7513896","1281,21621142",25,25,"44029,7513896","1281,21621142",25,25,"44029,7513896","1281,21621142",723,729,,0,Parc du Mas de Nouguier,EV,67,"44066,16911","1281,747351"
"2265,74461158","168,94024546",26,26,"2265,74461158","168,94024546",26,26,"2265,74461158","168,94024546",722,728,,0,,EV,67,"2267,60642","169,009642"
"31,53917035","20,2100808",27,27,"31,53917035","20,2100808",27,27,"31,53917035","20,2100808",721,727,,0,,EV,67,"31,56484","20,218294"
"3919,73276416","537,26289916",28,28,"3919,73276418","537,26289916",28,28,"3919,73276417","537,26289916",720,726,,0,,EV,67,"3922,94989","537,483353"
"10008,32577859","429,80649124",29,29,"10008,3257786","429,80649124",29,29,"10008,3257786","429,80649124",718,724,,0,Parc Croix d'Argent,EV,67,"10016,54798","429,981813"
"6052,42502803","289,09115588",30,30,"6052,42502803","289,09115588",30,30,"6052,42502803","289,09115588",717,723,,0,,EV,67,"6057,38835","289,209492"
"5148,55314714","254,6213859",31,31,"5148,55314713","254,6213859",31,31,"5148,55314714","254,6213859",716,722,,0,,EV,67,"5152,79026","254,726139"
"1710,24214895","238,06520857",32,32,"1710,24214895","238,06520857",32,32,"1710,24214895","238,06520857",715,721,,0,,EV,67,"1711,64577","238,162827"
"3052,63873082","348,70385638",33,33,"3052,63873082","348,70385638",33,33,"3052,63873082","348,70385638",714,720,,0,,EV,67,"3055,14099","348,847183"
"4881,31140592","298,72497653",34,34,"4881,31140592","298,72497653",34,34,"4881,31140592","298,72497653",713,719,,0,,EV,67,"4885,31291","298,846333"
"2749,96831461","193,2433633",35,35,"2749,96831461","193,2433633",35,35,"2749,96831461","193,2433633",712,718,,0,,EV,67,"2752,21518","193,322266"
"4111,86842048","496,71357418",36,36,"4111,86842049","496,71357418",36,36,"4111,86842049","496,71357418",711,717,,0,,EV,67,"4115,23427","496,917563"
"422,72002844","396,78657912",37,37,"422,72002844","396,78657912",37,37,"422,72002845","396,78657912",710,716,,0,,EV,67,"423,06564","396,94568"
"2095,62868198","279,73969539",38,38,"2095,62868199","279,73969539",38,38,"2095,62868198","279,73969539",709,715,,0,,EV,67,"2097,34518","279,85361"
"1088,55370658","492,11353176",39,39,"1088,55370659","492,11353176",39,39,"1088,55370659","492,11353176",708,714,,0,,EV,67,"1089,44818","492,31133"
"591,99219914","135,10141014",40,40,"591,99219914","135,10141014",40,40,"591,99219914","135,10141014",707,713,,0,,EV,67,"592,47757","135,15671"
"272,33496627","139,76410553",41,41,"272,33496627","139,76410553",41,41,"272,33496627","139,76410553",706,712,,0,,EV,67,"272,55881","139,822241"
"3915,84908004","222,07105831",42,42,"3915,84908004","222,07105831",42,42,"3915,84908004","222,07105831",705,711,,0,,EV,67,"3919,04949","222,161787"
"2056,41389106","250,19240079",43,43,"2056,41389106","250,19240079",43,43,"2056,41389106","250,19240079",704,710,,0,Square Docteur Fourcade,EV,67,"2058,09021","250,295279"
"79,84736614","39,40959591",45,45,"79,84736614","39,40959591",45,45,"79,84736614","39,40959591",702,708,,0,Square des Près d'Arènes,EV,67,"79,91187","39,425608"
"301,23976947","101,57721631",46,46,"301,23976947","101,57721631",46,46,"301,23976947","101,57721631",701,707,,0,,EV,67,"301,48628","101,618151"
"6682,04028851","289,98120519",47,47,"6682,04028851","289,98120519",47,47,"6682,04028851","289,98120519",700,706,,0,,EV,67,"6687,49922","290,099632"
"2160,846759","437,50007302",48,48,"2160,846759","437,50007302",48,48,"2160,846759","437,50007302",699,705,,0,,EV,67,"2162,61178","437,68024"
"14838,35931443","523,09454545",49,49,"14838,3593144","523,09454545",49,49,"14838,3593144","523,09454545",698,704,,0,Parc du Belvédère,EV,67,"14850,4912","523,308088"
"3328,26065257","429,55258314",50,50,"3328,26065256","429,55258314",50,50,"3328,26065256","429,55258314",697,703,,0,,EV,67,"3330,97963","429,728035"
"3484,51300488","265,64671981",51,51,"3484,51300488","265,64671981",51,51,"3484,51300488","265,64671981",696,702,,0,Parc des Sylvains,EV,67,"3487,36162","265,755881"
"5665,37460149","431,99660398",52,52,"5665,3746015","431,99660398",52,52,"5665,37460149","431,99660398",695,701,,0,Square des Près d'Arènes,EV,67,"5670,0016","432,173729"
"523,92630457","119,03282207",53,53,"523,92630457","119,03282207",53,53,"523,92630457","119,03282207",694,700,,0,Square du chai Molière,EV,67,"524,35473","119,081139"
"6873,38235146","354,79617604",54,54,"6873,38235146","354,79617604",54,54,"6873,38235146","354,79617604",693,699,,0,Square du Mas Drevon,EV,67,"6878,97691","354,939459"
"7550,74066255","308,2872384",55,55,"7550,74066255","308,2872384",55,55,"7550,74066255","308,2872384",692,698,,0,,EV,67,"7556,90169","308,412987"
"3888,03954609","256,23447383",56,56,"3888,03954609","256,23447383",56,56,"3888,03954609","256,23447383",691,697,,0,Parc Saint-Martin,EV,67,"3891,19687","256,33837"
"2322,92795188","244,40568032",57,57,"2322,92795188","244,40568032",57,57,"2322,92795188","244,40568032",690,696,,0,Square des hibiscus,EV,67,"2324,82832","244,5043"
"51,14574753","38,58640219",58,58,"51,14574753","38,58640219",58,58,"51,14574753","38,58640219",689,695,,0,Jardin Demain,EV,67,"51,18732","38,602281"
"542,32895104","101,08339607",59,59,"542,32895104","101,08339607",59,59,"542,32895104","101,08339607",688,694,,0,,EV,67,"542,76628","101,124493"
"242,06029236","70,28836718",60,60,"242,06029236","70,28836718",60,60,"242,06029236","70,28836718",687,693,,0,Parc de la Rauze,EV,67,"242,25488","70,316579"
"24679,68008477","1014,81444397",61,61,"24679,6800848","1014,81444397",61,61,"24679,6800848","1014,81444397",686,692,,0,Parc de la Rauze,EV,67,"24699,75899","1015,226228"
"1215,19741309","153,26241165",62,62,"1215,19741309","153,26241165",62,62,"1215,19741309","153,26241165",685,691,,0,Jardin Demain,EV,67,"1216,18668","153,325151"
"68,80201861","37,32959244",63,63,"68,80201862","37,32959244",63,63,"68,80201861","37,32959244",684,690,,0,Parc de la Rauze,EV,67,"68,85725","37,344539"
"723,33097163","130,55328561",64,64,"723,33097163","130,55328561",64,64,"723,33097163","130,55328561",683,689,,0,Square Ferdinand de Lesseps,EV,67,"723,9187","130,605715"
"1128,79933788","237,23280318",44,44,"1128,79933788","237,23280318",44,44,"1128,79933788","237,23280318",703,709,,0,,EV,67,"1129,72072","237,329574"
"821,85304296","123,56241328",66,66,"821,85304297","123,56241328",66,66,"821,85304296","123,56241328",679,685,,0,,EV,67,"822,52239","123,611998"
"311,94141224","88,63185334",67,67,"311,94141224","88,63185334",67,67,"311,94141224","88,63185334",678,683,,0,Esplanade Pierre Paraf,EV,67,"312,19266","88,668117"
"171,91829819","68,74103526",68,68,"171,91829819","68,74103526",68,68,"171,91829819","68,74103526",677,682,,0,,EV,67,"172,05839","68,768551"
"11490,84555539","587,49917539",220,220,"11490,8455554","587,49917539",220,220,"11490,8455554","587,49917539",493,486,,0,Parc de la Guirlande,EV,67,"11499,93412","587,732388"
"1316,1210699","178,51265472",224,224,"1316,1210699","178,51265472",224,224,"1316,1210699","178,51265472",489,482,,0,,EV,67,"1317,1584","178,582885"
"2834,89322051","331,31482439",227,227,"2834,89322051","331,31482439",227,227,"2834,89322051","331,31482439",486,479,,0,,EV,67,"2837,13813","331,445246"
"1179,17339215","121,87687243",228,228,"1179,17339215","121,87687243",228,228,"1179,17339215","121,87687243",485,478,,0,,EV,67,"1180,1029","121,924899"
"153,11621389","70,84382865",233,233,"153,11621389","70,84382865",233,233,"153,11621389","70,84382865",480,473,,0,,EV,67,"153,23657","70,871651"
"20217,17835513","697,46964734",234,234,"20217,1783551","697,46964734",234,234,"20217,1783551","697,46964734",479,472,,0,,EV,67,"20233,11423","697,74508"
"267,83818198","115,78001973",235,235,"267,83818198","115,78001973",235,235,"267,83818198","115,78001973",477,470,,0,,EV,67,"268,0498","115,825215"
"3598,73786196","235,97598616",236,236,"3598,73786196","235,97598616",236,236,"3598,73786196","235,97598616",476,469,,0,,EV,67,"3601,58382","236,0699"
"197,81354691","76,53093551",237,237,"197,81354691","76,53093551",237,237,"197,81354691","76,53093551",475,468,,0,Place de Thessalie,EV,67,"197,96998","76,56128"
"196,21498901","77,18071819",238,238,"196,21498901","77,18071819",238,238,"196,21498901","77,18071819",474,467,,0,Place de Thessalie,EV,67,"196,36979","77,211118"
"621,85889855","153,16115501",239,239,"621,85889855","153,16115501",239,239,"621,85889855","153,16115501",473,466,,0,,EV,67,"622,34907","153,221478"
"399,741478","130,20993305",240,240,"399,741478","130,20993305",240,240,"399,741478","130,20993305",472,465,,0,,EV,67,"400,05189","130,260549"
"15512,19481776","937,48515132",241,241,"15512,1948178","937,48515132",241,241,"15512,1948178","937,48515132",471,464,,0,Jardins de la Lironde,EV,67,"15524,43119","937,855026"
"102,18261916","72,1975847",242,242,"102,18261916","72,1975847",242,242,"102,18261916","72,1975847",470,463,,0,,EV,67,"102,26395","72,226065"
"5747,15846582","326,96303963",243,243,"5747,15846582","326,96303963",243,243,"5747,15846582","326,96303963",469,462,,0,Place du Millénaire,EV,67,"5751,68862","327,091534"
"1373,38865314","292,37116705",244,244,"1373,38865314","292,37116705",244,244,"1373,38865314","292,37116705",468,461,,0,,EV,67,"1374,47221","292,487555"
"983,67815659","169,25583628",245,245,"983,67815659","169,25583628",245,245,"983,67815659","169,25583628",466,459,,0,,EV,67,"984,455","169,323027"
"7889,07029238","801,24328756",246,246,"7889,07029238","801,24328756",246,246,"7889,07029238","801,24328756",465,458,,0,,EV,67,"7895,29115","801,558673"
"2435,83176602","254,02161995",247,247,"2435,83176602","254,02161995",247,247,"2435,83176603","254,02161995",464,457,,0,,EV,67,"2437,74702","254,120937"
"589,7319447","178,48516595",249,249,"589,7319447","178,48516595",249,249,"589,7319447","178,48516595",462,455,,0,,EV,67,"590,19458","178,554864"
"998,99339676","112,26084179",250,250,"998,99339676","112,26084179",250,250,"998,99339676","112,26084179",461,454,,0,,EV,67,"999,77881","112,304962"
"279,16497071","117,71807918",252,252,"279,16497071","117,71807918",252,252,"279,16497071","117,71807918",459,452,,0,,EV,67,"279,38755","117,764299"
"374,89911946","87,21972309",254,254,"374,89911946","87,21972309",254,254,"374,89911946","87,21972309",457,450,,0,Place de Sparte,EV,67,"375,19231","87,253776"
"619,80304074","99,30247075",248,248,"619,80304074","99,30247075",248,248,"619,80304074","99,30247075",463,456,,0,Place de Thessalie,EV,67,"620,29089","99,341389"
"168,17219563","66,36567457",251,251,"168,17219563","66,36567457",251,251,"168,17219563","66,36567457",460,453,,0,,EV,67,"168,30567","66,392003"
"1427,6765538","142,62408709",253,253,"1427,6765538","142,62408709",253,253,"1427,6765538","142,62408709",458,451,,0,,EV,67,"1428,80517","142,68041"
"270,49063148","70,80897894",255,255,"270,49063148","70,80897894",255,255,"270,49063148","70,80897894",456,449,,0,Place de Sparte,EV,67,"270,70257","70,836707"
"21,9669751","31,84705452",256,256,"21,9669751","31,84705452",256,256,"21,9669751","31,84705452",455,448,,0,,EV,67,"21,9846","31,859526"
"1304,1910761","135,89891668",257,257,"1304,1910761","135,89891668",257,257,"1304,1910761","135,89891668",454,447,,0,,EV,67,"1305,22019","135,952841"
"14414,61641899","628,30855631",258,258,"14414,616419","628,30855631",258,258,"14414,616419","628,30855631",452,445,,0,,EV,67,"14425,94869","628,555518"
"5417,4584259","281,84742167",259,259,"5417,4584259","281,84742167",259,259,"5417,4584259","281,84742167",451,444,,0,Esplanade de l'Europe,EV,67,"5421,7276","281,958739"
"152,75759752","62,92697218",260,260,"152,75759752","62,92697218",260,260,"152,75759752","62,92697218",450,443,,0,Place de Sparte,EV,67,"152,87831","62,951757"
"15,80878464","19,37045637",261,261,"15,80878464","19,37045637",261,261,"15,80878464","19,37045637",449,442,,0,Place de Sparte,EV,67,"15,82124","19,378042"
"28,51389484","38,48910657",262,262,"28,51389484","38,48910657",262,262,"28,51389484","38,48910657",448,441,,0,,EV,67,"28,53665","38,503974"
"16,43881498","19,76975025",263,263,"16,43881498","19,76975025",263,263,"16,43881498","19,76975025",447,440,,0,Place de Sparte,EV,67,"16,45175","19,777645"
"18827,90780433","1751,54860467",264,264,"18827,9078043","1751,54860467",264,264,"18827,9078043","1751,54860467",444,437,,0,,EV,67,"18842,74152","1752,235038"
"83,17222654","38,43698861",265,265,"83,17222654","38,43698861",265,265,"83,17222654","38,43698861",443,436,,0,Place de Sparte,EV,67,"83,23707","38,452112"
"41,9154338","23,57989358",266,266,"41,9154338","23,57989358",266,266,"41,9154338","23,57989358",442,435,,0,Square Saint Roch,EV,67,"41,94789","23,589018"
"618,89649662","152,82705143",267,267,"618,89649662","152,82705143",267,267,"618,89649662","152,82705143",441,434,,0,,EV,67,"619,38405","152,886589"
"92,65327207","64,08464734",268,268,"92,65327207","64,08464734",268,268,"92,65327207","64,08464734",439,432,,0,Place de Sparte,EV,67,"92,72718","64,10989"
"5759,44974244","353,06684521",269,269,"5759,44974245","353,06684521",269,269,"5759,44974245","353,06684521",436,429,,0,,EV,67,"5763,99123","353,205118"
"1515,6099076","320,51438199",270,270,"1515,6099076","320,51438199",270,270,"1515,6099076","320,51438199",435,428,,0,,EV,67,"1516,80314","320,640492"
"626,98293329","140,40357797",271,271,"626,98293329","140,40357797",271,271,"626,98293335","140,40357797",434,427,,0,,EV,67,"627,47547","140,45893"
"149,943362","72,84158303",272,272,"149,943362","72,84158303",272,272,"149,943362","72,84158303",432,425,,0,,EV,67,"150,0616","72,869964"
"232,09192552","133,31874946",273,273,"232,09192552","133,31874946",273,273,"232,09192553","133,31874946",431,424,,0,,EV,67,"232,27432","133,371204"
"9646,71993533","520,66975741",274,274,"9646,71993532","520,66975741",274,274,"9646,71993533","520,66975741",429,422,,0,,EV,67,"9654,31886","520,876868"
"18,21357114","19,85651224",275,275,"18,21357114","19,85651224",275,275,"18,21357114","19,85651224",428,421,,0,,EV,67,"18,22751","19,864192"
"495,35450173","137,39594239",277,277,"495,35450173","137,39594239",277,277,"495,35450173","137,39594239",425,418,,0,,EV,67,"495,744","137,44945"
"2710,71823728","272,10532678",278,278,"2710,71823728","272,10532678",278,278,"2710,71823728","272,10532678",424,417,,0,,EV,67,"2712,85038","272,211754"
"534,77376328","95,72606674",280,280,"534,77376328","95,72606674",280,280,"534,77376328","95,72606674",421,414,,0,,EV,67,"535,19726","95,764103"
"884,49858362","156,72694575",281,281,"884,49858363","156,72694575",281,281,"884,49858362","156,72694575",420,413,,0,,EV,67,"885,19554","156,788594"
"476,49839191","88,35071378",282,282,"476,49839191","88,35071378",282,282,"476,49839191","88,35071378",416,409,,0,,EV,67,"476,87404","88,385614"
"437,6846451","97,99318622",283,283,"437,6846451","97,99318623",283,283,"437,6846451","97,99318623",414,407,,0,,EV,67,"438,02961","98,031917"
"549,64806635","118,06635227",284,284,"549,64806636","118,06635227",284,284,"549,64806636","118,06635227",412,405,,0,,EV,67,"550,07844","118,112677"
"298,7967604","80,98259157",285,285,"298,7967604","80,98259157",285,285,"298,7967604","80,98259157",411,404,,0,,EV,67,"299,03225","81,014574"
"27371,60415375","742,10843072",286,286,"27371,6041538","742,10843072",286,286,"27371,6041538","742,10843072",408,401,,0,,EV,67,"27393,14757","742,400393"
"4614,74862328","331,08142133",287,287,"4614,74862328","331,08142133",287,287,"4614,74862328","331,08142133",407,400,,0,,EV,67,"4618,3712","331,210521"
"1991,7812031","172,80925479",288,288,"1991,7812031","172,80925479",288,288,"1991,7812031","172,80925479",406,399,,0,,EV,67,"1993,35056","172,877195"
"630,87102497","210,84852829",289,289,"630,87102497","210,84852829",289,289,"630,87102497","210,84852829",405,398,,0,,EV,67,"631,36624","210,930546"
"75,0174039","40,76933447",290,290,"75,0174039","40,76933447",290,290,"75,0174039","40,76933447",404,397,,0,,EV,67,"75,07576","40,785358"
"395,10429418","110,11209699",291,291,"395,10429418","110,11209699",291,291,"395,10429418","110,11209699",403,396,,0,,EV,67,"395,41542","110,15501"
"49579,11494281","1169,48200176",292,292,"49579,1149428","1169,48200175",292,292,"49579,1149428","1169,48200176",401,392,,0,Parc de la grande Lironde,EV,67,"49618,14725","1169,942641"
"2640,71709489","340,21994632",293,293,"2640,71709489","340,21994632",293,293,"2640,71709489","340,21994632",400,391,,0,,EV,67,"2642,79618","340,353542"
"457,68603519","77,97648888",294,294,"457,6860352","77,97648888",294,294,0,0,0,0,,0,,,0,"458,04455","78,007039"
"324,91162737","98,99464907",295,295,"324,91162737","98,99464907",295,295,"324,91162737","98,99464907",398,390,,0,,EV,67,"325,16656","99,033799"
"306,78372189","74,03658102",276,276,"306,78372189","74,03658102",276,276,"306,78372189","74,03658102",426,419,,0,,EV,67,"307,02676","74,065723"
"565,24148904","152,79912596",279,279,"565,24148904","152,79912596",279,279,"565,24148904","152,79912596",422,415,,0,,EV,67,"565,68706","152,859456"
"2137,7515502","243,4017518",297,297,"2137,7515502","243,4017518",297,297,"2137,7515502","243,4017518",396,386,,0,Berges du Lez - Pain levé,EV,67,"2139,4345","243,497732"
"844,70647142","159,76133756",298,298,"844,70647142","159,76133756",298,298,"844,70647142","159,76133756",395,385,,0,Maison du Lez,EV,67,"845,37401","159,824266"
"183,9949475","59,86194513",300,300,"183,9949475","59,86194513",300,300,"183,9949475","59,86194513",393,383,,0,Esplanade Charles de Gaulle,ILOT,0,"184,13756","59,885198"
"2627,45368979","584,71230423",301,301,"2627,45368978","584,71230424",301,301,"2627,45368977","584,71230424",392,382,,0,Square Pierre Causse,EV,67,"2629,5193","584,940057"
"295,23437487","88,00622575",302,302,"295,23437487","88,00622575",302,302,0,0,0,0,,0,,,0,"295,46692","88,041135"
"66,98467095","66,39910319",303,303,"66,98467095","66,39910319",303,303,"75,41765777","66,27016963",390,381,,0,,EV,67,"67,03708","66,425388"
"1169,29209501","183,46572572",305,305,"1169,29209501","183,46572572",305,305,"1169,29209501","183,46572572",389,380,,0,Placette Le Moulin,EV,67,"1170,21139","183,537651"
"355,83711933","125,93163279",306,306,"355,83711933","125,93163279",306,306,"333,17974181","123,52250745",387,378,,0,,EV,67,"356,11754","125,981043"
"168728,43615545","2213,1036502",115,115,"168728,436155","2213,1036502",115,115,"168728,436155","2213,1036502",612,605,,0,Parc Montcalm,EV,67,"168864,7084","2213,99639"
"19641,12885861","851,81092124",116,116,"19641,1288586","851,81092124",116,116,"19641,1288586","851,81092124",611,604,,0,Bassin Jacques Coeur,EV,67,"19656,8748","852,152986"
"283,90820843","89,33697501",117,117,"283,90820843","89,33697501",117,117,"283,90820843","89,33697501",610,603,,0,Square Saint-Cléophas,EV,67,"284,13773","89,372519"
"1050,51042189","129,84087977",118,118,"1050,51042189","129,84087977",118,118,"1050,51042189","129,84087977",608,601,,0,Aire de jeux Clos des Orangers,EV,67,"1051,35197","129,892898"
"59082,89961006","1608,95679239",119,119,"59082,8996101","1608,95679239",119,119,"59745,9600793","1614,31914721",607,600,,0,Hotel de Ville,EV,67,"51615,24079","1449,400894"
"278,83643108","81,02495699",120,120,"278,83643108","81,02495699",120,120,"278,83643108","81,02495699",606,599,,0,,EV,67,"279,05924","81,056977"
"43,48974693","26,0154208",121,121,"43,48974693","26,0154208",121,121,"43,48974693","26,0154208",605,598,,0,,EV,67,"43,52456","26,025876"
"12212,34066577","805,38631492",122,122,"12212,3406658","805,38631492",122,122,"12212,3406658","805,38631492",604,597,,0,Bassin Jacques Coeur,EV,67,"12222,1119","805,708071"
"697,37177323","159,05288835",123,123,"697,37177323","159,05288835",123,123,"697,37177322","159,05288835",603,596,,0,,EV,67,"697,9332","159,115668"
"2027,27783295","382,57200196",124,124,"2027,27783296","382,57200196",124,124,"2027,27783295","382,57200196",602,595,,0,Parc Enclava del lop,EV,67,"2028,89577","382,725164"
"295,38851421","70,38371064",125,125,"295,38851421","70,38371064",125,125,"295,38851421","70,38371064",601,594,,0,,EV,67,"295,62566","70,412067"
"95,97607605","43,95005146",126,126,"95,97607605","43,95005146",126,126,"95,97607605","43,95005146",600,593,,0,,EV,67,"96,05255","43,967541"
"56,65258006","63,83590252",127,127,"56,65258006","63,83590252",127,127,"56,65258006","63,83590252",598,591,,0,Chateau de Bionne,EV,67,"56,69909","63,8614"
"28299,04515061","771,3332113",108,108,"28299,0451506","771,3332113",108,108,"28299,0451507","771,33321131",620,613,,0,Parc de Font Colombe,EV,67,"28321,91133","771,641947"
"72010,32719166","1707,11692326",111,111,"72010,3271917","1707,11692326",111,111,"72010,3271923","1707,11692326",617,610,,0,Transparence Lez-Lironde,EV,67,"72068,20975","1707,802378"
"11216,70002329","831,50693032",113,113,"11216,7000233","831,50693033",113,113,"11216,7000233","831,50693033",615,608,,0,Esplanade Paul Valéry,EV,67,"11225,73508","831,843982"
"115,37353743","43,76489125",129,129,"115,37353743","43,76489125",129,129,"115,37353743","43,76489125",596,589,,0,,EV,67,"115,46648","43,782405"
"108,87973769","50,10742457",130,130,"108,87973769","50,10742457",130,130,"108,87973769","50,10742457",595,588,,0,,EV,67,"108,9677","50,127608"
"982,13652111","122,20837286",131,131,"982,13652111","122,20837286",131,131,0,0,0,0,,0,,,0,"982,92386","122,257292"
"218,77738743","82,56827433",133,133,"218,77738744","82,56827433",133,133,"218,77738743","82,56827433",592,585,,0,,EV,67,"218,95227","82,601004"
"2749,38415182","261,21150595",134,134,"2749,38415182","261,21150595",134,134,"2749,38415182","261,21150595",591,584,,0,,EV,67,"2751,57343","261,315197"
"10221,20212619","657,72949521",135,135,"10221,2021262","657,72949521",135,135,"10221,2021262","657,72949521",590,583,,0,,EV,67,"10229,37143","657,989704"
"187,38975212","90,4109536",136,136,"187,38975212","90,4109536",136,136,"187,38975212","90,4109536",589,582,,0,,EV,67,"187,53987","90,446844"
"976,12925462","150,71414687",138,138,"976,12925462","150,71414687",138,138,"976,12925462","150,71414687",587,580,,0,,EV,67,"976,90893","150,774566"
"321,01212717","111,39908076",139,139,"321,01212717","111,39908076",139,139,"321,01212717","111,39908076",586,579,,0,Parc Richter,EV,67,"321,26997","111,443541"
"15175,90189966","669,87053953",140,140,"15175,9018997","669,87053953",140,140,"15175,9018997","669,87053953",585,578,,0,Chateau de la Mogère,EV,67,"15188,0068","670,138264"
"14224,93097235","574,80844459",141,141,"14224,9309724","574,80844459",141,141,"14224,9309723","574,80844459",584,577,,0,Parc René Dumont,EV,67,"14236,29235","575,039649"
"2182,64906451","208,43694041",142,142,"2182,64906451","208,43694042",142,142,"2182,64906451","208,43694042",583,576,,0,Place des Patriotes,EV,67,"2184,38837","208,51946"
"1796,54690953","187,68744238",143,143,"1796,54690953","187,68744238",143,143,"1796,54690953","187,68744238",582,575,,0,,EV,67,"1797,97413","187,762391"
"109,72999873","97,07340999",144,144,"109,72999873","97,07340999",144,144,"109,72999873","97,07340999",581,574,,0,,EV,67,"109,81756","97,111728"
"1598,83173802","141,9163558",145,145,"1598,83173802","141,9163558",145,145,"1598,83173802","141,9163558",580,573,,0,,EV,67,"1600,10264","141,972749"
"348,15401681","130,76284916",146,146,"348,15401681","130,76284916",146,146,"354,30500443","130,98031461",579,572,,0,,EV,67,"348,4322","130,814458"
"2779,60548166","214,90233256",147,147,"2779,60548165","214,90233256",147,147,"2779,60548165","214,90233256",578,571,,0,Parc Richter,EV,67,"2781,8186","214,988008"
"2283,79514457","200,48763386",148,148,"2283,79514457","200,48763386",148,148,"2283,79514456","200,48763386",577,570,,0,,EV,67,"2285,61064","200,567634"
"1784,60691757","249,79922814",128,128,"1784,60691757","249,79922814",128,128,"1784,60691757","249,79922814",597,590,,0,,EV,67,"1786,02753","249,897854"
"1312,87011655","309,31371183",132,132,"1312,87011655","309,31371183",132,132,"1312,87011656","309,31371183",593,586,,0,,EV,67,"1313,92238","309,437529"
"4938,42005319","297,92085555",137,137,"4938,42005319","297,92085555",137,137,"4938,42005319","297,92085555",588,581,,0,Parc Richter,EV,67,"4942,36264","298,039513"
"159,21514127","81,25627925",150,150,"159,21514127","81,25627925",150,150,"159,21514128","81,25627925",575,568,,0,,EV,67,"159,3406","81,288445"
"235,99100289","85,80693535",151,151,"235,99100289","85,80693535",151,151,"235,99100289","85,80693535",574,567,,0,Parc Richter,EV,67,"236,17538","85,84092"
"461,93610989","76,28155612",153,153,"461,93610989","76,28155612",153,153,"461,93610989","76,28155612",571,564,,0,,EV,67,"462,30296","76,31184"
"72366,94417261","1661,6837674",155,155,"72366,9441726","1661,6837674",155,155,"72366,9441724","1661,68376738",569,562,,0,Parc Georges Charpak,EV,67,"72424,70281","1662,347524"
"1994,4419759","204,57216158",157,157,"1994,4419759","204,57216158",157,157,"1994,4419759","204,57216158",567,560,,0,,EV,67,"1996,02874","204,653844"
"197,77228536","71,15830308",158,158,"197,77228536","71,15830308",158,158,"197,77228536","71,15830308",566,559,,0,Parc Richter,EV,67,"197,92819","71,186558"
"1317,62955814","190,21864325",159,159,"1317,62955814","190,21864326",159,159,"1412,95377346","201,3722891",564,557,,0,Place Louis et Marie Trégaro,EV,67,"1318,67628","190,294215"
"2401,15454834","230,78121054",162,162,"2401,15454834","230,78121055",162,162,"2401,15454834","230,78121055",561,554,,0,Parc Richter,EV,67,"2403,06359","230,873507"
"86,03182915","39,75477157",163,163,"86,03182915","39,75477157",163,163,"86,88099908","39,74220538",560,553,,0,Parc Richter,EV,67,"86,09917","39,770454"
"2394,22095838","859,99353969",164,164,"2394,22095837","859,99353969",164,164,"2389,18977469","859,59522013",559,552,,0,,EV,67,"2396,13602","860,332299"
"7078,74166794","962,10835213",165,165,"7078,74166794","962,10835213",165,165,"7078,74166794","962,10835213",558,551,,0,Berges du Lez Promenades,EV,67,"7084,38967","962,493501"
"351,21392096","88,13714764",166,166,"351,21392096","88,13714764",166,166,"351,21392096","88,13714764",557,550,,0,Parc Richter,EV,67,"351,4944","88,172406"
"1699,64589893","185,38870131",167,167,"1699,64589893","185,38870131",167,167,"1684,08530043","185,13899406",556,549,,0,,EV,67,"1700,99176","185,462114"
"111,63763442","60,26513809",168,168,"111,63763442","60,26513809",168,168,"114,99528541","60,09586973",555,548,,0,,EV,67,"111,72589","60,289222"
"330,14893819","81,95967579",169,169,"330,14893819","81,95967579",169,169,"330,14893819","81,95967579",554,547,,0,Espace chiens Petit bois de la,EV,67,"330,40981","81,992317"
"1573,10506193","386,75084965",149,149,"1573,10506193","386,75084966",149,149,"1573,10506193","386,75084966",576,569,,0,Couverture ruisseau des Aiguer,EV,67,"1574,35701","386,902964"
"859,11991048","104,37658881",152,152,"859,11991048","104,37658881",152,152,"859,11991048","104,37658881",572,565,,0,,EV,67,"859,80322","104,418081"
"34,40914551","22,11008888",154,154,"34,40914551","22,11008888",154,154,"34,40914552","22,11008888",570,563,,0,,EV,67,"34,43668","22,118784"
"31438,67178084","776,55679396",156,156,"31438,6717808","776,55679396",156,156,"31438,6717808","776,55679396",568,561,,0,Bassin de rétention de la Mogè,EV,67,"31463,69503","776,865539"
"7915,8760367","669,12277635",160,160,"7915,8760367","669,12277635",160,160,"7915,8760367","669,12277635",563,556,,0,Berges du Lez Promenades,EV,67,"7922,18867","669,390215"
"69495,5584338","1699,81537016",161,161,"69495,5584338","1699,81537016",161,161,"69495,5584338","1699,81537016",562,555,,0,Chateau de Bionne,EV,67,"69551,14097","1700,496768"
"149,7877569","58,032013",170,170,"149,7877569","58,032013",170,170,"149,7877569","58,032013",553,546,,0,,EV,67,"149,90831","58,055285"
"825,99048445","150,44173756",171,171,"825,99048445","150,44173756",171,171,"829,88038717","150,1430291",551,544,,0,,EV,67,"826,64629","150,501431"
"5168,46660846","365,36261356",173,173,"5168,46660846","365,36261356",173,173,"5168,46660846","365,36261356",549,542,,0,,EV,67,"5172,57894","365,507534"
"118,67745461","74,93582981",175,175,"118,67745461","74,93582981",175,175,"118,67745461","74,93582981",547,540,,0,,EV,67,"118,7732","74,965878"
"526,76954167","130,07686108",177,177,"526,76954167","130,07686108",177,177,"526,76954167","130,07686108",544,537,,0,,EV,67,"527,18593","130,128403"
"226,60303858","60,22658303",178,178,"226,60303858","60,22658303",178,178,"226,60303858","60,22658303",543,536,,0,,EV,67,"226,78301","60,250496"
"436,94027339","87,02389609",179,179,"436,94027339","87,02389609",179,179,"436,94027339","87,02389609",542,535,,0,,EV,67,"437,28707","87,058534"
"3784,21431399","441,81819517",180,180,"3784,21431399","441,81819517",180,180,"3784,21431404","441,81819518",541,534,,0,,EV,67,"3787,22279","441,994237"
"100,84539921","49,18176594",182,182,"100,84539921","49,18176594",182,182,"100,84539921","49,18176594",539,532,,0,,EV,67,"100,92461","49,200949"
"3482,6934899","283,67967687",183,183,"3482,6934899","283,67967687",183,183,"3482,6934899","283,67967687",536,529,,0, Espace Jacques d'Aragon,EV,67,"3485,45127","283,79176"
"78,5133476","78,846924",184,184,"78,5133476","78,846924",184,184,"78,5133476","78,846924",535,528,,0,,EV,67,"78,57508","78,878285"
"737,16357432","113,47538672",186,186,"737,16357432","113,47538672",186,186,"737,16357432","113,47538672",533,526,,0,,EV,67,"737,75001","113,520266"
"19442,5727021","761,86728401",187,187,"19442,5727021","761,86728401",187,187,"19442,5727021","761,86728401",532,525,,0,Petit bois de la Colline,EV,67,"19458,02926","762,169667"
"436,22904386","86,80855728",188,188,"436,22904387","86,80855728",188,188,"436,22904387","86,80855728",531,524,,0,,EV,67,"436,57348","86,842906"
"2604,0760858","508,80438736",189,189,"2604,0760858","508,80438736",189,189,"2604,0760858","508,80438736",530,523,,0,,EV,67,"2606,14725","509,005995"
"408,4230417","125,75329621",190,190,"408,4230417","125,75329621",190,190,"408,4230417","125,75329621",529,522,,0,,EV,67,"408,74741","125,803112"
"10481,99567651","486,24213306",172,172,"10481,9956765","486,24213306",172,172,"10481,9956765","486,24213306",550,543,,0,,EV,67,"10490,33415","486,435073"
"437,42417999","74,23043799",174,174,"437,42417999","74,23043799",174,174,"437,42417999","74,23043799",548,541,,0,,EV,67,"437,77068","74,259833"
"3486,15206602","209,50948374",176,176,"3486,15206602","209,50948374",176,176,"3486,15206602","209,50948374",545,538,,0,,EV,67,"3488,91392","209,592458"
"22442,28927952","679,36226947",181,181,"22442,2892795","679,36226947",181,181,"22442,2892795","679,36226947",540,533,,0,,EV,67,"22460,06725","679,630165"
"469,8729252","108,55237107",185,185,"469,87292519","108,55237107",185,185,"469,8729252","108,55237107",534,527,,0,,EV,67,"470,24386","108,595298"
"3597,06208105","273,40765007",192,192,"3597,06208105","273,40765007",192,192,"3597,06208105","273,40765007",527,520,,0,Square Planchon,EV,67,"3599,9125","273,516209"
"891,97847591","277,32737965",193,193,"891,97847591","277,32737965",193,193,"891,97847591","277,32737965",526,519,,0,,EV,67,"892,68671","277,437644"
"2461,07655644","213,28837349",194,194,"2461,07655644","213,28837349",194,194,"2461,07655644","213,28837349",524,517,,0,Square Figuerolles,EV,67,"2463,02764","213,372661"
"267,61431535","70,8165547",196,196,"267,61431535","70,8165547",196,196,"267,61431535","70,8165547",522,515,,0,,EV,67,"267,82566","70,844592"
"2978,79145807","220,00019766",197,197,"2978,79145807","220,00019766",197,197,"2978,79145808","220,00019766",521,514,,0,Parc Emmanuel Roblès,EV,67,"2981,15484","220,087551"
"1326,19961122","153,91090296",198,198,"1326,19961122","153,91090297",198,198,"1326,19961122","153,91090297",520,513,,0,Parc de la Guirlande,EV,67,"1327,25076","153,971542"
"979,17792127","129,04827684",199,199,"979,17792127","129,04827684",199,199,"979,17792127","129,04827684",519,512,,0,Jardin des Amandiers,EV,67,"979,95506","129,099105"
"125,1260973","49,02762691",201,201,"125,1260973","49,02762691",201,201,"125,1260973","49,02762691",517,510,,0,,EV,67,"125,2253","49,046914"
"66,86097891","32,00602976",202,202,"66,86097891","32,00602976",202,202,"66,86097891","32,00602976",516,509,,0,,EV,67,"66,91383","32,018688"
"136,62129344","60,30476907",204,204,"136,62129344","60,30476907",204,204,"136,62129344","60,30476907",513,506,,0,Square du Père Bonnet,EV,67,"136,72794","60,32847"
"6663,33119483","721,01217753",205,205,"6663,33119483","721,01217753",205,205,"6494,77424681","724,64225791",512,505,,0,,EV,67,"6668,59511","721,295673"
"72,96141183","34,16885613",206,206,"72,96141183","34,16885613",206,206,"72,96141183","34,16885613",510,503,,0,Parc de la Guirlande,EV,67,"73,01914","34,182369"
"2163,28723524","283,37188701",208,208,"2163,28723524","283,37188701",208,208,"2163,28723524","283,37188701",508,501,,0,,EV,67,"2165,00151","283,484463"
"698,20957408","164,20343608",209,209,"698,20957408","164,20343608",209,209,"698,20957408","164,20343608",506,499,,0,Espace chiens cité Gély,EV,67,"698,75967","164,267722"
"295,123492","96,43371498",210,210,"295,123492","96,43371498",210,210,"295,123492","96,43371498",505,498,,0,Parc de la Guirlande,EV,67,"295,35568","96,471775"
"5703,11632036","287,62760207",211,211,"5703,11632036","287,62760207",211,211,"5703,11632036","287,62760207",504,497,,0,,EV,67,"5707,61556","287,741198"
"395,65419145","70,59773802",191,191,"395,65419145","70,59773802",191,191,"395,65419145","70,59773802",528,521,,0,,EV,67,"395,96711","70,62565"
"3035,21536292","195,50069587",195,195,"3035,21536292","195,50069587",195,195,"3035,21536292","195,50069587",523,516,,0,,EV,67,"3037,62122","195,578162"
"4666,63284977","522,79722393",200,200,"4666,63284977","522,79722394",200,200,"4666,63284977","522,79722394",518,511,,0,,EV,67,"4670,33369","523,005663"
"2507,40365441","305,37215185",203,203,"2507,40365441","305,37215185",203,203,"2507,40365441","305,37215185",515,508,,0,,EV,67,"2509,38846","305,493002"
"780,79719922","123,32344115",207,207,"780,79719922","123,32344115",207,207,"780,79719922","123,32344115",509,502,,0,Jardin des Amandiers,EV,67,"781,41703","123,372603"
"436,36456078","74,14093513",212,212,"436,36456078","74,14093513",212,212,"436,36456078","74,14093513",503,496,,0,,EV,67,"436,70905","74,170195"
"689,99833429","109,81518929",213,213,"689,99833429","109,81518929",213,213,"689,99833429","109,81518929",502,495,,0,Square Abbé Coursindel,EV,67,"690,54316","109,858546"
"766,61916138","265,08216455",214,214,"766,61916138","265,08216455",214,214,"766,61916138","265,08216455",501,494,,0,,EV,67,"767,22612","265,188033"
"9757,00754935","916,98889236",215,215,"9757,00754935","916,98889236",215,215,"9757,00754934","916,98889236",499,492,,0,,EV,67,"9764,71765","917,351424"
"284,95166506","82,32743497",216,216,"284,95166506","82,32743497",216,216,"284,95166506","82,32743497",498,491,,0,,EV,67,"285,17772","82,360254"
"325,21447416","89,33208966",217,217,"325,21447416","89,33208966",217,217,"325,21447416","89,33208966",497,490,,0,,EV,67,"325,47115","89,367016"
"1518,13592925","193,97895693",218,218,"1518,13592925","193,97895693",218,218,"1518,13592925","193,97895693",496,489,,0,,EV,67,"1519,33508","194,055044"
"5364,695264","277,22733126",219,219,"5364,695264","277,22733126",219,219,"5364,695264","277,22733126",494,487,,0,,EV,67,"5368,92114","277,336453"
"5382,1872447","283,19333088",221,221,"5382,1872447","283,19333088",221,221,"5382,1872447","283,19333088",492,485,,0,Esplanade de l'Europe,EV,67,"5386,44039","283,304712"
"7727,9462989","583,85885702",222,222,"7727,9462989","583,85885702",222,222,"7727,94629902","583,85885703",491,484,,0,,EV,67,"7734,05003","584,08987"
"604,91922436","97,95203428",223,223,"604,91922437","97,95203428",223,223,"604,91922437","97,95203428",490,483,,0,Place de Thessalie,EV,67,"605,39521","97,990473"
"225,49372509","53,43561728",225,225,"225,49372509","53,43561728",225,225,"225,49372509","53,43561728",488,481,,0,,EV,67,"225,67124","53,456659"
"716,20627684","156,76546363",226,226,"716,20627684","156,76546363",226,226,"716,20627684","156,76546363",487,480,,0,Esplanade de l'Europe,EV,67,"716,76876","156,827069"
"1713,50426234","209,41408167",229,229,"1713,50426234","209,41408168",229,229,"1713,50426234","209,41408168",484,477,,0,,EV,67,"1714,85819","209,497538"
"197,97244366","77,39252323",230,230,"197,97244366","77,39252323",230,230,"197,97244366","77,39252323",483,476,,0,Place de Thessalie,EV,67,"198,12887","77,423206"
"614,34271767","157,04119885",231,231,"614,34271767","157,04119885",231,231,"614,34271767","157,04119885",482,475,,0,Esplanade de l'Europe,EV,67,"614,82777","157,102822"
"186,16077187","75,46830108",232,232,"186,16077187","75,46830108",232,232,"186,16077187","75,46830108",481,474,,0,Place de Thessalie,EV,67,"186,30769","75,498097"
"19581,64693036","1655,57232868",373,373,"19581,6469304","1655,57232868",373,373,"19581,6469292","1655,57232868",319,323,,0,Esplanade Charles de Gaulle,EV,67,"19597,02343","1656,226364"
"158,00306625","95,57100615",377,377,"158,00306625","95,57100615",377,377,"158,00306626","95,57100615",315,319,,0,,EV,67,"158,12614","95,608117"
"125,7797047","69,53615687",380,380,"125,7797047","69,53615687",380,380,"125,7797047","69,53615687",312,316,,0,,EV,67,"125,87667","69,563491"
"115,0345322","51,37431525",381,381,"115,0345322","51,37431525",381,381,"115,0345322","51,37431525",311,315,,0,,EV,67,"115,12483","51,394526"
"65,33420014","39,31299732",382,382,"65,33420014","39,31299732",382,382,"65,33420014","39,31299732",310,314,,0,,EV,67,"65,38479","39,328269"
"10401,69299821","849,18603709",383,383,"10401,6929982","849,18603709",383,383,"10401,6929982","849,18603709",309,313,,0,Parc Edouard André,EV,67,"10409,8448","849,517916"
"3069,3882431","360,86867186",384,384,"3069,3882431","360,86867186",384,384,"3069,3882431","360,86867186",307,311,,0,Esplanade de Celleneuve,EV,67,"3071,79565","361,010741"
"2256,33402733","223,79761084",385,385,"2256,33402733","223,79761084",385,385,"2256,33402733","223,79761084",306,310,,0,Jardin des Plantes,EV,67,"2258,10541","223,884723"
"1909,20009636","226,75995852",386,386,"1909,20009636","226,75995852",386,386,"1909,20009635","226,75995852",305,309,,0,,EV,67,"1910,69504","226,848566"
"261,14648931","89,58303479",387,387,"261,14648931","89,58303479",387,387,"261,14648931","89,58303479",304,308,,0,,EV,67,"261,35058","89,618311"
"330,1521052","75,92470261",388,388,"330,1521052","75,92470261",388,388,"330,1521052","75,92470261",303,307,,0,,EV,67,"330,41089","75,954627"
"3020,84673727","263,89895727",389,389,"3020,84673727","263,89895727",389,389,"3020,84673727","263,89895727",302,306,,0,Jardin des Plantes,EV,67,"3023,20898","264,002661"
"4761,13198044","373,38059084",390,390,"4761,13198044","373,38059084",390,390,"4761,13198044","373,38059084",301,305,,0,Jardin de la Reine,EV,67,"4764,85521","373,526285"
"1134,43004766","390,84050536",391,391,"1134,43004766","390,84050536",391,391,"1134,43004766","390,84050536",300,304,,0,,EV,67,"1135,31476","390,991524"
"795,56065491","139,91116289",392,392,"795,56065491","139,91116289",392,392,"795,56065491","139,91116289",299,303,,0,Square Louis Boffet,EV,67,"796,18189","139,965576"
"1096,35029353","231,0392567",393,393,"1096,35029354","231,03925671",393,393,"1096,35029353","231,03925671",296,300,,0,,EV,67,"1097,20719","231,129207"
"174,82170371","54,57785397",394,394,"174,82170371","54,57785397",394,394,"174,82170371","54,57785397",295,299,,0,Square de la Providence,EV,67,"174,95674","54,59895"
"138,80608426","50,09850668",395,395,"138,80608426","50,09850668",395,395,"138,80608426","50,09850668",294,298,,0,,EV,67,"138,91489","50,118254"
"12,16889834","14,92133045",396,396,"12,16889834","14,92133045",396,396,"12,16889834","14,92133045",293,297,,0,,EV,67,"12,17853","14,927212"
"383,90212948","141,57271511",397,397,"383,90212948","141,57271512",397,397,"383,90212948","141,57271512",292,296,,0,,EV,67,"384,20204","141,628214"
"308,21834531","115,42795508",398,398,"308,21834531","115,42795508",398,398,"308,21834531","115,42795508",291,295,,0,,EV,67,"308,4613","115,472428"
"199,81367244","64,17065939",399,399,"199,81367244","64,17065939",399,399,0,0,0,0,,0,,,0,"199,9694","64,195921"
"57,86657886","29,06130572",400,400,"57,86657886","29,06130572",400,400,"57,86657886","29,06130572",289,293,,0,,EV,67,"57,91193","29,072713"
"4464,04012427","331,64619839",402,402,"4464,04012427","331,64619839",402,402,"4464,04012427","331,64619839",287,291,,0,Jardin des Plantes,EV,67,"4467,52821","331,775895"
"57,1405043","33,5589539",403,403,"57,1405043","33,5589539",403,403,"57,1405043","33,5589539",286,290,,0,Square de la Tour des pins,EV,67,"57,18514","33,572151"
"993,84094671","140,0124943",458,458,"993,84094671","140,0124943",458,458,0,0,0,0,,0,,,0,"994,60826","140,06634"
"19034,51795841","718,56261229",459,459,"19034,5179584","718,56261229",459,459,"19034,5179584","718,56261229",214,222,,0,Parc Rimbaud,EV,67,"19049,25775","718,841576"
"2622,58061654","326,03843104",460,460,"2622,58061654","326,03843104",460,460,"2622,58061654","326,03843104",213,221,,0,,EV,67,"2624,61439","326,164014"
"1265,3837558","268,44999393",461,461,"1265,3837558","268,44999394",461,461,"1265,3837558","268,44999394",212,220,,0,,EV,67,"1266,36268","268,554245"
"5,46005189","36,93242459",462,462,"5,46005189","36,93242459",462,462,0,0,0,0,,0,,,0,"5,46417","36,946616"
"1114,41199024","140,30475154",463,463,"1114,41199024","140,30475154",463,463,"1114,41199024","140,30475154",210,218,,0,Square Camille Ernst (ex J-S B,EV,67,"1115,27532","140,359224"
"4229,93226009","436,01468753",443,443,"4229,93226009","436,01468753",443,443,"4229,93226009","436,01468753",235,243,,0,Parc Bartolomé de Las Casas,EV,67,"4233,21901","436,184209"
"23871,75922656","962,89674775",446,446,"23871,7592266","962,89674775",446,446,"23871,7592266","962,89674775",229,237,,0,Parc du château de Grammont,EV,67,"23890,26886","963,269613"
"3226,56855649","327,83044083",450,450,"3226,56855648","327,83044084",450,450,"3226,56855649","327,83044084",224,232,,0,Parc Magnol,EV,67,"3229,07522","327,957645"
"576,06070891","85,22707141",455,455,"576,06070891","85,22707141",455,455,"576,06070891","85,22707141",218,226,,0,,EV,67,"576,5081","85,26016"
"4478,37852367","835,50009207",457,457,"4478,37852365","835,50009207",457,457,"4478,37852366","835,50009207",216,224,,0,,EV,67,"4481,85793","835,823185"
"187,75879275","73,45325483",465,465,"187,75879275","73,45325483",465,465,"187,75879275","73,45325483",208,216,,0,,EV,67,"187,90494","73,481593"
"1967,44689507","172,62695171",467,467,"1967,44689507","172,62695171",467,467,"1967,44689507","172,62695171",206,214,,0,Espace chiens du Parc Rimbaud,EV,67,"1968,96956","172,693742"
"2737,08748924","185,76765465",468,468,"2737,08748924","185,76765465",468,468,"2737,08748924","185,76765465",205,213,,0,,EV,67,"2739,20857","185,839622"
"450,39795386","102,78920004",470,470,"450,39795386","102,78920004",470,470,"441,06690304","101,91904683",201,209,,0,,EV,67,"450,74751","102,828715"
"12623,18776313","470,82764616",471,471,"12623,1877631","470,82764616",471,471,"12623,1877631","470,82764616",199,207,,0,,EV,67,"12632,96919","471,010118"
"513,1644286","94,44067534",473,473,"513,1644286","94,44067534",473,473,"513,1644286","94,44067534",194,202,,0,,EV,67,"513,56181","94,477221"
"338,83362949","95,03692381",474,474,"338,83362949","95,03692381",474,474,"338,83362949","95,03692381",190,198,,0,,EV,67,"339,09544","95,074"
"932,33273759","279,0378425",476,476,"932,33273759","279,03784251",476,476,"932,33273759","279,03784251",180,188,,0,,EV,67,"933,05606","279,146179"
"275,59854648","70,18886563",478,478,"275,59854648","70,18886563",478,478,"275,59854648","70,18886563",176,184,,0,,EV,67,"275,81253","70,216"
"252,23356684","78,02471344",479,479,"252,23356684","78,02471344",479,479,"252,23356684","78,02471344",175,183,,0,,EV,67,"252,42743","78,054804"
"64,41252912","65,20199806",481,481,"64,41252912","65,20199806",481,481,"64,41252911","65,20199806",173,181,,0,,EV,67,"64,46277","65,227519"
"177,96790065","60,01906236",405,405,"177,96790065","60,01906236",405,405,"177,96790065","60,01906236",284,288,,0,,EV,67,"178,10652","60,042504"
"873,36192729","160,95144429",406,406,"873,36192729","160,95144429",406,406,0,0,0,0,,0,,,0,"874,04008","161,0139"
"196,19466852","58,04416014",407,407,"196,19466852","58,04416014",407,407,"196,19466852","58,04416014",282,286,,0,,EV,67,"196,34786","58,066714"
"650,7298411","103,39679399",408,408,"650,7298411","103,396794",408,408,"650,7298411","103,396794",281,285,,0,,EV,67,"651,23926","103,437296"
"318,55420574","104,15267161",409,409,"318,55420574","104,15267161",409,409,"318,55420574","104,15267161",280,284,,0,,EV,67,"318,80308","104,193462"
"108,84631029","42,04687513",410,410,"108,84631029","42,04687513",410,410,"108,84631029","42,04687513",279,283,,0,,EV,67,"108,93126","42,063261"
"862,5525759","226,84628582",411,411,"862,5525759","226,84628582",411,411,"862,5525759","226,84628582",278,282,,0,,EV,67,"863,22486","226,934579"
"171272,44263312","2712,76496218",412,412,"171272,442633","2712,76496218",412,412,"171272,442633","2712,76496218",276,280,,0,Bonnier de la Mosson,EV,67,"171407,04814","2713,832097"
"1470,42159711","209,34073083",413,413,"1470,42159711","209,34073083",413,413,"1470,42159711","209,34073083",275,279,,0,,EV,67,"1471,57376","209,421961"
"1205,79907556","179,84692323",414,414,"1205,79907556","179,84692323",414,414,"1205,79907556","179,84692323",274,278,,0,,EV,67,"1206,74072","179,917379"
"586,4238394","142,92256232",415,415,"586,4238394","142,92256232",415,415,"586,4238394","142,92256232",273,277,,0,,EV,67,"586,88219","142,977869"
"88,89842896","59,73497394",416,416,"88,89842896","59,73497394",416,416,"92,23437685","59,53447401",272,276,,0,,EV,67,"88,96696","59,757935"
"325,23904625","86,20215626",417,417,"325,23904625","86,20215626",417,417,"325,23904625","86,20215626",271,275,,0,Square Théophraste Renaudot,EV,67,"325,48954","86,235337"
"271,14795429","95,57082161",418,418,"271,14795429","95,57082161",418,418,"271,14795429","95,57082161",270,274,,0,,EV,67,"271,35997","95,608216"
"23733,81423392","606,66512063",419,419,"23733,8142339","606,66512063",419,419,"23733,8142339","606,66512063",269,273,,0,,EV,67,"23752,34937","606,901378"
"5769,80379009","1035,34556985",420,420,"5769,80379009","1035,34556985",420,420,"5769,80379011","1035,34556985",268,272,,0,Esplanade Gabriel Michel,EV,67,"5774,29506","1035,747621"
"8530,64301493","424,03660414",421,421,"8530,64301492","424,03660414",421,421,"8530,64301493","424,03660414",267,271,,0,Jardin des Plantes,EV,67,"8537,29608","424,201761"
"1092,14188928","207,46464558",401,401,"1092,14188928","207,46464558",401,401,"1092,14188928","207,46464558",288,292,,0,,EV,67,"1092,9966","207,545328"
"1897,75158632","250,40260452",404,404,"1897,75158632","250,40260452",404,404,"1897,75158632","250,40260452",285,289,,0,,EV,67,"1899,23523","250,50087"
"5824,26168666","347,14737116",422,422,"5824,26168666","347,14737116",422,422,"5824,26168666","347,14737116",266,270,,0,Jardin des Plantes,EV,67,"5828,80591","347,282635"
"429,97656243","81,74141134",424,424,"429,97656243","81,74141134",424,424,"429,9765625","81,74141135",263,785,,0,,,0,"430,31513","81,773576"
"440,25097664","82,54500464",425,425,"440,25097664","82,54500464",425,425,"440,25097656","82,54500463",261,784,,0,,,0,"440,59404","82,577348"
"390,46874998","77,99699063",426,426,"390,46874998","77,99699063",426,426,"390,46875","77,99699064",260,783,,0,,,0,"390,77338","78,027426"
"342,63574215","74,11984732",427,427,"342,63574215","74,11984732",427,427,"342,63574219","74,11984732",259,782,,0,,,0,"342,90344","74,148818"
"287,13574764","67,90086777",429,429,"287,13574764","67,90086777",429,429,"287,13574764","67,90086777",256,264,,0,Square des Prunelliers,EV,67,"287,35894","67,927267"
"1017,45877586","294,77088511",430,430,"1017,45877586","294,77088511",430,430,"1017,45877586","294,77088511",255,263,,0,,EV,67,"1018,25249","294,884934"
"11,15596516","51,65978931",431,431,"11,15596516","51,65978931",431,431,"11,15596516","51,65978931",254,262,,0,,EV,67,"11,16469","51,679876"
"407,81966563","91,22502528",432,432,"407,81966563","91,22502528",432,432,0,0,0,0,,0,,,0,"408,13317","91,26036"
"2,53722132","123,26339116",433,433,"2,53722132","123,26339116",433,433,0,0,0,0,,0,,,0,"2,53848","123,31139"
"2894,58165764","249,26595827",434,434,"2894,58165764","249,26595827",434,434,"2894,58165764","249,26595827",249,257,,0,Square Joseph Delteil,EV,67,"2896,84135","249,363428"
"2516,45560052","256,96232858",435,435,"2516,45560052","256,96232858",435,435,"2516,45560052","256,96232858",248,256,,0,Jardin didactique,EV,67,"2518,4107","257,062192"
"1671,14939538","179,72123377",436,436,"1671,14939538","179,72123377",436,436,"1671,14939538","179,72123377",247,255,,0,Jardin des Beaux Arts -  MPT C,EV,67,"1672,45238","179,791512"
"814,8994918","136,99458527",437,437,"814,8994918","136,99458527",437,437,"814,89949181","136,99458527",246,254,,0,Collection de cannas,EV,67,"815,53165","137,047775"
"5208,70621522","747,01226507",438,438,"5208,70621522","747,01226507",438,438,"5208,70621517","747,01226507",242,250,,0,Parc Azéma,EV,67,"5212,76571","747,304547"
"220,50830472","71,73161232",439,439,"220,50830472","71,73161232",439,439,"220,50830472","71,73161232",240,248,,0,Square des Trolles (Petit Bard,EV,67,"220,68164","71,759521"
"17579,94097877","942,71301341",440,440,"17579,9409788","942,71301341",440,440,"17579,9409788","942,71301341",239,247,,0,Centre horticole R de Belleval,EV,67,"17593,57581","943,078947"
"207,85210409","508,97762612",441,441,"207,8521041","508,97762612",441,441,0,0,0,0,,0,,,0,"207,99574","509,173801"
"1508,98304579","169,25628945",442,442,"1508,98304579","169,25628946",442,442,0,0,0,0,,0,,,0,"1510,15295","169,322032"
"5521,83604427","394,55285621",423,423,"5521,83604427","394,55285621",423,423,"5521,83604427","394,55285621",264,268,,0,Jardin des Plantes,EV,67,"5526,14547","394,707208"
"235,74003436","179,67907456",428,428,"235,74003436","179,67907456",428,428,"235,74003436","179,67907456",257,265,,0,,EV,67,"235,92549","179,748869"
"2976,14429924","555,78666952",444,444,"2976,14429923","555,78666952",444,444,"2976,14429924","555,78666952",234,242,,0,,EV,67,"2978,46709","556,002108"
"1157,99117736","148,92316281",445,445,"1157,99117736","148,92316281",445,445,"1157,99117736","148,92316281",232,240,,0,,EV,67,"1158,88962","148,981276"
"33495,77100532","922,22216078",447,447,"40269,4246917","925,67342082",447,447,"40269,4246917","925,67342082",227,235,,0,Bois de la Chaumière,EV,67,"33521,76028","922,578943"
"422,62709043","96,25183487",448,448,"422,62709043","96,25183487",448,448,"422,62709043","96,25183487",226,234,,0,Square Charles Flahaut,EV,67,"422,95413","96,289237"
"941,43987459","134,4076474",449,449,"941,43987459","134,4076474",449,449,"941,43987459","134,4076474",225,233,,0,,EV,67,"942,17288","134,460283"
"3382,34689102","237,80037608",451,451,"3382,34689102","237,80037608",451,451,"3382,34689102","237,80037608",223,231,,0,Parc Bel juel,EV,67,"3384,97908","237,893109"
"10851,26889695","454,47424194",452,452,"10851,268897","454,47424194",452,452,"10851,268897","454,47424194",221,229,,0,Mare écologique,EV,67,"10859,67932","454,651413"
"339,07393492","92,52928333",453,453,"339,07393492","92,52928333",453,453,"339,07393492","92,52928333",220,228,,0,,EV,67,"339,33936","92,56506"
"405,64612007","100,20042115",454,454,"405,64612007","100,20042115",454,454,0,0,0,0,,0,,,0,"405,95955","100,239316"
"217,12963477","63,65459477",456,456,"217,12963477","63,65459477",456,456,0,0,0,0,,0,,,0,"217,2973","63,679252"
"731,94637854","119,83828753",307,307,"731,94637854","119,83828753",307,307,"731,94637854","119,83828753",386,377,,0,Esplanade Charles de Gaulle,ILOT,0,"732,52234","119,885248"
"553,31556844","152,2325149",308,308,"553,31556844","152,2325149",308,308,"553,31556844","152,2325149",385,376,,0,,EV,67,"553,751","152,292231"
"293,99365235","75,128175",309,309,"293,99365235","75,128175",309,309,"293,99365234","75,12817501",384,777,,0,Esplanade Charles de Gaulle,EV,67,"294,2263","75,157763"
"1145,19606617","612,93389089",310,310,"1145,19606617","612,93389089",310,310,"1145,19606619","612,93389089",383,375,,0,,EV,67,"1146,0919","613,173499"
"1117,23303828","211,09051099",311,311,"1117,23303827","211,09051099",311,311,"1117,23303828","211,09051099",382,374,,0,,EV,67,"1118,11482","211,173182"
"80,22665908","31,79273616",312,312,"80,22665908","31,79273616",312,312,"80,22665908","31,79273616",381,373,,0,,EV,67,"80,28967","31,805219"
"840,04697442","254,91493821",313,313,"840,04697442","254,91493821",313,313,"840,04697442","254,91493821",380,372,,0,,EV,67,"840,70673","255,015149"
"393,97390462","90,55690455",314,314,"393,97390462","90,55690455",314,314,"393,97390462","90,55690455",379,370,,0,,EV,67,"394,28479","90,592533"
"5742,39163522","547,08058383",315,315,"5742,39163522","547,08058383",315,315,"5742,39163502","547,08058381",378,371,,0,Esplanade Charles de Gaulle,EV,67,"5746,90486","547,295379"
"276,88574215","71,04834038",316,316,"276,88574215","71,04834038",316,316,"276,88574219","71,04834038",377,776,,0,Esplanade Charles de Gaulle,EV,67,"277,10355","71,076429"
"2403,94521378","565,14844749",296,296,"2403,94521378","565,14844749",296,296,"2403,94521378","565,14844749",397,389,,0,Moulin de l'Eveque,EV,67,"2405,84495","565,370358"
"109,43269143","70,86825665",299,299,"109,43269143","70,86825665",299,299,"109,43269143","70,86825665",394,384,,0,,EV,67,"109,51727","70,896145"
"680,98722712","132,09018246",304,304,"680,98722712","132,09018246",304,304,"699,10849952","136,11123443",388,379,,0,,EV,67,"681,52297","132,142435"
"306,36718738","89,46036361",318,318,"306,36718738","89,46036361",318,318,0,0,0,0,,0,,,0,"306,60752","89,49555"
"595,81063952","176,14078239",319,319,"595,81063952","176,14078239",319,319,"595,81063953","176,14078239",374,368,,0,,EV,67,"596,27687","176,209751"
"156,5743521","75,61265671",321,321,"156,5743521","75,61265671",321,321,"156,5743521","75,61265671",372,366,,0,,EV,67,"156,69809","75,642212"
"72,25830215","42,68241512",322,322,"72,25830215","42,68241512",322,322,"72,25830215","42,68241512",371,365,,0,,EV,67,"72,31453","42,699036"
"111,1657834","50,26659024",323,323,"111,1657834","50,26659024",323,323,"111,1657834","50,26659024",369,363,,0,Fontaine Préfecture,EV,67,"111,25409","50,286522"
"67,47467548","33,46637721",324,324,"67,47467548","33,46637721",324,324,"67,47467548","33,46637721",368,362,,0,Fontaine Préfecture,EV,67,"67,52806","33,479522"
"438,29109346","114,36054789",325,325,"438,29109346","114,36054789",325,325,"438,29109346","114,36054789",367,361,,0,,EV,67,"438,63536","114,405184"
"747,39858028","152,11537415",327,327,"747,39858028","152,11537415",327,327,"747,39858028","152,11537415",365,359,,0,,EV,67,"747,9885","152,17533"
"305,04052735","89,76974351",328,328,"305,04052735","89,76974351",328,328,0,0,0,0,,0,,,0,"305,27995","89,805164"
"2117,43789608","188,90794036",330,330,"2117,43789608","188,90794036",330,330,"2117,43789608","188,90794036",362,357,,0,Parc du Mas de Costebelle,EV,67,"2119,09844","188,981744"
"8626,22143482","526,23447518",331,331,"8626,22143482","526,23447518",331,331,"8626,22143482","526,23447518",361,356,,0,Square Maquis Bir-hakeim,EV,67,"8633,01279","526,441903"
"733,55049967","220,74518465",332,332,"733,55049967","220,74518465",332,332,"733,55049967","220,74518465",360,355,,0,Maison du Lez,EV,67,"734,12517","220,83169"
"272,39599606","95,67878336",333,333,"272,39599606","95,67878336",333,333,"272,39599609","95,67878336",359,773,,0,Esplanade Charles de Gaulle,EV,67,"272,60999","95,716345"
"1500,06847962","218,62599388",334,334,"1500,06847963","218,62599389",334,334,"1500,06847963","218,62599389",358,354,,0,,EV,67,"1501,24232","218,710937"
"86,94131141","45,07670229",335,335,"86,94131141","45,07670229",335,335,"86,94131141","45,07670229",357,353,,0,,EV,67,"87,00939","45,094493"
"12494,17537761","557,58000189",336,336,"12494,1753776","557,58000189",336,336,"12494,1753776","557,58000189",356,352,,0,Jardins Familiaux Les Grands Grès,EV,67,"12503,96153","557,800229"
"232,20863057","66,95436732",337,337,"232,20863057","66,95436732",337,337,"232,20863057","66,95436732",355,351,,0,Terrasse des Arceaux,EV,67,"232,39156","66,980855"
"26511,61084783","683,49078272",317,317,"26511,6108478","683,49078272",317,317,"26511,6108478","683,49078272",376,369,,0,Chateau de Flaugergues,EV,67,"26532,43016","683,758336"
"7701,65225813","486,39126282",320,320,"7701,65225813","486,39126282",320,320,"7701,65225812","486,39126282",373,367,,0,,EV,67,"7707,699","486,582771"
"3594,37343051","311,64115707",326,326,"3594,37343052","311,64115707",326,326,"3594,37343051","311,64115707",366,360,,0,,EV,67,"3597,20255","311,763675"
"2983,62669766","396,93211223",329,329,"2983,62669766","396,93211223",329,329,"2983,62669766","396,93211223",363,358,,0,Berges du Lez - Pain levé,EV,67,"2985,97161","397,087673"
"231,69579159","56,69496594",338,338,"231,69579159","56,69496594",338,338,0,0,0,0,,0,,,0,"231,87733","56,717172"
"1139,47085907","230,23539609",339,339,"1139,47085907","230,23539609",339,339,"1139,47085907","230,23539609",353,348,,0,Espace chiens sq  Benjamin Milhau,EV,67,"1140,36207","230,326118"
"387,06835935","117,88672325",340,340,"387,06835935","117,88672325",340,340,"387,06835938","117,88672326",352,772,,0,Esplanade Charles de Gaulle,EV,67,"387,37398","117,93346"
"299,98339848","90,45306474",341,341,"299,98339848","90,45306474",341,341,0,0,0,0,,0,,,0,"300,22034","90,488951"
"255,94559393","73,63291999",343,343,"255,94559393","73,63291999",343,343,"255,94559393","73,63291999",349,347,,0,,EV,67,"256,14758","73,662029"
"1233,3323052","286,32815123",344,344,"1233,3323052","286,32815123",344,344,"1233,33230498","286,32815121",348,345,,0,Esplanade Charles de Gaulle,EV,67,"1234,30301","286,440478"
"965,60419936","125,092691",345,345,"965,60419936","125,092691",345,345,"965,60419936","125,092691",347,343,,0,Square des Escarcelliers,EV,67,"966,36374","125,141908"
"997,60626365","174,8150251",348,348,"997,60626365","174,8150251",348,348,"997,60626366","174,8150251",344,339,,0,,EV,67,"998,39259","174,883428"
"379,67508027","132,41873724",349,349,"379,67508027","132,41873724",349,349,"379,67508027","132,41873724",343,338,,0,,EV,67,"379,97242","132,471164"
"194,93590992","66,59461453",350,350,"194,93590992","66,59461453",350,350,"194,93590992","66,59461453",342,337,,0,Square des Arceaux,EV,67,"195,08822","66,620721"
"617,7713862","138,99302367",352,352,"617,7713862","138,99302367",352,352,"617,7713862","138,99302367",340,336,,0,Terrasse des Arceaux,EV,67,"618,25518","139,047846"
"446,65372536","98,551112",353,353,"446,65372536","98,551112",353,353,"446,65372536","98,551112",339,335,,0,,EV,67,"447,0054","98,590027"
"310,86523429","90,1230901",355,355,"310,86523429","90,1230901",355,355,0,0,0,0,,0,,,0,"311,10942","90,15872"
"3708,93944748","237,85125214",356,356,"3708,93944748","237,85125214",356,356,"3708,93944749","237,85125214",336,333,,0,,EV,67,"3711,85058","237,944141"
"529,55908188","176,0874736",357,357,"529,55908188","176,0874736",357,357,"529,55908203","176,08747361",335,768,,0,Esplanade Charles de Gaulle,EV,67,"529,97629","176,156874"
"151,23925779","84,20236348",359,359,"151,23925779","84,20236348",359,359,"151,23925781","84,20236348",333,766,,0,Esplanade Charles de Gaulle,EV,67,"151,3585","84,235184"
"5356,18261725","325,18147073",342,342,"5356,18261725","325,18147073",342,342,"5356,18261719","325,18147073",350,329,,0,Esplanade Charles de Gaulle,EV,67,"5360,39194","325,309309"
"436,16552739","76,13667223",346,346,"436,16552739","76,13667223",346,346,0,0,0,0,,0,,,0,"436,50779","76,166545"
"4961,78794534","449,7986657",347,347,"4961,78794534","449,7986657",347,347,"4961,78794533","449,7986657",345,340,,0,,EV,67,"4965,68567","449,975356"
"231,33433434","93,27771978",351,351,"231,33433434","93,27771978",351,351,"231,3343343","93,27771978",341,341,,0,Esplanade Charles de Gaulle,EV,67,"231,51574","93,31423"
"40240,30032448","963,66128893",354,354,"40240,3003245","963,66128893",354,354,"40240,3003245","963,66128893",338,334,,0,,EV,67,"40271,90201","964,038476"
"3769,8686525","231,48914763",358,358,"3769,8686525","231,48914763",358,358,"3769,86865234","231,48914763",334,767,,0,Esplanade Charles de Gaulle,EV,67,"3772,82189","231,579958"
"2378,64574716","241,57907186",360,360,"2378,64574716","241,57907186",360,360,"2378,64574716","241,57907186",332,332,,0,Jardin de la Canourgue,EV,67,"2380,51026","241,67428"
"537,67385832","110,45978412",361,361,"537,67385832","110,45978412",361,361,"537,67385832","110,45978412",331,331,,0,Square de l'Intendance du Languedoc,EV,67,"538,09406","110,503112"
"116,29589838","48,2464845",362,362,"116,29589838","48,2464845",362,362,"116,29589844","48,24648451",330,765,,0,Esplanade Charles de Gaulle,EV,67,"116,38702","48,265443"
"2316,40089676","321,10850322",363,363,"2316,40089676","321,10850322",363,363,"2316,40089676","321,10850322",329,330,,0,,EV,67,"2318,21784","321,234689"
"303,82226565","89,68635246",364,364,"303,82226565","89,68635246",364,364,0,0,0,0,,0,,,0,"304,06109","89,721714"
"196,06023423","70,73683201",365,365,"196,06023423","70,73683201",365,365,"196,06023421","70,73683201",327,763,,0,Esplanade Charles de Gaulle,EV,67,"196,21337","70,764666"
"132,20194363","56,06289047",366,366,"132,20194363","56,06289047",366,366,"132,20194359","56,06289046",326,762,,0,Esplanade Charles de Gaulle,EV,67,"132,30751","56,084973"
"520,41113285","102,22906881",367,367,"520,41113285","102,22906881",367,367,"520,41113281","102,22906881",325,761,,0,Esplanade Charles de Gaulle,EV,67,"520,82092","102,269308"
"788,37220038","195,05583773",368,368,"788,37220038","195,05583773",368,368,"788,37220038","195,05583773",324,328,,0,Square G.S. Blaise Pascal,EV,67,"788,98374","195,131892"
"269,14342184","87,74403872",369,369,"269,14342184","87,74403872",369,369,"269,14342184","87,74403872",323,327,,0,Square Louis Carles,EV,67,"269,35371","87,778192"
"5428,73023207","379,40185227",370,370,"5428,73023207","379,40185227",370,370,"5428,73023207","379,40185227",322,326,,0,Parc Dioscoride,EV,67,"5432,9806","379,550271"
"63444,14932334","2024,35262162",371,371,"63444,1493233","2024,35262162",371,371,"63444,1493233","2024,35262162",321,325,,0,Chateau de la Piscine,EV,67,"63494,01647","2025,149151"
"583,73557098","96,71562389",372,372,"583,73557098","96,71562389",372,372,"583,73557098","96,71562389",320,324,,0,,EV,67,"584,19581","96,753736"
"337,52115506","65,20906911",374,374,"337,52115506","65,20906911",374,374,"337,52115506","65,20906911",318,322,,0,,EV,67,"337,78564","65,234613"
"15,35900813","15,76103703",375,375,"15,35900813","15,76103703",375,375,"15,35900813","15,76103703",317,321,,0,,EV,67,"15,37043","15,766895"
"24,36933766","20,21935308",376,376,"24,36933767","20,21935308",376,376,"24,36933767","20,21935308",316,320,,0,,EV,67,"24,38855","20,227332"
"470,09717709","86,97115025",378,378,"470,09717709","86,97115025",378,378,"470,09717709","86,97115025",314,318,,0,Plan de L'Université,EV,67,"470,46487","87,005191"
"50,11701424","31,00714549",379,379,"50,11701424","31,00714549",379,379,"50,11701424","31,00714549",313,317,,0,Jardin Hôtel de Sully,EV,67,"50,15719","31,019336"
"4256,89739218","482,97480228",585,585,"4256,89739218","482,97480228",585,585,"4256,89739218","482,97480228",43,40,,0,,EV,67,"4260,07192","483,156436"
"856,77303064","325,48394189",586,586,"856,77303064","325,48394189",586,586,"856,77303064","325,48394189",42,39,,0,,EV,67,"857,40704","325,606205"
"528,94673823","338,98514011",587,587,"528,94673823","338,98514011",587,587,"276,84137775","210,04737239",44,41,,0,,EV,67,"529,34645","339,112599"
"5700,50265616","803,50997407",588,588,"5700,50265616","803,50997407",588,588,"5700,50265617","803,50997407",39,36,,0,Aqueduc de la Lyre,EV,67,"5704,76784","803,811163"
"274,0595521","94,77884189",589,589,"274,0595521","94,77884189",589,589,"274,0595521","94,77884189",38,35,,0,,EV,67,"274,26356","94,814065"
"500,36732438","82,98721906",570,570,"500,36732438","82,98721906",570,570,0,0,0,0,,0,,,0,"500,74344","83,018374"
"73126,01503019","1627,36459639",571,571,"73126,0150302","1627,36459639",571,571,"73126,0150302","1627,36459639",59,60,,0,Cannalette,EV,67,"73181,07754","1627,977572"
"7367,44706688","304,52717192",575,575,"7367,44706688","304,52717192",575,575,"7367,44706689","304,52717192",55,56,,0,,EV,67,"7372,97575","304,641412"
"537,69727858","133,91622953",577,577,"537,69727858","133,91622953",577,577,"537,69727859","133,91622953",53,54,,0,,EV,67,"538,09841","133,966472"
"1076,33644624","150,17580419",580,580,"1076,33644624","150,17580419",580,580,"1076,33644625","150,17580419",50,51,,0,Square Billie Holiday,EV,67,"1077,14132","150,231532"
"8790,53209728","443,95829328",583,583,"8790,53209728","443,95829328",583,583,"8790,53209728","443,95829328",47,48,,0,Parc Georges Brassens,EV,67,"8797,10821","444,124701"
"15747,99820514","758,73565295",584,584,"15747,9982051","758,73565295",584,584,0,0,0,0,,0,,,0,"15759,79637","759,020475"
"10625,45005874","660,81205505",593,593,"10625,4500588","660,81205505",593,593,"10625,4500588","660,81205505",34,31,,0,,EV,67,"10633,37279","661,057735"
"4559,18150376","557,23035516",594,594,"4559,18150376","557,23035516",594,594,"4559,18150376","557,23035516",33,30,,0,Square du Soleil Levant,EV,67,"4562,57515","557,438453"
"26549,34750491","1076,48717996",595,595,"26549,3475049","1076,48717996",595,595,"26549,3475049","1076,48717996",32,29,,0,Parc zoologique de Lunaret,EV,67,"26569,08706","1076,888129"
"3794,16741981","343,41998263",597,597,"3794,1674198","343,41998263",597,597,"3794,16741984","343,41998263",30,759,,0,Parc zoologique de Lunaret,EV,67,"3796,98424","343,547868"
"546,30559459","184,38507893",599,599,"546,30559459","184,38507893",599,599,"546,30559459","184,38507893",28,22,,0,,EV,67,"546,71306","184,45411"
"1316,781641","128,799453",600,600,"1316,78164099","128,799453",600,600,"1316,78164099","128,799453",27,21,,0,,EV,67,"1317,75949","128,847268"
"616,42383941","110,80295015",602,602,"616,42383941","110,80295015",602,602,"616,42383941","110,80295015",25,19,,0,Place d'Italie,EV,67,"616,88284","110,844161"
"29209,06557429","935,2086193",603,603,"29209,0655743","935,2086193",603,603,"29209,0655751","935,2086193",24,758,,0,Parc zoologique de Lunaret,EV,67,"29230,7528","935,557254"
"500,12695314","79,67099078",604,604,"500,12695314","79,67099078",604,604,"500,12695313","79,67099078",23,757,,0,,,0,"500,49713","79,700469"
"55768,621257","1167,9632209",605,605,"55768,621257","1167,9632209",605,605,"55768,6212573","1167,9632209",22,786,,0,Parc zoologique de Lunaret,EV,67,"55809,97765","1168,394586"
"1626,56507257","204,68119267",607,607,"1626,56507257","204,68119267",607,607,"1626,56507257","204,68119267",20,17,,0,Square du château d'eau de Mas,EV,67,"1627,76864","204,757565"
"4296,25687811","232,58892728",609,609,"4296,25687811","232,58892728",609,609,"4296,25687811","232,58892728",18,15,,0,,EV,67,"4299,43766","232,675011"
"1,27974796","24,99008215",610,610,"1,27974796","24,99008215",610,610,0,0,0,0,,0,,,0,"1,28072","24,999206"
"223,99463325","72,20963761",590,590,"223,99463325","72,20963761",590,590,"223,99463326","72,20963761",37,34,,0,,EV,67,"224,16202","72,236463"
"74025,21413129","2239,8746587",591,591,"74025,2141313","2239,8746587",591,591,"74025,2141313","2239,8746587",36,33,,0,Lac des Garrigues,EV,67,"74080,54734","2240,713666"
"181709,67070563","4278,92075389",592,592,"181709,670706","4278,92075389",592,592,"181709,670706","4278,92075389",35,32,,0,Berges Mosson (nord),EV,67,"181846,26351","4280,531263"
"4990,52504407","250,6498408",596,596,"4990,52504406","250,6498408",596,596,"4990,52504407","250,6498408",31,28,,0,,EV,67,"4994,23863","250,743081"
"86801,37713093","3048,78304946",598,598,"86801,3771308","3048,78304946",598,598,"86801,3771351","3048,78304946",29,26,,0,Parc zoologique de Lunaret,EV,67,"86865,90498","3049,916971"
"100289,57137468","1592,24332422",601,601,"100289,571375","1592,24332422",601,601,"100289,571376","1592,24332423",26,42,,0,Bois de Montmaur,EV,67,"100364,19557","1592,834807"
"89092,70719349","1402,02154838",606,606,"89092,7071935","1402,02154838",606,606,"89092,7071936","1402,0215484",21,3,,0,Parc zoologique de Lunaret,EV,67,"89158,85799","1402,543371"
"461,52302745","76,25413482",608,608,"461,52302745","76,25413482",608,608,"461,52302745","76,25413482",19,16,,0,,EV,67,"461,86479","76,282363"
"486,80373857","78,3130412",611,611,"486,80373857","78,3130412",611,611,"486,80373857","78,3130412",16,13,,0,,EV,67,"487,16335","78,341962"
"224,93199901","84,68948683",612,612,"224,93199901","84,68948683",612,612,"234,45117633","84,58683887",15,12,,0,,EV,67,"225,09825","84,720544"
"115169,36994562","1763,61802691",613,613,"115169,369946","1763,61802691",613,613,"115169,369945","1763,6180269",14,18,,0,Parc zoologique de Lunaret,EV,67,"115254,5129","1764,265636"
"288272,21606635","3543,61651396",614,614,"288272,216066","3543,61651396",614,614,"288272,216068","3543,61651397",13,11,,0,Bois de Montmaur,EV,67,"288485,82434","3544,925624"
"3047,06562279","195,88291954",615,615,"3047,06562279","195,88291954",615,615,"3047,06562279","195,88291954",12,10,,0,,EV,67,"3049,31333","195,955154"
"384,99181297","122,3679848",616,616,"384,99181297","122,3679848",616,616,"360,17030277","112,25862398",11,9,,0,,EV,67,"385,27697","122,413091"
"3872,51645768","343,33694999",617,617,"3872,51645768","343,33694999",617,617,"3872,51645768","343,33694999",10,8,,0,,EV,67,"3875,37617","343,463832"
"76446,31422835","1346,76013899",618,618,"76446,3142283","1346,76013899",618,618,"76446,3142278","1346,760139",9,756,,0,Parc zoologique de Lunaret,EV,67,"76502,82551","1347,25995"
"2239,37553992","178,4282409",619,619,"2239,37553993","178,4282409",619,619,"2224,8467224","178,2127476",8,7,,0,,EV,67,"2241,02675","178,494059"
"106403,70638712","2153,51819284",620,620,"106403,706387","2153,51819284",620,620,"106403,706387","2153,51819284",7,760,,0,Parc zoologique de Lunaret,EV,67,"106482,38024","2154,317174"
"197,8905983","77,75917998",621,621,"197,8905983","77,75917998",621,621,"206,93701536","73,12693696",6,6,,0,,EV,67,"198,03635","77,787846"
"2923,20267337","359,99443072",622,622,"2923,20267337","359,99443072",622,622,"2902,8633504","350,59788038",5,5,,0,,EV,67,"2925,35411","360,126043"
"216,14380267","89,64867896",623,623,"216,14380267","89,64867896",623,623,"227,85156706","89,56112633",4,4,,0,,EV,67,"216,30335","89,682021"
"5636,08722903","266,54474659",625,625,"5636,08722903","266,54474659",625,625,"5545,58922695","265,19035607",2,1,,0,,EV,67,"5640,17684","266,641435"
"118656,89312467","1499,1137647",482,482,"118656,893125","1499,11376471",482,482,"118656,893125","1499,11376471",172,180,,0,Bois de la Chaumière,EV,67,"118748,48123","1499,691123"
"258,96312697","63,6545491",483,483,"258,96312697","63,6545491",483,483,"258,96312697","63,6545491",171,179,,0,Aire de jeux des Papyrus,EV,67,"259,16333","63,679096"
"109538,78986357","1447,67654028",484,484,"109538,789864","1447,67654028",484,484,"109538,789864","1447,67654028",170,178,,0,Parcours de santé,EV,67,"109623,29149","1448,235717"
"9294,32482614","757,23931793",464,464,"9294,32482614","757,23931793",464,464,"9294,32482614","757,23931793",209,217,,0,,EV,67,"9301,50236","757,532008"
"974,15130797","110,78318539",466,466,"974,15130797","110,7831854",466,466,"974,15130797","110,7831854",207,215,,0,,EV,67,"974,9027","110,825902"
"137,06882079","81,29545176",469,469,"137,06882079","81,29545176",469,469,"137,06882079","81,29545176",204,212,,0,,EV,67,"137,17506","81,326916"
"1204,44169275","144,40056674",472,472,"1204,44169275","144,40056674",472,472,"1204,44169275","144,40056674",196,204,,0,,EV,67,"1205,36811","144,456355"
"156,08884186","44,51479858",475,475,"156,08884187","44,51479858",475,475,"156,08884186","44,51479858",189,197,,0,,EV,67,"156,20946","44,532001"
"67942,98947729","1112,55408431",477,477,"67942,9894773","1112,55408431",477,477,"67942,9894773","1112,55408431",179,187,,0,Square Joan l'an Près,EV,67,"67995,74646","1112,985721"
"17704,31070359","546,62921624",480,480,"17704,3107036","546,62921624",480,480,"17704,3107036","546,62921624",174,182,,0,,EV,67,"17718,0192","546,840564"
"5313,31949965","357,64508274",485,485,"5313,31949965","357,64508274",485,485,"5313,31949965","357,64508274",169,177,,0,Square de la piscine Mosson,EV,67,"5317,42518","357,782383"
"2630,21508807","301,1937872",488,488,"2630,21508807","301,1937872",488,488,"2630,21508807","301,1937872",166,174,,0,Square Jouanique (Cévennes),EV,67,"2632,24705","301,309905"
"107,22868364","45,18148598",489,489,"107,22868364","45,18148598",489,489,"107,22868364","45,18148598",165,173,,0,,EV,67,"107,31203","45,198907"
"90,70799243","42,31424732",490,490,"90,70799243","42,31424732",490,490,"90,70799243","42,31424732",164,172,,0,,EV,67,"90,77824","42,330482"
"5330,96245784","302,27461458",491,491,"5330,96245784","302,27461458",491,491,"5330,96245784","302,27461458",163,171,,0,Domaine de la Pompignane,EV,67,"5335,065","302,391372"
"8793,49581326","519,68943132",493,493,"8793,49581326","519,68943132",493,493,"8793,49581326","519,68943132",161,169,,0,Parc des Pastourelles,EV,67,"8800,26566","519,890237"
"316,89844339","69,22750396",495,495,"316,89844339","69,22750396",495,495,"316,89844339","69,22750396",152,160,,0,,EV,67,"317,14175","69,253916"
"2029,88644299","292,36462242",496,496,"2029,88644299","292,36462242",496,496,"2029,88644299","292,36462242",151,159,,0,Le petit Mail de la Mosson,EV,67,"2031,45499","292,477844"
"324,91797497","70,16056979",498,498,"324,91797497","70,16056979",498,498,"324,91797497","70,16056979",149,157,,0,,EV,67,"325,1683","70,187691"
"184,61218989","48,27450547",499,499,"184,61218989","48,27450547",499,499,"184,61218989","48,27450547",148,156,,0,,EV,67,"184,75415","48,293065"
"326,2143618","70,13204332",501,501,"326,2143618","70,13204332",501,501,"326,2143618","70,13204332",145,153,,0,,EV,67,"326,46387","70,158744"
"1154,20401581","173,91687483",502,502,"1154,20401581","173,91687483",502,502,"1154,20401581","173,91687483",144,152,,0,,EV,67,"1155,08951","173,983913"
"487,15039973","88,91574336",503,503,"487,15039973","88,91574336",503,503,"487,15039973","88,91574336",143,151,,0,Square rue des Castors,EV,67,"487,5246","88,949875"
"1167,67002675","244,47814141",504,504,"1167,67002675","244,47814141",504,504,"1167,67002675","244,47814141",142,150,,0,Parc du Mas Vanneau,EV,67,"1168,56584","244,571268"
"2452,58145151","296,36874148",505,505,"2452,58145151","296,36874148",505,505,"2452,58145151","296,36874148",141,149,,0,Parc du Mas Vanneau,EV,67,"2454,46382","296,481696"
"3402,92193955","323,12550088",486,486,"3402,92193955","323,12550088",486,486,"3402,92193955","323,12550088",168,176,,0,,EV,67,"3405,5537","323,251671"
"39600,0472276","1703,67443997",487,487,"39600,0472276","1703,67443997",487,487,"39600,0472276","1703,67443997",167,175,,0,Berges Mosson (sud),EV,67,"39630,75987","1704,333423"
"31,03960427","20,58062474",492,492,"31,03960427","20,58062474",492,492,"31,03960427","20,58062474",162,170,,0,,EV,67,"31,06364","20,588486"
"55065,14987349","1408,17116199",494,494,"55065,1498735","1408,17116199",494,494,"55065,1498735","1408,17116199",153,161,,0,,EV,67,"55107,59901","1408,71261"
"7518,25745262","505,73851553",497,497,"7518,25745262","505,73851553",497,497,"7518,25745262","505,73851553",150,158,,0,Parc Edith Piaf,EV,67,"7524,03932","505,933492"
"321,42285747","69,97473205",500,500,"321,42285747","69,97473205",500,500,"321,42285747","69,97473205",146,154,,0,,EV,67,"321,66923","70,001727"
"19940,71446068","621,80765826",507,507,"19940,7144607","621,80765826",507,507,"19940,7144607","621,80765826",139,147,,0,,EV,67,"19956,02488","622,045041"
"286,18414374","64,49925261",508,508,"286,18414374","64,49925261",508,508,"286,18414374","64,49925261",138,146,,0,Square rue des Loutres,EV,67,"286,40241","64,523915"
"8044,12879572","433,51904482",511,511,"8044,12879572","433,51904482",511,511,"8044,12879572","433,51904482",135,143,,0,Parc Sainte Odile,EV,67,"8050,29872","433,684411"
"1061,06636179","183,80816227",512,512,"1061,0663618","183,80816227",512,512,"1061,0663618","183,80816227",134,142,,0,Square des Terres Blanches,EV,67,"1061,88139","183,877971"
"18405,04532327","1563,56274374",514,514,"18405,0453233","1563,56274374",514,514,"18405,0453233","1563,56274374",131,139,,0,Berges du Rieutord,EV,67,"18419,21764","1564,172212"
"8028,25928668","441,04268735",516,516,"8028,25928668","441,04268735",516,516,"8028,25928668","441,04268735",129,137,,0,Parc Mas de Neuville,EV,67,"8034,39867","441,210651"
"419,34613724","99,45691955",517,517,"419,34613724","99,45691955",517,517,"419,34613724","99,45691955",126,134,,0,,EV,67,"419,66502","99,494579"
"20106,44354842","772,14038977",519,519,"20106,4435484","772,14038977",519,519,"20106,4435484","772,14038977",122,130,,0,Bassin de rétention Colombière,EV,67,"20121,81989","772,434291"
"3055,93747382","323,75819103",521,521,"3055,93747382","323,75819103",521,521,"3055,93747382","323,75819103",120,128,,0,,EV,67,"3058,26574","323,88179"
"25359,21152037","774,09520081",522,522,"25359,2115204","774,09520081",522,522,"25359,2115204","774,09520081",119,127,,0,Parc du Mas de la Paillade,EV,67,"25378,59311","774,39159"
"1092,44039001","154,55928607",524,524,"1092,44039001","154,55928607",524,524,"1092,44039001","154,55928607",117,125,,0,Square des Cétoines,EV,67,"1093,27386","154,617693"
"996,2564308","126,79549522",525,525,"996,2564308","126,79549522",525,525,"996,2564308","126,79549522",115,122,,0,Les Clolus 2,EV,67,"997,01453","126,84369"
"1245,0226999","414,72206559",526,526,"1245,0226999","414,72206559",526,526,"1245,0226999","414,72206559",114,121,,0,Aqueduc St-Clément 3,EV,67,"1245,97299","414,880135"
"4073,79410845","295,69617586",506,506,"4073,79410845","295,69617586",506,506,"4073,79410844","295,69617586",140,148,,0,,EV,67,"4076,92358","295,809675"
"483,21954455","89,65287079",509,509,"483,21954455","89,65287079",509,509,"483,21954455","89,65287079",137,145,,0,Parc du Mas Vanneau,EV,67,"483,58847","89,687069"
"29144,93733261","1025,54991044",510,510,"29144,9373326","1025,54991044",510,510,"29144,9373326","1025,54991044",136,144,,0,,EV,67,"29167,33167","1025,943357"
"1748,84909241","148,43397068",513,513,"1748,84909241","148,43397068",513,513,"1748,84909241","148,43397068",133,141,,0,,EV,67,"1750,18846","148,490799"
"11823,0708741","966,86822213",515,515,"11823,0708741","966,86822213",515,515,"11823,0708741","966,86822213",130,138,,0,Grand Mail,EV,67,"11832,13648","967,240386"
"37088,38180336","2284,84328799",518,518,"37088,3818034","2284,84328799",518,518,"37088,3818034","2284,84328799",123,131,,0,Berges Mosson (nord),EV,67,"37116,85479","2285,724868"
"67513,70697129","1246,1927587",520,520,"67513,7069713","1246,1927587",520,520,"67513,7069713","1246,1927587",121,129,,0,,EV,67,"67565,33049","1246,670333"
"495,0454197","107,62079981",523,523,"495,0454197","107,62079981",523,523,"495,0454197","107,62079981",118,126,,0,Place Rosa Parks,EV,67,"495,42385","107,662062"
"2244,74960222","193,80269516",528,528,"2244,74960222","193,80269516",528,528,"2244,74960222","193,80269516",112,116,,0,Chiens Aiguelongue,EV,67,"2246,45759","193,876398"
"1693,97543725","215,92194412",529,529,"1693,97543725","215,92194412",529,529,"1693,97543725","215,92194412",111,115,,0,Les Clolus 3,EV,67,"1695,2643","216,004141"
"1145,0105126","137,79017005",531,531,"1145,0105126","137,79017005",531,531,"1145,0105126","137,79017005",109,113,,0,Place de la Voie Domitienne,EV,67,"1145,8774","137,842254"
"940,43165881","126,47646624",533,533,"940,43165881","126,47646624",533,533,"940,43165882","126,47646624",107,111,,0,Place de la Voie Domitienne,EV,67,"941,14679","126,524628"
"202,08496492","71,7897379",534,534,"202,08496492","71,7897379",534,534,"202,08496492","71,7897379",106,110,,0,Place Edmond Rostand,EV,67,"202,23724","71,816999"
"6152,29774164","350,3633435",535,535,"6152,29774164","350,3633435",535,535,"6152,29774164","350,3633435",101,105,,0,,EV,67,"6156,96051","350,495855"
"0,07138825","22,32354689",536,536,"0,07138825","22,32354689",536,536,0,0,0,0,,0,,,0,"0,07089","22,332031"
"1361,85433204","147,64507929",537,537,"1361,85433204","147,64507929",537,537,"1361,85433204","147,64507929",98,102,,0,,EV,67,"1362,88609","147,701017"
"0,12764792","10,48779955",539,539,"0,12764792","10,48779955",539,539,0,0,0,0,,0,,,0,"0,12791","10,491719"
"1910,01659534","203,17867853",540,540,"1910,01659534","203,17867853",540,540,"1910,01659534","203,17867853",95,99,,0,,EV,67,"1911,4622","203,255673"
"0,64676964","72,37055778",542,542,"0,64676964","72,37055778",542,542,0,0,0,0,,0,,,0,"0,64727","72,397652"
"10115,20036641","422,94223082",543,543,"10115,2003664","422,94223082",543,543,"10115,2003664","422,94223082",92,96,,0,Parc St-Fiacre,EV,67,"10122,85835","423,102586"
"450,21278092","85,15841192",544,544,"450,21278092","85,15841192",544,544,"450,21278092","85,15841192",91,95,,0,Espace Chiens du parc Malbosc,EV,67,"450,55299","85,190576"
"2747,20405176","1132,73360448",545,545,"2747,20405173","1132,73360448",545,545,"2747,20405176","1132,73360448",90,94,,0,Aqueduc St-Clément 3,EV,67,"2749,28387","1133,158001"
"24533,50745982","1549,17607027",546,546,"24533,5074599","1549,17607027",546,546,"24533,5074598","1549,17607027",89,93,,0,Bois Château d'O,EV,67,"24552,09994","1549,757138"
"3924,63293624","284,95622823",547,547,"3924,63293624","284,95622823",547,547,"3924,63293624","284,95622823",88,92,,0,Parc St-Fiacre,EV,67,"3927,60145","285,064596"
"7,62225131","21,56095015",527,527,"7,62225131","21,56095015",527,527,"7,62225131","21,56095015",113,119,,0,,EV,67,"7,62803","21,569027"
"106,59603554","50,59978167",530,530,"106,59603554","50,59978167",530,530,"106,59603554","50,59978167",110,114,,0,,EV,67,"106,67584","50,618713"
"8329,13189826","453,2409202",532,532,"8329,13189826","453,2409202",532,532,"8329,13189826","453,2409202",108,112,,0,Parc Aiguelongue,EV,67,"8335,44716","453,413548"
"7475,4974056","306,70716662",538,538,"7475,49740559","306,70716662",538,538,"7475,49740559","306,70716662",97,101,,0,,EV,67,"7481,16539","306,823419"
"48329,85437992","1084,27433758",541,541,"48329,8543799","1084,27433758",541,541,"48329,8543799","1084,27433758",93,97,,0,Pinède Mosson,EV,67,"48366,51375","1084,686384"
"1476,04670005","240,27949255",548,548,"1476,04670005","240,27949255",548,548,"1476,04670005","240,27949255",87,91,,0,,EV,67,"1477,16205","240,369958"
"91,81856053","44,87050215",550,550,"91,81856053","44,87050215",550,550,"91,81856053","44,87050215",85,89,,0,,EV,67,"91,88774","44,887385"
"767,94621217","165,47733256",551,551,"767,94621217","165,47733256",551,551,"767,94621217","165,47733256",84,88,,0,,EV,67,"768,52338","165,539415"
"1673,56588197","176,32983631",552,552,"1673,56588197","176,32983631",552,552,"1673,56588197","176,32983631",83,87,,0,Square des Brusses,EV,67,"1674,82969","176,396433"
"7727,87685218","406,97679924",555,555,"7727,87685218","406,97679924",555,555,"7727,87685219","406,97679924",80,84,,0,Parc Rachel,EV,67,"7733,69599","407,130082"
"26081,8546886","869,51896556",556,556,"26081,8546886","869,51896557",556,556,"26081,8546881","869,51896557",79,788,,0,Théâtre d'Ô,EV,67,"26101,55878","869,847687"
"1077,77859636","190,49780159",557,557,"1077,77859636","190,49780159",557,557,"1077,77859636","190,49780159",76,77,,0,,EV,67,"1078,58923","190,568998"
"23393,63858228","626,09635993",559,559,"23393,6385823","626,09635993",559,559,"23393,638583","626,09635994",71,68,,0,Théâtre d'Ô,EV,67,"23411,26894","626,332568"
"262,19533171","69,41076395",560,560,"262,19533171","69,41076395",560,560,"210,51367598","67,50735365",70,71,,0,,EV,67,"262,39367","69,436873"
"526,97339166","106,19544449",561,561,"526,97339166","106,19544449",561,561,"526,97339166","106,19544449",69,70,,0,Square d' Ajaccio et extension,EV,67,"527,36844","106,235434"
"51,0702119","25,43933089",562,562,"51,0702119","25,43933089",562,562,"51,0702119","25,43933089",68,69,,0,,EV,67,"51,10874","25,448956"
"166802,24834471","3357,67658767",563,563,"166802,248345","3357,67658767",563,563,"166802,248346","3357,67658769",67,787,,0,Théâtre d'Ô,EV,67,"166928,04199","3358,936187"
"2299,55371402","236,93062386",564,564,"2299,55371402","236,93062386",564,564,"2299,55371402","236,93062386",66,67,,0,Square d' Ajaccio et extension,EV,67,"2301,28093","237,019634"
"151,46625996","166,07338371",565,565,"151,46625995","166,07338371",565,565,"151,46625995","166,07338371",65,66,,0,Lac des Garrigues,EV,67,"151,58153","166,135263"
"0,08584517","6,42769084",566,566,"0,08584517","6,42769084",566,566,"0,08584517","6,42769084",64,65,,0,Lac des Garrigues,EV,67,"0,08587","6,429983"
"0,08109169","6,07051986",567,567,"0,08109169","6,07051986",567,567,"0,08109169","6,07051986",63,64,,0,Lac des Garrigues,EV,67,"0,08117","6,07285"
"0,52364958","12,64981605",568,568,"0,52364958","12,64981605",568,568,"0,52364958","12,64981605",62,63,,0,Lac des Garrigues,EV,67,"0,52411","12,654594"
"4844,79160752","293,48477952",549,549,"4844,79160752","293,48477952",549,549,"4844,79160753","293,48477952",86,90,,0,Bassin de rétention Malbosc,EV,67,"4848,45117","293,595001"
"3056,2485449","223,84539423",553,553,"3056,2485449","223,84539424",553,553,"3056,2485449","223,84539424",82,86,,0,Square St Fiacre,EV,67,"3058,55359","223,929962"
"75937,51156538","2254,84548752",554,554,"75937,5115654","2254,84548752",554,554,"75937,5115654","2254,84548752",81,85,,0,Espace chiens du parc Méric,EV,67,"75995,02141","2255,697392"
"269130,1831103","3492,79825434",558,558,"269130,18311","3492,79825434",558,558,"269130,18311","3492,79825434",75,76,,0,Parc Malbosc,EV,67,"269334,72202","3494,124632"
"213,94216835","99,93556724",569,569,"213,94216835","99,93556724",569,569,"213,94216835","99,93556724",61,62,,0,Lac des Garrigues,EV,67,"214,10277","99,972733"
"2117,26565381","289,86110169",572,572,"2117,26565381","289,86110169",572,572,"2117,26565381","289,86110169",58,59,,0,Chateau d'eau,EV,67,"2118,85304","289,969705"
"145,05938917","74,30808808",573,573,"145,05938917","74,30808808",573,573,"140,54834266","70,31842101",57,58,,0,,EV,67,"145,16794","74,335704"
"650,21498131","157,06745447",574,574,"650,21498131","157,06745447",574,574,"650,21498131","157,06745447",56,57,,0,,EV,67,"650,70189","157,126564"
"7950,46910044","438,73705029",576,576,"7950,46910044","438,73705029",576,576,"7950,46910044","438,73705029",54,55,,0,Square d' Ajaccio et extension,EV,67,"7956,43726","438,902155"
"530,45020529","129,29111759",578,578,"530,4502053","129,29111759",578,578,"530,4502053","129,29111759",52,53,,0,,EV,67,"530,8484","129,339385"
"59587,69398317","1751,73264399",579,579,"59587,6939832","1751,73264399",579,579,"59587,6939832","1751,73264399",51,52,,0,,EV,67,"59632,4771","1752,388143"
"44,74852747","26,61866243",581,581,"44,74852747","26,61866243",581,581,"44,74852747","26,61866243",49,50,,0,,EV,67,"44,7823","26,628718"
"5324,67581305","363,08413833",582,582,"5324,67581305","363,08413834",582,582,"5324,67581305","363,08413834",48,49,,0,Square des sculpteurs,EV,67,"5328,66027","363,219562"
"196904,24704181","4872,52491358",624,624,"196904,247042","4872,52491358",624,624,"196904,24704","4872,5249136",3,2,,0,Réserve Naturelle Volontaire,EV,67,"197049,91697","4874,327289"
