<?xml version="1.0"?>
<!--<!DOCTYPE metadata SYSTEM "http://www.esri.com/metadata/esriprof80.dtd">-->
<metadata xml:lang="fr"><Esri><CreaDate>20091207</CreaDate><CreaTime>12523100</CreaTime><SyncOnce>FALSE</SyncOnce><DataProperties><lineage><Process Name="Create Feature Class" ToolSource="C:\Program Files\ArcGIS\ArcToolbox\Toolboxes\Data Management Tools.tbx\CreateFeatureclass" Date="20070705" Time="150957">CreateFeatureclass "C:\Imagis\Autres données\livraison_eau_ass\Autres_sources.mdb" Fontaines # fontaine_Layer SAME_AS_TEMPLATE SAME_AS_TEMPLATE "{B286C06B-0879-11D2-AACA-00C04FA33C20};706633.437321289 129735.620093077 62499.9999417923;0 100000;0 100000" # 0 0 0 "C:\Imagis\Autres données\livraison_eau_ass\Autres_sources.mdb\Fontaines"</Process><Process Name="Append" ToolSource="C:\Program Files\ArcGIS\ArcToolbox\Toolboxes\Data Management Tools.tbx\Append" Date="20070705" Time="150957">Append fontaine_Layer "C:\Imagis\Autres données\livraison_eau_ass\Autres_sources.mdb\Fontaines" TEST "C:\Imagis\Autres données\livraison_eau_ass\Autres_sources.mdb\Fontaines"</Process><Process Name="FeatureClassToFeatureClass_7" ToolSource="C:\Program Files\ArcGIS\ArcToolbox\Toolboxes\Conversion Tools.tbx\FeatureClassToFeatureClass" Date="20070705" Time="150958">FeatureClassToFeatureClass "C:\Imagis\Autres données\livraison_eau_ass\Ville_autres\fontaine.shp" "C:\Imagis\Autres données\livraison_eau_ass\Autres_sources.mdb" Fontaines # "ID ID VISIBLE;NOM NOM VISIBLE;LOCALIS LOCALIS VISIBLE;QUARTIER QUARTIER VISIBLE;CANTON CANTON VISIBLE;TYPE_D_OPé TYPE_D_OPé VISIBLE;MAIT_OUV MAIT_OUV VISIBLE;MAIT_OEU MAIT_OEU VISIBLE;REAL REAL_ VISIBLE;COUT COUT VISIBLE;CRE_DATE CRE_DATE VISIBLE;SUIVIE_PAR SUIVIE_PAR VISIBLE;GESTION_ GESTION_ VISIBLE;ENTRETIEN ENTRETIEN VISIBLE;COûT_FONCT COûT_FONCT VISIBLE;ETAT ETAT VISIBLE" SAME_AS_TEMPLATE SAME_AS_TEMPLATE # 0 "C:\Imagis\Autres données\livraison_eau_ass\Autres_sources.mdb\Fontaines"</Process><Process ToolSource="C:\Program Files\ArcGIS\ArcToolbox\Toolboxes\Data Management Tools.tbx\Project" Date="20091207" Time="123908">Project \\ig-margote\Data\RGF93\IMARES_ZIII.gdb\VILLE_Fontaines \\ig-margote\Data\RGF93\IMARES.gdb\VILLE_Fontaines PROJCS['RGF93_Lambert_93',GEOGCS['GCS_RGF_1993',DATUM['D_RGF_1993',SPHEROID['GRS_1980',6378137.0,298.257222101]],PRIMEM['Greenwich',0.0],UNIT['Degree',0.0174532925199433]],PROJECTION['Lambert_Conformal_Conic'],PARAMETER['False_Easting',700000.0],PARAMETER['False_Northing',6600000.0],PARAMETER['Central_Meridian',3.0],PARAMETER['Standard_Parallel_1',44.0],PARAMETER['Standard_Parallel_2',49.0],PARAMETER['Latitude_Of_Origin',46.5],UNIT['Meter',1.0]] RGF_1993_To_NTF_NTv2 PROJCS['NTF_Lambert_Zone_III',GEOGCS['GCS_NTF',DATUM['D_NTF',SPHEROID['Clarke_1880_IGN',6378249.2,293.46602]],PRIMEM['Greenwich',0.0],UNIT['Degree',0.0174532925199433]],PROJECTION['Lambert_Conformal_Conic'],PARAMETER['False_Easting',600000.0],PARAMETER['False_Northing',200000.0],PARAMETER['Central_Meridian',2.3372291667],PARAMETER['Standard_Parallel_1',43.1992913889],PARAMETER['Standard_Parallel_2',44.9960938889],PARAMETER['Scale_Factor',1.0],PARAMETER['Latitude_Of_Origin',44.1],UNIT['Meter',1.0]]</Process><Process Name="FeatureClassToFeatureClass_8" ToolSource="C:\Program Files\ArcGIS\ArcToolbox\Toolboxes\Conversion Tools.tbx\FeatureClassToFeatureClass" Date="20130606" Time="113600">FeatureClassToFeatureClass "Database Connections\sig.sde\IMARES.VILLE_Fontaines" c: fontaine.shp # "ID ID true true false 8 Text 0 0 ,First,#,Database Connections\sig.sde\IMARES.VILLE_Fontaines,ID,-1,-1;NOM NOM true true false 26 Text 0 0 ,First,#,Database Connections\sig.sde\IMARES.VILLE_Fontaines,NOM,-1,-1;LOCALIS LOCALIS true true false 70 Text 0 0 ,First,#,Database Connections\sig.sde\IMARES.VILLE_Fontaines,LOCALIS,-1,-1;QUARTIER QUARTIER true true false 32 Text 0 0 ,First,#,Database Connections\sig.sde\IMARES.VILLE_Fontaines,QUARTIER,-1,-1;CANTON CANTON true true false 2 Short 0 5 ,First,#,Database Connections\sig.sde\IMARES.VILLE_Fontaines,CANTON,-1,-1;TYPE_D_OPÉ TYPE_D_OPÉ true true false 16 Text 0 0 ,First,#,Database Connections\sig.sde\IMARES.VILLE_Fontaines,TYPE_D_OPÉ,-1,-1;MAIT_OUV MAIT_OUV true true false 32 Text 0 0 ,First,#,Database Connections\sig.sde\IMARES.VILLE_Fontaines,MAIT_OUV,-1,-1;MAIT_OEU MAIT_OEU true true false 32 Text 0 0 ,First,#,Database Connections\sig.sde\IMARES.VILLE_Fontaines,MAIT_OEU,-1,-1;REAL_ REAL_ true true false 32 Text 0 0 ,First,#,Database Connections\sig.sde\IMARES.VILLE_Fontaines,REAL_,-1,-1;COUT COUT true true false 8 Double 8 38 ,First,#,Database Connections\sig.sde\IMARES.VILLE_Fontaines,COUT,-1,-1;CRE_DATE CRE_DATE true true false 8 Double 8 38 ,First,#,Database Connections\sig.sde\IMARES.VILLE_Fontaines,CRE_DATE,-1,-1;SUIVIE_PAR SUIVIE_PAR true true false 16 Text 0 0 ,First,#,Database Connections\sig.sde\IMARES.VILLE_Fontaines,SUIVIE_PAR,-1,-1;GESTION_ GESTION_ true true false 16 Text 0 0 ,First,#,Database Connections\sig.sde\IMARES.VILLE_Fontaines,GESTION_,-1,-1;ENTRETIEN ENTRETIEN true true false 16 Text 0 0 ,First,#,Database Connections\sig.sde\IMARES.VILLE_Fontaines,ENTRETIEN,-1,-1;COÛT_FONCT COÛT_FONCT true true false 8 Double 8 38 ,First,#,Database Connections\sig.sde\IMARES.VILLE_Fontaines,COÛT_FONCT,-1,-1;ETAT ETAT true true false 16 Text 0 0 ,First,#,Database Connections\sig.sde\IMARES.VILLE_Fontaines,ETAT,-1,-1" # c:\fontaine.shp</Process></lineage></DataProperties><MetaID>{EA18BFE1-EA5C-42E3-9C26-5F5ACC327ED2}</MetaID><SyncDate>20130606</SyncDate><SyncTime>11355900</SyncTime><ModDate>20130606</ModDate><ModTime>11355900</ModTime></Esri><idinfo><citation><citeinfo><onlink Sync="TRUE">\\IG-P149\C$\fontaine.shp</onlink><origin>REQUIRED: The name of an organization or individual that developed the data set.</origin><pubdate>REQUIRED: The date when the data set is published or otherwise made available for release.</pubdate><title Sync="TRUE">fontaine</title><ftname Sync="TRUE">fontaine</ftname><geoform Sync="TRUE">vector digital data</geoform></citeinfo></citation><native Sync="TRUE">Microsoft Windows XP Version 5.1 (Build 2600) Service Pack 3; ESRI ArcCatalog 9.2.5.1450</native><descript><langdata Sync="TRUE">fr</langdata><abstract>REQUIRED: A brief narrative summary of the data set.</abstract><purpose>REQUIRED: A summary of the intentions with which the data set was developed.</purpose></descript><timeperd><current>REQUIRED: The basis on which the time period of content information is determined.</current><timeinfo><sngdate><caldate>REQUIRED: The year (and optionally month, or month and day) for which the data set corresponds to the ground.</caldate></sngdate></timeinfo></timeperd><status><progress>REQUIRED: The state of the data set.</progress><update>REQUIRED: The frequency with which changes and additions are made to the data set after the initial data set is completed.</update></status><spdom><bounding><westbc Sync="TRUE">REQUIRED: Western-most coordinate of the limit of coverage expressed in longitude.</westbc><eastbc Sync="TRUE">REQUIRED: Eastern-most coordinate of the limit of coverage expressed in longitude.</eastbc><northbc Sync="TRUE">REQUIRED: Northern-most coordinate of the limit of coverage expressed in latitude.</northbc><southbc Sync="TRUE">REQUIRED: Southern-most coordinate of the limit of coverage expressed in latitude.</southbc></bounding></spdom><keywords><theme><themekt>REQUIRED: Reference to a formally registered thesaurus or a similar authoritative source of theme keywords.</themekt><themekey>REQUIRED: Common-use word or phrase used to describe the subject of the data set.</themekey></theme></keywords><accconst>REQUIRED: Restrictions and legal prerequisites for accessing the data set.</accconst><useconst>REQUIRED: Restrictions and legal prerequisites for using the data set after access is granted.</useconst><natvform Sync="TRUE">Shapefile</natvform></idinfo><distInfo><distributor><distorTran><onLineSrc><linkage Sync="TRUE">file://\\IG-P149\C$\fontaine.shp</linkage><protocol Sync="TRUE">Local Area Network</protocol><orDesc Sync="TRUE">002</orDesc></onLineSrc><transSize Sync="TRUE">0,000</transSize></distorTran><distorFormat><formatName Sync="TRUE">Shapefile</formatName></distorFormat></distributor></distInfo><dataqual><lineage><procstep><procdesc Sync="TRUE">Jeu de données copié.</procdesc><srcused Sync="TRUE">\\GU-P165\Imagis\Autres données\livraison_eau_ass\Autres_sources.mdb</srcused><date Sync="TRUE">20070705</date><time Sync="TRUE">15202500</time></procstep><procstep><procdesc Sync="TRUE">Jeu de données copié.</procdesc><srcused Sync="TRUE">Server=ig-margote; Service=5151; User=imares; Version=SDE.DEFAULT</srcused><date Sync="TRUE">20091207</date><time Sync="TRUE">12320200</time></procstep><procstep><procdesc Sync="TRUE">Jeu de données copié.</procdesc><srcused Sync="TRUE">\\ig-margote\Data\RGF93\IMARES_ZIII.gdb</srcused><date Sync="TRUE">20091207</date><time Sync="TRUE">12390600</time></procstep><procstep><procdesc Sync="TRUE">Jeu de données copié.</procdesc><srcused Sync="TRUE">\\ig-margote\Data\RGF93\IMARES.gdb</srcused><date Sync="TRUE">20091207</date><time Sync="TRUE">12523100</time></procstep></lineage></dataqual><dataIdInfo><envirDesc Sync="TRUE">Microsoft Windows XP Version 5.1 (Build 2600) Service Pack 3; ESRI ArcCatalog 9.2.5.1450</envirDesc><dataLang><languageCode Sync="TRUE" value="fr"></languageCode></dataLang><idCitation><resTitle Sync="TRUE">fontaine</resTitle><presForm><PresFormCd Sync="TRUE" value="005"></PresFormCd></presForm></idCitation><spatRpType><SpatRepTypCd Sync="TRUE" value="001"></SpatRepTypCd></spatRpType></dataIdInfo><metainfo><langmeta Sync="TRUE">fr</langmeta><metstdn Sync="TRUE">FGDC Content Standards for Digital Geospatial Metadata</metstdn><metstdv Sync="TRUE">FGDC-STD-001-1998</metstdv><mettc Sync="TRUE">local time</mettc><metextns><onlink Sync="TRUE">http://www.esri.com/metadata/esriprof80.html</onlink><metprof Sync="TRUE">ESRI Metadata Profile</metprof></metextns><metc><cntinfo><cntorgp><cntper>REQUIRED: The person responsible for the metadata information.</cntper><cntorg>REQUIRED: The organization responsible for the metadata information.</cntorg></cntorgp><cntaddr><addrtype>REQUIRED: The mailing and/or physical address for the organization or individual.</addrtype><city>REQUIRED: The city of the address.</city><state>REQUIRED: The state or province of the address.</state><postal>REQUIRED: The ZIP or other postal code of the address.</postal></cntaddr><cntvoice>REQUIRED: The telephone number by which individuals can speak to the organization or individual.</cntvoice></cntinfo></metc><metd Sync="TRUE">20130606</metd></metainfo><mdLang><languageCode Sync="TRUE" value="fr"></languageCode></mdLang><mdStanName Sync="TRUE">ISO 19115 Geographic Information - Metadata</mdStanName><mdStanVer Sync="TRUE">DIS_ESRI1.0</mdStanVer><mdChar><CharSetCd Sync="TRUE" value="004"></CharSetCd></mdChar><mdHrLv><ScopeCd Sync="TRUE" value="005"></ScopeCd></mdHrLv><mdHrLvName Sync="TRUE">dataset</mdHrLvName><distinfo><resdesc Sync="TRUE">Downloadable Data</resdesc><stdorder><digform><digtinfo><transize Sync="TRUE">0,000</transize><dssize Sync="TRUE">0,000</dssize></digtinfo></digform></stdorder></distinfo><spdoinfo><direct Sync="TRUE">Vector</direct><ptvctinf><esriterm Name="fontaine"><efeatyp Sync="TRUE">Simple</efeatyp><efeageom Sync="TRUE">Point</efeageom><esritopo Sync="TRUE">FALSE</esritopo><efeacnt Sync="TRUE">0</efeacnt><spindex Sync="TRUE">FALSE</spindex><linrefer Sync="TRUE">FALSE</linrefer></esriterm><sdtsterm Name="fontaine"><sdtstype Sync="TRUE">Entity point</sdtstype><ptvctcnt Sync="TRUE">0</ptvctcnt></sdtsterm></ptvctinf></spdoinfo><spref><horizsys><cordsysn><geogcsn Sync="TRUE">GCS_RGF_1993</geogcsn><projcsn Sync="TRUE">RGF93_Lambert_93</projcsn></cordsysn><planar><mapproj><mapprojn Sync="TRUE">Lambert Conformal Conic</mapprojn><lambertc><stdparll Sync="TRUE">44.000000</stdparll><stdparll Sync="TRUE">49.000000</stdparll><longcm Sync="TRUE">3.000000</longcm><latprjo Sync="TRUE">46.500000</latprjo><feast Sync="TRUE">700000.000000</feast><fnorth Sync="TRUE">6600000.000000</fnorth></lambertc></mapproj><planci><plance Sync="TRUE">coordinate pair</plance><plandu Sync="TRUE">meters</plandu><coordrep><absres Sync="TRUE">0.000000</absres><ordres Sync="TRUE">0.000000</ordres></coordrep></planci></planar><geodetic><horizdn Sync="TRUE">D_RGF_1993</horizdn><ellips Sync="TRUE">Geodetic Reference System 80</ellips><semiaxis Sync="TRUE">6378137.000000</semiaxis><denflat Sync="TRUE">298.257222</denflat></geodetic></horizsys></spref><refSysInfo><RefSystem><refSysID><identCode Sync="TRUE">RGF93_Lambert_93</identCode></refSysID></RefSystem></refSysInfo><spatRepInfo><VectSpatRep><topLvl><TopoLevCd Sync="TRUE" value="001"></TopoLevCd></topLvl><geometObjs Name="fontaine"><geoObjTyp><GeoObjTypCd Sync="TRUE" value="004"></GeoObjTypCd></geoObjTyp><geoObjCnt Sync="TRUE">0</geoObjCnt></geometObjs></VectSpatRep></spatRepInfo><eainfo><detailed Name="fontaine"><enttyp><enttypl Sync="TRUE">fontaine</enttypl><enttypt Sync="TRUE">Feature Class</enttypt><enttypc Sync="TRUE">0</enttypc></enttyp><attr><attrlabl Sync="TRUE">FID</attrlabl><attalias Sync="TRUE">FID</attalias><attrtype Sync="TRUE">OID</attrtype><attwidth Sync="TRUE">4</attwidth><atprecis Sync="TRUE">0</atprecis><attscale Sync="TRUE">0</attscale><attrdef Sync="TRUE">Internal feature number.</attrdef><attrdefs Sync="TRUE">ESRI</attrdefs><attrdomv><udom Sync="TRUE">Sequential unique whole numbers that are automatically generated.</udom></attrdomv></attr><attr><attrlabl Sync="TRUE">Shape</attrlabl><attalias Sync="TRUE">Shape</attalias><attrtype Sync="TRUE">Geometry</attrtype><attwidth Sync="TRUE">0</attwidth><atprecis Sync="TRUE">0</atprecis><attscale Sync="TRUE">0</attscale><attrdef Sync="TRUE">Feature geometry.</attrdef><attrdefs Sync="TRUE">ESRI</attrdefs><attrdomv><udom Sync="TRUE">Coordinates defining the features.</udom></attrdomv></attr><attr><attrlabl Sync="TRUE">ID</attrlabl><attalias Sync="TRUE">ID</attalias><attrtype Sync="TRUE">String</attrtype><attwidth Sync="TRUE">8</attwidth></attr><attr><attrlabl Sync="TRUE">NOM</attrlabl><attalias Sync="TRUE">NOM</attalias><attrtype Sync="TRUE">String</attrtype><attwidth Sync="TRUE">26</attwidth></attr><attr><attrlabl Sync="TRUE">LOCALIS</attrlabl><attalias Sync="TRUE">LOCALIS</attalias><attrtype Sync="TRUE">String</attrtype><attwidth Sync="TRUE">70</attwidth></attr><attr><attrlabl Sync="TRUE">QUARTIER</attrlabl><attalias Sync="TRUE">QUARTIER</attalias><attrtype Sync="TRUE">String</attrtype><attwidth Sync="TRUE">32</attwidth></attr><attr><attrlabl Sync="TRUE">CANTON</attrlabl><attalias Sync="TRUE">CANTON</attalias><attrtype Sync="TRUE">Number</attrtype><attwidth Sync="TRUE">5</attwidth></attr><attr><attrlabl Sync="TRUE">TYPE_D_OPÉ</attrlabl><attalias Sync="TRUE">TYPE_D_OPÉ</attalias><attrtype Sync="TRUE">String</attrtype><attwidth Sync="TRUE">16</attwidth></attr><attr><attrlabl Sync="TRUE">MAIT_OUV</attrlabl><attalias Sync="TRUE">MAIT_OUV</attalias><attrtype Sync="TRUE">String</attrtype><attwidth Sync="TRUE">32</attwidth></attr><attr><attrlabl Sync="TRUE">MAIT_OEU</attrlabl><attalias Sync="TRUE">MAIT_OEU</attalias><attrtype Sync="TRUE">String</attrtype><attwidth Sync="TRUE">32</attwidth></attr><attr><attrlabl Sync="TRUE">REAL_</attrlabl><attalias Sync="TRUE">REAL_</attalias><attrtype Sync="TRUE">String</attrtype><attwidth Sync="TRUE">32</attwidth></attr><attr><attrlabl Sync="TRUE">COUT</attrlabl><attalias Sync="TRUE">COUT</attalias><attrtype Sync="TRUE">Number</attrtype><attwidth Sync="TRUE">19</attwidth><atnumdec Sync="TRUE">8</atnumdec></attr><attr><attrlabl Sync="TRUE">CRE_DATE</attrlabl><attalias Sync="TRUE">CRE_DATE</attalias><attrtype Sync="TRUE">Number</attrtype><attwidth Sync="TRUE">19</attwidth><atnumdec Sync="TRUE">8</atnumdec></attr><attr><attrlabl Sync="TRUE">SUIVIE_PAR</attrlabl><attalias Sync="TRUE">SUIVIE_PAR</attalias><attrtype Sync="TRUE">String</attrtype><attwidth Sync="TRUE">16</attwidth></attr><attr><attrlabl Sync="TRUE">GESTION_</attrlabl><attalias Sync="TRUE">GESTION_</attalias><attrtype Sync="TRUE">String</attrtype><attwidth Sync="TRUE">16</attwidth></attr><attr><attrlabl Sync="TRUE">ENTRETIEN</attrlabl><attalias Sync="TRUE">ENTRETIEN</attalias><attrtype Sync="TRUE">String</attrtype><attwidth Sync="TRUE">16</attwidth></attr><attr><attrlabl Sync="TRUE">COÛT_FONCT</attrlabl><attalias Sync="TRUE">COÛT_FONCT</attalias><attrtype Sync="TRUE">Number</attrtype><attwidth Sync="TRUE">19</attwidth><atnumdec Sync="TRUE">8</atnumdec></attr><attr><attrlabl Sync="TRUE">ETAT</attrlabl><attalias Sync="TRUE">ETAT</attalias><attrtype Sync="TRUE">String</attrtype><attwidth Sync="TRUE">16</attwidth></attr></detailed></eainfo><mdDateSt Sync="TRUE">20130606</mdDateSt></metadata>
