<?xml version="1.0"?>
<!--<!DOCTYPE metadata SYSTEM "http://www.esri.com/metadata/esriprof80.dtd">-->
<metadata xml:lang="fr"><Esri><MetaID>{F273F50E-40A9-4237-A6CC-555725676CF9}</MetaID><CreaDate>20100901</CreaDate><CreaTime>09552900</CreaTime><SyncOnce>FALSE</SyncOnce><SyncDate>20140313</SyncDate><SyncTime>13591200</SyncTime><ModDate>20140313</ModDate><ModTime>13591200</ModTime><DataProperties><lineage><Process ToolSource="C:\Program Files\ArcGIS\ArcToolbox\Toolboxes\Conversion Tools.tbx\FeatureClassToFeatureClass" Date="20101214" Time="175620">FeatureClassToFeatureClass C:\Integration\Import\VoirieOuvrageArt\OA_base.gdb\PONT C:\Integration\VOIRIE_DirectConnect.sde VOIRIE_OA # "Dénomination_pont 'Dénomination_pont' true true false 50 Text 0 0 ,First,#,C:\Integration\Import\VoirieOuvrageArt\OA_base.gdb\PONT,Dénomination_pont,-1,-1;Voie_de_gestion 'Voie_de_gestion' true true false 50 Text 0 0 ,First,#,C:\Integration\Import\VoirieOuvrageArt\OA_base.gdb\PONT,Voie_de_gestion,-1,-1;Voie_portée 'Voie_portée' true true false 50 Text 0 0 ,First,#,C:\Integration\Import\VoirieOuvrageArt\OA_base.gdb\PONT,Voie_portée,-1,-1;Obstacle_franchi 'Obstacle_franchi' true true false 80 Text 0 0 ,First,#,C:\Integration\Import\VoirieOuvrageArt\OA_base.gdb\PONT,Obstacle_franchi,-1,-1;Identifiant 'Identifiant' true true false 50 Text 0 0 ,First,#,C:\Integration\Import\VoirieOuvrageArt\OA_base.gdb\PONT,Identifiant,-1,-1;Structure 'Structure' true true false 80 Text 0 0 ,First,#,C:\Integration\Import\VoirieOuvrageArt\OA_base.gdb\PONT,Structure,-1,-1;Type_visite 'Type_visite' true true false 50 Text 0 0 ,First,#,C:\Integration\Import\VoirieOuvrageArt\OA_base.gdb\PONT,Type_visite,-1,-1;Indice_de_gravité 'Indice_de_gravité' true true false 50 Text 0 0 ,First,#,C:\Integration\Import\VoirieOuvrageArt\OA_base.gdb\PONT,Indice_de_gravité,-1,-1;Gestionnaire 'Gestionnaire' true true false 50 Text 0 0 ,First,#,C:\Integration\Import\VoirieOuvrageArt\OA_base.gdb\PONT,Gestionnaire,-1,-1;Secteur 'Secteur' true true false 50 Text 0 0 ,First,#,C:\Integration\Import\VoirieOuvrageArt\OA_base.gdb\PONT,Secteur,-1,-1;Tramway 'Tramway' true true false 50 Text 0 0 ,First,#,C:\Integration\Import\VoirieOuvrageArt\OA_base.gdb\PONT,Tramway,-1,-1;Ouverture__m_ 'Ouverture__m_' true true false 8 Double 0 0 ,First,#,C:\Integration\Import\VoirieOuvrageArt\OA_base.gdb\PONT,Ouverture__m_,-1,-1;Longueur__m_ 'Longueur__m_' true true false 8 Double 0 0 ,First,#,C:\Integration\Import\VoirieOuvrageArt\OA_base.gdb\PONT,Longueur__m_,-1,-1;Largeur_utile__m_ 'Largeur_utile__m_' true true false 8 Double 0 0 ,First,#,C:\Integration\Import\VoirieOuvrageArt\OA_base.gdb\PONT,Largeur_utile__m_,-1,-1;Surface_auto___m2_ 'Surface_auto___m2_' true true false 8 Double 0 0 ,First,#,C:\Integration\Import\VoirieOuvrageArt\OA_base.gdb\PONT,Surface_auto___m2_,-1,-1;Num__ordre 'Num__ordre' true true false 2 Short 0 0 ,First,#,C:\Integration\Import\VoirieOuvrageArt\OA_base.gdb\PONT,Num__ordre,-1,-1" # C:\Integration\VOIRIE_DirectConnect.sde\IMAVOI.VOIRIE_OA</Process><Process ToolSource="C:\Program Files (x86)\ArcGIS\Desktop10.0\ArcToolbox\Toolboxes\Conversion Tools.tbx\FeatureClassToFeatureClass" Date="20140313" Time="135915">FeatureClassToFeatureClass "Connexions aux bases de données\sig.sde\IMAVOI.VOIRIE_OA" c: oa.shp # "DÉNOMINATI "DÉNOMINATI" true true false 50 Text 0 0 ,First,#,Connexions aux bases de données\sig.sde\IMAVOI.VOIRIE_OA,DÉNOMINATION_PONT,-1,-1;VOIE_DE_GE "VOIE_DE_GE" true true false 50 Text 0 0 ,First,#,Connexions aux bases de données\sig.sde\IMAVOI.VOIRIE_OA,VOIE_DE_GESTION,-1,-1;VOIE_PORTÉ "VOIE_PORTÉ" true true false 50 Text 0 0 ,First,#,Connexions aux bases de données\sig.sde\IMAVOI.VOIRIE_OA,VOIE_PORTÉE,-1,-1;OBSTACLE_F "OBSTACLE_F" true true false 80 Text 0 0 ,First,#,Connexions aux bases de données\sig.sde\IMAVOI.VOIRIE_OA,OBSTACLE_FRANCHI,-1,-1;IDENTIFIAN "IDENTIFIAN" true true false 50 Text 0 0 ,First,#,Connexions aux bases de données\sig.sde\IMAVOI.VOIRIE_OA,IDENTIFIANT,-1,-1;STRUCTURE "STRUCTURE" true true false 80 Text 0 0 ,First,#,Connexions aux bases de données\sig.sde\IMAVOI.VOIRIE_OA,STRUCTURE,-1,-1;TYPE_VISIT "TYPE_VISIT" true true false 50 Text 0 0 ,First,#,Connexions aux bases de données\sig.sde\IMAVOI.VOIRIE_OA,TYPE_VISITE,-1,-1;INDICE_DE_ "INDICE_DE_" true true false 50 Text 0 0 ,First,#,Connexions aux bases de données\sig.sde\IMAVOI.VOIRIE_OA,INDICE_DE_GRAVITÉ,-1,-1;GESTIONNAI "GESTIONNAI" true true false 50 Text 0 0 ,First,#,Connexions aux bases de données\sig.sde\IMAVOI.VOIRIE_OA,GESTIONNAIRE,-1,-1;SECTEUR "SECTEUR" true true false 50 Text 0 0 ,First,#,Connexions aux bases de données\sig.sde\IMAVOI.VOIRIE_OA,SECTEUR,-1,-1;TRAMWAY "TRAMWAY" true true false 50 Text 0 0 ,First,#,Connexions aux bases de données\sig.sde\IMAVOI.VOIRIE_OA,TRAMWAY,-1,-1;OUVERTURE_ "OUVERTURE_" true true false 8 Double 8 38 ,First,#,Connexions aux bases de données\sig.sde\IMAVOI.VOIRIE_OA,OUVERTURE__M_,-1,-1;LONGUEUR__ "LONGUEUR__" true true false 8 Double 8 38 ,First,#,Connexions aux bases de données\sig.sde\IMAVOI.VOIRIE_OA,LONGUEUR__M_,-1,-1;LARGEUR_UT "LARGEUR_UT" true true false 8 Double 8 38 ,First,#,Connexions aux bases de données\sig.sde\IMAVOI.VOIRIE_OA,LARGEUR_UTILE__M_,-1,-1;SURFACE_AU "SURFACE_AU" true true false 8 Double 8 38 ,First,#,Connexions aux bases de données\sig.sde\IMAVOI.VOIRIE_OA,SURFACE_AUTO___M2_,-1,-1;NUM__ORDRE "NUM__ORDRE" true true false 2 Short 0 5 ,First,#,Connexions aux bases de données\sig.sde\IMAVOI.VOIRIE_OA,NUM__ORDRE,-1,-1" #</Process></lineage><itemProps><itemName Sync="TRUE">oa</itemName><imsContentType Sync="TRUE">002</imsContentType><itemSize Sync="TRUE">0,000</itemSize><itemLocation><linkage Sync="TRUE">file://\\DES-P092\C$\oa.shp</linkage><protocol Sync="TRUE">Local Area Network</protocol></itemLocation></itemProps><coordRef><type Sync="TRUE">Projected</type><geogcsn Sync="TRUE">GCS_RGF_1993</geogcsn><projcsn Sync="TRUE">RGF93_Lambert_93</projcsn><peXml Sync="TRUE">&lt;ProjectedCoordinateSystem xsi:type='typens:ProjectedCoordinateSystem' xmlns:xsi='http://www.w3.org/2001/XMLSchema-instance' xmlns:xs='http://www.w3.org/2001/XMLSchema' xmlns:typens='http://www.esri.com/schemas/ArcGIS/10.0'&gt;&lt;WKT&gt;PROJCS[&amp;quot;RGF93_Lambert_93&amp;quot;,GEOGCS[&amp;quot;GCS_RGF_1993&amp;quot;,DATUM[&amp;quot;D_RGF_1993&amp;quot;,SPHEROID[&amp;quot;GRS_1980&amp;quot;,6378137.0,298.257222101]],PRIMEM[&amp;quot;Greenwich&amp;quot;,0.0],UNIT[&amp;quot;Degree&amp;quot;,0.0174532925199433]],PROJECTION[&amp;quot;Lambert_Conformal_Conic&amp;quot;],PARAMETER[&amp;quot;False_Easting&amp;quot;,700000.0],PARAMETER[&amp;quot;False_Northing&amp;quot;,6600000.0],PARAMETER[&amp;quot;Central_Meridian&amp;quot;,3.0],PARAMETER[&amp;quot;Standard_Parallel_1&amp;quot;,44.0],PARAMETER[&amp;quot;Standard_Parallel_2&amp;quot;,49.0],PARAMETER[&amp;quot;Latitude_Of_Origin&amp;quot;,46.5],UNIT[&amp;quot;Meter&amp;quot;,1.0]]&lt;/WKT&gt;&lt;XOrigin&gt;-35597500&lt;/XOrigin&gt;&lt;YOrigin&gt;-23641900&lt;/YOrigin&gt;&lt;XYScale&gt;124074650.52332792&lt;/XYScale&gt;&lt;ZOrigin&gt;-100000&lt;/ZOrigin&gt;&lt;ZScale&gt;10000&lt;/ZScale&gt;&lt;MOrigin&gt;-100000&lt;/MOrigin&gt;&lt;MScale&gt;10000&lt;/MScale&gt;&lt;XYTolerance&gt;0.001&lt;/XYTolerance&gt;&lt;ZTolerance&gt;0.001&lt;/ZTolerance&gt;&lt;MTolerance&gt;0.001&lt;/MTolerance&gt;&lt;HighPrecision&gt;true&lt;/HighPrecision&gt;&lt;/ProjectedCoordinateSystem&gt;</peXml></coordRef></DataProperties></Esri><idinfo><native Sync="TRUE">Microsoft Windows XP Version 5.1 (Build 2600) Service Pack 3; ESRI ArcCatalog 9.3.1.4000</native><descript><langdata Sync="TRUE">fr</langdata><abstract>REQUIRED: A brief narrative summary of the data set.</abstract><purpose>REQUIRED: A summary of the intentions with which the data set was developed.</purpose></descript><citation><citeinfo><origin>REQUIRED: The name of an organization or individual that developed the data set.</origin><pubdate>REQUIRED: The date when the data set is published or otherwise made available for release.</pubdate><title Sync="TRUE">IMAVOI.VOIRIE_OA</title><ftname Sync="TRUE">IMAVOI.VOIRIE_OA</ftname><geoform Sync="TRUE">vector digital data</geoform><onlink Sync="TRUE">Server=ig-margote; Service=sde:oracle10g; User=IMAVOI; Version=SDE.DEFAULT</onlink></citeinfo></citation><timeperd><current>REQUIRED: The basis on which the time period of content information is determined.</current><timeinfo><sngdate><caldate>REQUIRED: The year (and optionally month, or month and day) for which the data set corresponds to the ground.</caldate></sngdate></timeinfo></timeperd><status><progress>REQUIRED: The state of the data set.</progress><update>REQUIRED: The frequency with which changes and additions are made to the data set after the initial data set is completed.</update></status><spdom><bounding><westbc Sync="TRUE">3.822002</westbc><eastbc Sync="TRUE">3.914386</eastbc><northbc Sync="TRUE">43.652843</northbc><southbc Sync="TRUE">43.585489</southbc></bounding><lboundng><leftbc Sync="TRUE">766407.093200</leftbc><rightbc Sync="TRUE">773785.434500</rightbc><bottombc Sync="TRUE">6276696.797300</bottombc><topbc Sync="TRUE">6284101.789700</topbc></lboundng></spdom><keywords><theme><themekt>REQUIRED: Reference to a formally registered thesaurus or a similar authoritative source of theme keywords.</themekt><themekey>REQUIRED: Common-use word or phrase used to describe the subject of the data set.</themekey></theme></keywords><accconst>REQUIRED: Restrictions and legal prerequisites for accessing the data set.</accconst><useconst>REQUIRED: Restrictions and legal prerequisites for using the data set after access is granted.</useconst><natvform Sync="TRUE">Classe d'entités ArcSDE</natvform></idinfo><dataIdInfo><envirDesc Sync="TRUE">Microsoft Windows Server 2008 R2 Version 6.1 (Build 7601) Service Pack 1; ESRI ArcGIS 10.0.0.2414</envirDesc><dataLang><languageCode Sync="TRUE" value="fra" country="FRA"></languageCode></dataLang><idCitation><resTitle Sync="TRUE">oa</resTitle><presForm><PresFormCd value="005"></PresFormCd></presForm></idCitation><dataExt><geoEle><GeoBndBox esriExtentType="native"><westBL Sync="TRUE">766407.0932</westBL><eastBL Sync="TRUE">773785.4345</eastBL><northBL Sync="TRUE">6284101.7897</northBL><southBL Sync="TRUE">6276696.7973</southBL><exTypeCode Sync="TRUE">1</exTypeCode></GeoBndBox></geoEle></dataExt><geoBox esriExtentType="decdegrees"><westBL Sync="TRUE">3.822002</westBL><eastBL Sync="TRUE">3.914386</eastBL><northBL Sync="TRUE">43.652843</northBL><southBL Sync="TRUE">43.585489</southBL><exTypeCode Sync="TRUE">1</exTypeCode></geoBox><descKeys><thesaName uuidref="723f6998-058e-11dc-8314-0800200c9a66"></thesaName><keyword Sync="TRUE">002</keyword></descKeys><spatRpType><SpatRepTypCd value="001"></SpatRepTypCd></spatRpType></dataIdInfo><metainfo><langmeta Sync="TRUE">fr</langmeta><metstdn Sync="TRUE">FGDC Content Standards for Digital Geospatial Metadata</metstdn><metstdv Sync="TRUE">FGDC-STD-001-1998</metstdv><mettc Sync="TRUE">local time</mettc><metc><cntinfo><cntorgp><cntper>REQUIRED: The person responsible for the metadata information.</cntper><cntorg>REQUIRED: The organization responsible for the metadata information.</cntorg></cntorgp><cntaddr><addrtype>REQUIRED: The mailing and/or physical address for the organization or individual.</addrtype><city>REQUIRED: The city of the address.</city><state>REQUIRED: The state or province of the address.</state><postal>REQUIRED: The ZIP or other postal code of the address.</postal></cntaddr><cntvoice>REQUIRED: The telephone number by which individuals can speak to the organization or individual.</cntvoice></cntinfo></metc><metd Sync="TRUE">20101214</metd></metainfo><mdLang><languageCode Sync="TRUE" value="fra"></languageCode></mdLang><mdStanName Sync="TRUE">ISO 19115 Informations géographiques - Métadonnées</mdStanName><mdStanVer Sync="TRUE"># 11108</mdStanVer><mdChar><CharSetCd Sync="TRUE" value="# 11111"></CharSetCd></mdChar><mdHrLv><ScopeCd Sync="TRUE" value="005"></ScopeCd></mdHrLv><mdHrLvName Sync="TRUE">dataset</mdHrLvName><distinfo><resdesc Sync="TRUE">Downloadable Data</resdesc></distinfo><distInfo><distributor><distorTran><onLineSrc><orDesc Sync="TRUE">002</orDesc><linkage Sync="TRUE">Server=ig-margote; Service=sde:oracle10g; User=IMAVOI; Version=SDE.DEFAULT</linkage><protocol Sync="TRUE">ArcSDE Connection</protocol></onLineSrc></distorTran><distorFormat><formatName Sync="TRUE">Classe d'entités ArcSDE</formatName></distorFormat></distributor><distFormat><formatName Sync="TRUE">Fichier de formes</formatName></distFormat><distTranOps><transSize Sync="TRUE">0,000</transSize></distTranOps></distInfo><spdoinfo><direct Sync="TRUE">Vector</direct><ptvctinf><esriterm Name="oa"><efeatyp Sync="TRUE">Simple</efeatyp><efeageom Sync="TRUE">1</efeageom><esritopo Sync="TRUE">FALSE</esritopo><efeacnt Sync="TRUE">0</efeacnt><spindex Sync="TRUE">FALSE</spindex><linrefer Sync="TRUE">FALSE</linrefer></esriterm></ptvctinf></spdoinfo><spref><horizsys><cordsysn><geogcsn Sync="TRUE">GCS_RGF_1993</geogcsn><projcsn Sync="TRUE">RGF93_Lambert_93</projcsn></cordsysn><planar><planci><plance Sync="TRUE">coordinate pair</plance><plandu Sync="TRUE">meters</plandu><coordrep><absres Sync="TRUE">0.000100</absres><ordres Sync="TRUE">0.000100</ordres></coordrep></planci></planar><geodetic><horizdn Sync="TRUE">D_RGF_1993</horizdn><ellips Sync="TRUE">Geodetic Reference System 80</ellips><semiaxis Sync="TRUE">6378137.000000</semiaxis><denflat Sync="TRUE">298.257222</denflat></geodetic></horizsys><vertdef><altsys><altenc Sync="TRUE">Explicit elevation coordinate included with horizontal coordinates</altenc><altres Sync="TRUE">1.000000</altres></altsys></vertdef></spref><refSysInfo><RefSystem><refSysID><identCode Sync="TRUE" code="0">RGF93_Lambert_93</identCode></refSysID></RefSystem></refSysInfo><spatRepInfo><VectSpatRep><topLvl><TopoLevCd Sync="TRUE" value="001"></TopoLevCd></topLvl><geometObjs Name="IMAVOI.VOIRIE_OA"><geoObjTyp><GeoObjTypCd Sync="TRUE" value="004"></GeoObjTypCd><geoObjCnt Sync="TRUE">0</geoObjCnt></geoObjTyp><geoObjCnt Sync="TRUE">0</geoObjCnt></geometObjs></VectSpatRep></spatRepInfo><eainfo><detailed Name="oa"><enttyp><enttypl Sync="TRUE">oa</enttypl><enttypt Sync="TRUE">Feature Class</enttypt><enttypc Sync="TRUE">0</enttypc></enttyp><attr><attrlabl Sync="TRUE">FID</attrlabl><attalias Sync="TRUE">FID</attalias><attrtype Sync="TRUE">OID</attrtype><attwidth Sync="TRUE">4</attwidth><atprecis Sync="TRUE">0</atprecis><attscale Sync="TRUE">0</attscale><attrdef Sync="TRUE">Internal feature number.</attrdef><attrdefs Sync="TRUE">ESRI</attrdefs><attrdomv><udom Sync="TRUE">Sequential unique whole numbers that are automatically generated.</udom></attrdomv></attr><attr><attrlabl Sync="TRUE">SHAPE</attrlabl><attalias Sync="TRUE">Shape</attalias><attrtype Sync="TRUE">Geometry</attrtype><attwidth Sync="TRUE">0</attwidth><atprecis Sync="TRUE">0</atprecis><attscale Sync="TRUE">0</attscale><attrdef Sync="TRUE">Feature geometry.</attrdef><attrdefs Sync="TRUE">ESRI</attrdefs><attrdomv><udom Sync="TRUE">Coordinates defining the features.</udom></attrdomv></attr><attr><attrlabl Sync="TRUE">DÉNOMINATI</attrlabl><attalias Sync="TRUE">DÉNOMINATI</attalias><attrtype Sync="TRUE">String</attrtype><attwidth Sync="TRUE">50</attwidth><atprecis Sync="TRUE">0</atprecis><attscale Sync="TRUE">0</attscale></attr><attr><attrlabl Sync="TRUE">VOIE_DE_GE</attrlabl><attalias Sync="TRUE">VOIE_DE_GE</attalias><attrtype Sync="TRUE">String</attrtype><attwidth Sync="TRUE">50</attwidth><atprecis Sync="TRUE">0</atprecis><attscale Sync="TRUE">0</attscale></attr><attr><attrlabl Sync="TRUE">VOIE_PORTÉ</attrlabl><attalias Sync="TRUE">VOIE_PORTÉ</attalias><attrtype Sync="TRUE">String</attrtype><attwidth Sync="TRUE">50</attwidth><atprecis Sync="TRUE">0</atprecis><attscale Sync="TRUE">0</attscale></attr><attr><attrlabl Sync="TRUE">OBSTACLE_F</attrlabl><attalias Sync="TRUE">OBSTACLE_F</attalias><attrtype Sync="TRUE">String</attrtype><attwidth Sync="TRUE">80</attwidth><atprecis Sync="TRUE">0</atprecis><attscale Sync="TRUE">0</attscale></attr><attr><attrlabl Sync="TRUE">IDENTIFIAN</attrlabl><attalias Sync="TRUE">IDENTIFIAN</attalias><attrtype Sync="TRUE">String</attrtype><attwidth Sync="TRUE">50</attwidth><atprecis Sync="TRUE">0</atprecis><attscale Sync="TRUE">0</attscale></attr><attr><attrlabl Sync="TRUE">Structure</attrlabl><attalias Sync="TRUE">STRUCTURE</attalias><attrtype Sync="TRUE">String</attrtype><attwidth Sync="TRUE">80</attwidth><atprecis Sync="TRUE">0</atprecis><attscale Sync="TRUE">0</attscale></attr><attr><attrlabl Sync="TRUE">TYPE_VISIT</attrlabl><attalias Sync="TRUE">TYPE_VISIT</attalias><attrtype Sync="TRUE">String</attrtype><attwidth Sync="TRUE">50</attwidth><atprecis Sync="TRUE">0</atprecis><attscale Sync="TRUE">0</attscale></attr><attr><attrlabl Sync="TRUE">INDICE_DE_</attrlabl><attalias Sync="TRUE">INDICE_DE_</attalias><attrtype Sync="TRUE">String</attrtype><attwidth Sync="TRUE">50</attwidth><atprecis Sync="TRUE">0</atprecis><attscale Sync="TRUE">0</attscale></attr><attr><attrlabl Sync="TRUE">GESTIONNAI</attrlabl><attalias Sync="TRUE">GESTIONNAI</attalias><attrtype Sync="TRUE">String</attrtype><attwidth Sync="TRUE">50</attwidth><atprecis Sync="TRUE">0</atprecis><attscale Sync="TRUE">0</attscale></attr><attr><attrlabl Sync="TRUE">Secteur</attrlabl><attalias Sync="TRUE">SECTEUR</attalias><attrtype Sync="TRUE">String</attrtype><attwidth Sync="TRUE">50</attwidth><atprecis Sync="TRUE">0</atprecis><attscale Sync="TRUE">0</attscale></attr><attr><attrlabl Sync="TRUE">Tramway</attrlabl><attalias Sync="TRUE">TRAMWAY</attalias><attrtype Sync="TRUE">String</attrtype><attwidth Sync="TRUE">50</attwidth><atprecis Sync="TRUE">0</atprecis><attscale Sync="TRUE">0</attscale></attr><attr><attrlabl Sync="TRUE">OUVERTURE_</attrlabl><attalias Sync="TRUE">OUVERTURE_</attalias><attrtype Sync="TRUE">Double</attrtype><attwidth Sync="TRUE">19</attwidth><atprecis Sync="TRUE">18</atprecis><attscale Sync="TRUE">8</attscale></attr><attr><attrlabl Sync="TRUE">LONGUEUR__</attrlabl><attalias Sync="TRUE">LONGUEUR__</attalias><attrtype Sync="TRUE">Double</attrtype><attwidth Sync="TRUE">19</attwidth><atprecis Sync="TRUE">18</atprecis><attscale Sync="TRUE">8</attscale></attr><attr><attrlabl Sync="TRUE">LARGEUR_UT</attrlabl><attalias Sync="TRUE">LARGEUR_UT</attalias><attrtype Sync="TRUE">Double</attrtype><attwidth Sync="TRUE">19</attwidth><atprecis Sync="TRUE">18</atprecis><attscale Sync="TRUE">8</attscale></attr><attr><attrlabl Sync="TRUE">SURFACE_AU</attrlabl><attalias Sync="TRUE">SURFACE_AU</attalias><attrtype Sync="TRUE">Double</attrtype><attwidth Sync="TRUE">19</attwidth><atprecis Sync="TRUE">18</atprecis><attscale Sync="TRUE">8</attscale></attr><attr><attrlabl Sync="TRUE">Num__ordre</attrlabl><attalias Sync="TRUE">NUM__ORDRE</attalias><attrtype Sync="TRUE">Integer</attrtype><attwidth Sync="TRUE">5</attwidth><atprecis Sync="TRUE">5</atprecis><attscale Sync="TRUE">0</attscale></attr></detailed></eainfo><mdDateSt Sync="TRUE">20140313</mdDateSt></metadata>
