<?xml version="1.0"?>
<!--<!DOCTYPE metadata SYSTEM "http://www.esri.com/metadata/esriprof80.dtd">-->
<metadata xml:lang="fr"><Esri><CreaDate>20100412</CreaDate><CreaTime>08234300</CreaTime><SyncOnce>FALSE</SyncOnce><DataProperties><lineage><Process Name="Créer la classe d'entités" ToolSource="C:\Program Files\ArcGIS\ArcToolbox\Toolboxes\Data Management Tools.tbx\CreateFeatureclass" Date="20060321" Time="131711">CreateFeatureclass "T:\PROCEDURE POS\01) modification PLU avril 2006\2) pieces graphiques\2)données\regles\regles surfaciques.mdb" secteur # secteur_Layer SAME_AS_TEMPLATE SAME_AS_TEMPLATE "PROJCS['NTF_Lambert_Zone_III',GEOGCS['GCS_NTF',DATUM['D_NTF',SPHEROID['Clarke_1880_IGN',6378249.2,293.46602]],PRIMEM['Greenwich',0.0],UNIT['Degree',0.0174532925199433]],PROJECTION['Lambert_Conformal_Conic'],PARAMETER['False_Easting',600000.0],PARAMETER['False_Northing',200000.0],PARAMETER['Central_Meridian',2.3372291667],PARAMETER['Standard_Parallel_1',43.1992913889],PARAMETER['Standard_Parallel_2',44.9960938889],PARAMETER['Scale_Factor',1.0],PARAMETER['Latitude_Of_Origin',44.1],UNIT['Meter',1.0]];706924,221307878 129530,615183 62499,9999417923;0 100000;0 100000" # 0 0 0 "T:\PROCEDURE POS\01) modification PLU avril 2006\2) pieces graphiques\2)données\regles\regles surfaciques.mdb\secteur"</Process><Process Name="Ajouter" ToolSource="C:\Program Files\ArcGIS\ArcToolbox\Toolboxes\Data Management Tools.tbx\Append" Date="20060321" Time="131712">Append secteur_Layer "T:\PROCEDURE POS\01) modification PLU avril 2006\2) pieces graphiques\2)données\regles\regles surfaciques.mdb\secteur" TEST "T:\PROCEDURE POS\01) modification PLU avril 2006\2) pieces graphiques\2)données\regles\regles surfaciques.mdb\secteur"</Process><Process Name="FeatureClassToFeatureClass_13" ToolSource="C:\Program Files\ArcGIS\ArcToolbox\Toolboxes\Conversion Tools.tbx\FeatureClassToFeatureClass" Date="20060321" Time="131713">FeatureClassToFeatureClass "T:\PROCEDURE POS\01) modification PLU avril 2006\2) pieces graphiques\2)données\regles\surfacique\secteur.shp" "T:\PROCEDURE POS\01) modification PLU avril 2006\2) pieces graphiques\2)données\regles\regles surfaciques.mdb" secteur # "CODCOMM CODCOMM VISIBLE;TYPE TYPE VISIBLE;SURFACE SURFACE VISIBLE;ID_SECT ID_SECT VISIBLE;INDICE_1 INDICE_1 VISIBLE;INDICE_2 INDICE_2 VISIBLE;COMENT COMENT VISIBLE;transpar transpar VISIBLE" SAME_AS_TEMPLATE SAME_AS_TEMPLATE # 0 "T:\PROCEDURE POS\01) modification PLU avril 2006\2) pieces graphiques\2)données\regles\regles surfaciques.mdb\secteur" "PROJCS['NTF_Lambert_Zone_III',GEOGCS['GCS_NTF',DATUM['D_NTF',SPHEROID['Clarke_1880_IGN',6378249.2,293.46602]],PRIMEM['Greenwich',0.0],UNIT['Degree',0.0174532925199433]],PROJECTION['Lambert_Conformal_Conic'],PARAMETER['False_Easting',600000.0],PARAMETER['False_Northing',200000.0],PARAMETER['Central_Meridian',2.3372291667],PARAMETER['Standard_Parallel_1',43.1992913889],PARAMETER['Standard_Parallel_2',44.9960938889],PARAMETER['Scale_Factor',1.0],PARAMETER['Latitude_Of_Origin',44.1],UNIT['Meter',1.0]];706924,221307878 129530,615183 62499,9999417923;0 100000;0 100000"</Process><Process Name="UpgradeSpatialReference_1" ToolSource="C:\Program Files\ArcGIS\ArcToolbox\Toolboxes\Data Management Tools.tbx\UpgradeSpatialReference" Date="20081110" Time="092958">UpgradeSpatialReference "Connexions aux bases de données\plu opposable.sde\PLU.secteur" 1,60000000149012E-05 # # "Connexions aux bases de données\plu opposable.sde\PLU.secteur"</Process><Process Name="Project_3" ToolSource="\\ig-margote\Data\RGF93\Toolbox.tbx\Project" Date="20091208" Time="125207">Project "Database Connections\PLU_DC.sde\PLU.secteur" \\ig-margote\Data\RGF93\PLU_2010.gdb\secteur PROJCS['RGF93_Lambert_93',GEOGCS['GCS_RGF_1993',DATUM['D_RGF_1993',SPHEROID['GRS_1980',6378137.0,298.257222101]],PRIMEM['Greenwich',0.0],UNIT['Degree',0.0174532925199433]],PROJECTION['Lambert_Conformal_Conic'],PARAMETER['False_Easting',700000.0],PARAMETER['False_Northing',6600000.0],PARAMETER['Central_Meridian',3.0],PARAMETER['Standard_Parallel_1',44.0],PARAMETER['Standard_Parallel_2',49.0],PARAMETER['Latitude_Of_Origin',46.5],UNIT['Meter',1.0]] RGF_1993_To_NTF_NTv2 PROJCS['NTF_Lambert_Zone_III',GEOGCS['GCS_NTF',DATUM['D_NTF',SPHEROID['Clarke_1880_IGN',6378249.2,293.46602]],PRIMEM['Greenwich',0.0],UNIT['Degree',0.0174532925199433]],PROJECTION['Lambert_Conformal_Conic'],PARAMETER['False_Easting',600000.0],PARAMETER['False_Northing',200000.0],PARAMETER['Central_Meridian',2.3372291667],PARAMETER['Standard_Parallel_1',43.1992913889],PARAMETER['Standard_Parallel_2',44.9960938889],PARAMETER['Scale_Factor',1.0],PARAMETER['Latitude_Of_Origin',44.1],UNIT['Meter',1.0]]</Process><Process Name="FeatureClassToFeatureClass_1" ToolSource="C:\Program Files\ArcGIS\ArcToolbox\Toolboxes\Conversion Tools.tbx\FeatureClassToFeatureClass" Date="20140129" Time="101546">FeatureClassToFeatureClass "Database Connections\sig.sde\PLU.AC1_monuments_historiques" c: monu_hist.shp # "DESIGNATIO DESIGNATIO true true false 255 Text 0 0 ,First,#,Database Connections\sig.sde\PLU.AC1_monuments_historiques,DESIGNATION,-1,-1;NATURE NATURE true true false 50 Text 0 0 ,First,#,Database Connections\sig.sde\PLU.AC1_monuments_historiques,NATURE,-1,-1;DESCRIPTIO DESCRIPTIO true true false 255 Text 0 0 ,First,#,Database Connections\sig.sde\PLU.AC1_monuments_historiques,DESCRIPTION,-1,-1;DATE_ DATE_ true true false 10 Text 0 0 ,First,#,Database Connections\sig.sde\PLU.AC1_monuments_historiques,DATE_,-1,-1;SITUE_EN_Z SITUE_EN_Z true true false 4 Text 0 0 ,First,#,Database Connections\sig.sde\PLU.AC1_monuments_historiques,SITUE_EN_ZPPAUP,-1,-1;RECALAGE RECALAGE true true false 2 Short 0 5 ,First,#,Database Connections\sig.sde\PLU.AC1_monuments_historiques,RECALAGE,-1,-1;DATE_RECAL date de recalage true true false 36 Date 0 0 ,First,#,Database Connections\sig.sde\PLU.AC1_monuments_historiques,DATE_RECALAGE,-1,-1;AREA AREA false false true 0 Double 0 0 ,First,#,Database Connections\sig.sde\PLU.AC1_monuments_historiques,SHAPE.AREA,-1,-1;LEN LEN false false true 0 Double 0 0 ,First,#,Database Connections\sig.sde\PLU.AC1_monuments_historiques,SHAPE.LEN,-1,-1" # c:\monu_hist.shp</Process></lineage></DataProperties><SyncDate>20140129</SyncDate><SyncTime>10154600</SyncTime><ModDate>20140129</ModDate><ModTime>10154600</ModTime><MetaID>{588252D5-5001-4EF7-90F6-1F8898A81147}</MetaID></Esri><idinfo><native Sync="TRUE">Microsoft Windows XP Version 5.1 (Build 2600) Service Pack 3; ESRI ArcCatalog 9.2.5.1450</native><descript><langdata Sync="TRUE">fr</langdata><abstract>localisation des monuments historiques de la Ville de Montpellier</abstract><purpose>informatoins sur les droits à construire</purpose></descript><citation><citeinfo><origin>Direction de l'Urbanisme de la Ville de Montpellier</origin><pubdate>2010</pubdate><title Sync="TRUE">monu_hist</title><ftname Sync="TRUE">monu_hist</ftname><geoform Sync="TRUE">vector digital data</geoform><onlink Sync="TRUE">\\IG-P149\C$\monu_hist.shp</onlink></citeinfo></citation><timeperd><current>publication date</current><timeinfo><sngdate><caldate>2011/05/24</caldate></sngdate></timeinfo></timeperd><status><progress>Complete</progress><update>As needed</update></status><spdom><bounding><westbc Sync="TRUE">3.817228</westbc><eastbc Sync="TRUE">3.928156</eastbc><northbc Sync="TRUE">43.654089</northbc><southbc Sync="TRUE">43.585045</southbc></bounding><lboundng><leftbc Sync="TRUE">766021.791300</leftbc><rightbc Sync="TRUE">774895.142200</rightbc><bottombc Sync="TRUE">6276660.350600</bottombc><topbc Sync="TRUE">6284236.215800</topbc></lboundng></spdom><keywords><theme><themekt>Urbanisme</themekt><themekey>PLU</themekey></theme><place><placekey>Montpellier</placekey></place></keywords><accconst>informations non publiques</accconst><useconst>données non oppasable à titre indicatif uniquement</useconst><natvform Sync="TRUE">Shapefile</natvform><ptcontac><cntinfo><cntorgp><cntorg>Ville de Montpellier</cntorg><cntper>S. Mahot</cntper></cntorgp><cntvoice>+33466347000</cntvoice><cntpos>Directeur</cntpos></cntinfo></ptcontac><secinfo><secclass>Restricted</secclass></secinfo></idinfo><metainfo><langmeta Sync="TRUE">fr</langmeta><metstdn Sync="TRUE">FGDC Content Standards for Digital Geospatial Metadata</metstdn><metstdv Sync="TRUE">FGDC-STD-001-1998</metstdv><mettc Sync="TRUE">local time</mettc><metc><cntinfo><cntorgp><cntper>REQUIRED: The person responsible for the metadata information.</cntper><cntorg>REQUIRED: The organization responsible for the metadata information.</cntorg></cntorgp><cntaddr><addrtype>REQUIRED: The mailing and/or physical address for the organization or individual.</addrtype><city>REQUIRED: The city of the address.</city><state>REQUIRED: The state or province of the address.</state><postal>REQUIRED: The ZIP or other postal code of the address.</postal></cntaddr><cntvoice>REQUIRED: The telephone number by which individuals can speak to the organization or individual.</cntvoice></cntinfo></metc><metd Sync="TRUE">20140129</metd><metextns><onlink Sync="TRUE">http://www.esri.com/metadata/esriprof80.html</onlink><metprof Sync="TRUE">ESRI Metadata Profile</metprof></metextns></metainfo><distinfo><resdesc Sync="TRUE">Downloadable Data</resdesc><stdorder><digform><digtinfo><transize Sync="TRUE">0,000</transize><dssize Sync="TRUE">0,000</dssize></digtinfo></digform></stdorder></distinfo><distInfo><distributor><distorTran><onLineSrc><orDesc Sync="TRUE">002</orDesc><linkage Sync="TRUE">file://\\IG-P149\C$\monu_hist.shp</linkage><protocol Sync="TRUE">Local Area Network</protocol></onLineSrc><transSize Sync="TRUE">0,000</transSize></distorTran><distorFormat><formatName Sync="TRUE">Shapefile</formatName></distorFormat></distributor></distInfo><spdoinfo><direct Sync="TRUE">Vector</direct><ptvctinf><esriterm Name="monu_hist"><efeatyp Sync="TRUE">Simple</efeatyp><efeageom Sync="TRUE">Polygon</efeageom><esritopo Sync="TRUE">FALSE</esritopo><efeacnt Sync="TRUE">0</efeacnt><spindex Sync="TRUE">FALSE</spindex><linrefer Sync="TRUE">FALSE</linrefer></esriterm><sdtsterm Name="monu_hist"><sdtstype Sync="TRUE">G-polygon</sdtstype><ptvctcnt Sync="TRUE">0</ptvctcnt></sdtsterm></ptvctinf></spdoinfo><spref><horizsys><cordsysn><geogcsn Sync="TRUE">GCS_RGF_1993</geogcsn><projcsn Sync="TRUE">RGF93_Lambert_93</projcsn></cordsysn><planar><planci><plance Sync="TRUE">coordinate pair</plance><plandu Sync="TRUE">meters</plandu><coordrep><absres Sync="TRUE">0.000000</absres><ordres Sync="TRUE">0.000000</ordres></coordrep></planci><mapproj><mapprojn Sync="TRUE">Lambert Conformal Conic</mapprojn><lambertc><stdparll Sync="TRUE">44.000000</stdparll><stdparll Sync="TRUE">49.000000</stdparll><longcm Sync="TRUE">3.000000</longcm><latprjo Sync="TRUE">46.500000</latprjo><feast Sync="TRUE">700000.000000</feast><fnorth Sync="TRUE">6600000.000000</fnorth></lambertc></mapproj></planar><geodetic><horizdn Sync="TRUE">D_RGF_1993</horizdn><ellips Sync="TRUE">Geodetic Reference System 80</ellips><semiaxis Sync="TRUE">6378137.000000</semiaxis><denflat Sync="TRUE">298.257222</denflat></geodetic></horizsys><vertdef><altsys><altenc Sync="TRUE">Explicit elevation coordinate included with horizontal coordinates</altenc><altres Sync="TRUE">1.000000</altres></altsys></vertdef></spref><eainfo><detailed Name="monu_hist"><attr><attrlabl Sync="TRUE">NATURE</attrlabl><attalias Sync="TRUE">SHAPE.LEN</attalias><attrtype Sync="TRUE">Double</attrtype><attwidth Sync="TRUE">0</attwidth><atprecis Sync="TRUE">0</atprecis><attscale Sync="TRUE">0</attscale></attr><attr><attrlabl Sync="TRUE">SHAPE</attrlabl><attalias Sync="TRUE">DESCRIPTION</attalias><attrtype Sync="TRUE">String</attrtype><attwidth Sync="TRUE">255</attwidth><atprecis Sync="TRUE">0</atprecis><attscale Sync="TRUE">0</attscale><attrdef Sync="TRUE">Feature geometry.</attrdef><attrdefs Sync="TRUE">ESRI</attrdefs><attrdomv><udom Sync="TRUE">Coordinates defining the features.</udom></attrdomv></attr><attr><attrlabl Sync="TRUE">DATE_</attrlabl><attalias Sync="TRUE">SITUE_EN_ZPPAUP</attalias><attrtype Sync="TRUE">String</attrtype><attwidth Sync="TRUE">254</attwidth></attr><attr><attrlabl Sync="TRUE">FID</attrlabl><attalias Sync="TRUE">FID</attalias><attrtype Sync="TRUE">String</attrtype><attwidth Sync="TRUE">50</attwidth><attrdef Sync="TRUE">Internal feature number.</attrdef><attrdefs Sync="TRUE">ESRI</attrdefs><attrdomv><udom Sync="TRUE">Sequential unique whole numbers that are automatically generated.</udom></attrdomv></attr><attr><attrlabl Sync="TRUE">DESIGNATIO</attrlabl><attalias Sync="TRUE">DESIGNATIO</attalias><attrtype Sync="TRUE">String</attrtype><attwidth Sync="TRUE">254</attwidth></attr><attr><attrlabl Sync="TRUE">Shape</attrlabl><attalias Sync="TRUE">NATURE</attalias><attrtype Sync="TRUE">String</attrtype><attwidth Sync="TRUE">10</attwidth><attrdef Sync="TRUE">Feature geometry.</attrdef><attrdefs Sync="TRUE">ESRI</attrdefs><attrdomv><udom Sync="TRUE">Coordinates defining the features.</udom></attrdomv></attr><enttyp><enttypl Sync="TRUE">monu_hist</enttypl><enttypt Sync="TRUE">Feature Class</enttypt><enttypc Sync="TRUE">0</enttypc></enttyp><attr><attrlabl Sync="TRUE">DESCRIPTIO</attrlabl><attalias Sync="TRUE">DESCRIPTIO</attalias><attrtype Sync="TRUE">String</attrtype><attwidth Sync="TRUE">4</attwidth></attr><attr><attrlabl Sync="TRUE">SITUE_EN_Z</attrlabl><attalias Sync="TRUE">SITUE_EN_Z</attalias><attrtype Sync="TRUE">Number</attrtype><attwidth Sync="TRUE">5</attwidth></attr><attr><attrlabl Sync="TRUE">RECALAGE</attrlabl><attalias Sync="TRUE">RECALAGE</attalias><attrtype Sync="TRUE">Date</attrtype><attwidth Sync="TRUE">8</attwidth></attr><attr><attrlabl Sync="TRUE">DATE_RECAL</attrlabl><attalias Sync="TRUE">DATE_RECAL</attalias><attrtype Sync="TRUE">Float</attrtype><attwidth Sync="TRUE">19</attwidth><atnumdec Sync="TRUE">11</atnumdec></attr><attr><attrlabl Sync="TRUE">AREA</attrlabl><attalias Sync="TRUE">AREA</attalias><attrtype Sync="TRUE">Float</attrtype><attwidth Sync="TRUE">19</attwidth><atnumdec Sync="TRUE">11</atnumdec></attr><attr><attrlabl Sync="TRUE">LEN</attrlabl><attalias Sync="TRUE">LEN</attalias><attrtype Sync="TRUE">Double</attrtype><attwidth Sync="TRUE">19</attwidth><atprecis Sync="TRUE">0</atprecis><attscale Sync="TRUE">0</attscale></attr></detailed><detailed Name="PLU.lien_secteur_annotations_1"><enttyp><enttypl Sync="TRUE">PLU.lien_secteur_annotations_1</enttypl><enttypt Sync="TRUE">Relationship</enttypt></enttyp><attr><atnumdec/></attr><attr><atnumdec/></attr></detailed><detailed Name="PLU.Anno_700_1145"><enttyp><enttypl Sync="TRUE">PLU.Anno_700_1145</enttypl><enttypt Sync="TRUE">Relationship</enttypt></enttyp><attr><atnumdec/></attr><attr><atnumdec/></attr></detailed></eainfo><dataqual><lineage><procstep><procdesc Sync="TRUE">Jeu de données copié.</procdesc><srcused Sync="TRUE">\\ig-rowlf\dap$\PROCEDURE POS\03) édition janvier 2007\2) pieces graphiques\arc9\2)données\regles\regles surfaciques.mdb</srcused><date Sync="TRUE">20061120</date><time Sync="TRUE">14322300</time></procstep><procstep><procdesc Sync="TRUE">Jeu de données copié.</procdesc><srcused Sync="TRUE">\\AP-P053\C$\regles.mdb</srcused><date Sync="TRUE">20080118</date><time Sync="TRUE">11504500</time></procstep><procstep><procdesc Sync="TRUE">Jeu de données copié.</procdesc><srcused Sync="TRUE">Server=ig-margote; Service=5151; Database=SIG; User=PLU; Version=PLU.Modification du PLU</srcused><date Sync="TRUE">20090226</date><time Sync="TRUE">11460500</time></procstep><procstep><procdesc Sync="TRUE">Jeu de données copié.</procdesc><srcused Sync="TRUE">\\ig-gonzo\dap$\PROCEDURE PLU\modi_plu_2009.mdb</srcused><date Sync="TRUE">20090625</date><time Sync="TRUE">08320500</time></procstep><procstep><procdesc Sync="TRUE">Dataset copied.</procdesc><srcused Sync="TRUE">Server=ig-margote; Service=sde:oracle10g; User=PLU; Version=PLU.prochainemodif2010</srcused><date Sync="TRUE">20091208</date><time Sync="TRUE">12515900</time></procstep><procstep><procdesc Sync="TRUE">Jeu de données copié.</procdesc><srcused Sync="TRUE">\\ig-gonzo\dap$\PROCEDURE PLU\20) modification  PLU 1er semestre 2010\Instruction\PLU_2010.gdb</srcused><date Sync="TRUE">20100212</date><time Sync="TRUE">15215500</time></procstep><procstep><procdesc Sync="TRUE">Jeu de données copié.</procdesc><srcused Sync="TRUE">\\ig-gonzo\dap$\PROCEDURE PLU\22) édition 2010\instruction\PLU_2010.gdb</srcused><date Sync="TRUE">20100406</date><time Sync="TRUE">10290700</time></procstep><procstep><procdesc Sync="TRUE">Jeu de données copié.</procdesc><srcused Sync="TRUE">\\ig-gonzo\dap$\PROCEDURE PLU\22) édition avril 2010\instruction\PLU_2010.gdb</srcused><date Sync="TRUE">20100412</date><time Sync="TRUE">08234300</time></procstep></lineage></dataqual><dataIdInfo><envirDesc Sync="TRUE">Microsoft Windows XP Version 5.1 (Build 2600) Service Pack 3; ESRI ArcCatalog 9.2.5.1450</envirDesc><dataLang><languageCode Sync="TRUE" value="fr"></languageCode></dataLang><idCitation><resTitle Sync="TRUE">monu_hist</resTitle><presForm><PresFormCd Sync="TRUE" value="005"></PresFormCd></presForm></idCitation><dataExt><geoEle><GeoBndBox esriExtentType="native"><westBL Sync="TRUE">766021.7913</westBL><eastBL Sync="TRUE">774895.1422</eastBL><northBL Sync="TRUE">6284236.2158</northBL><southBL Sync="TRUE">6276660.3506</southBL><exTypeCode Sync="TRUE">1</exTypeCode></GeoBndBox></geoEle></dataExt><geoBox esriExtentType="decdegrees"><westBL Sync="TRUE">3.817228</westBL><eastBL Sync="TRUE">3.928156</eastBL><northBL Sync="TRUE">43.654089</northBL><southBL Sync="TRUE">43.585045</southBL><exTypeCode Sync="TRUE">1</exTypeCode></geoBox><spatRpType><SpatRepTypCd Sync="TRUE" value="001"></SpatRepTypCd></spatRpType></dataIdInfo><mdLang><languageCode Sync="TRUE" value="fr"></languageCode></mdLang><mdStanName Sync="TRUE">ISO 19115 Geographic Information - Metadata</mdStanName><mdStanVer Sync="TRUE">DIS_ESRI1.0</mdStanVer><mdChar><CharSetCd Sync="TRUE" value="004"></CharSetCd></mdChar><mdHrLv><ScopeCd Sync="TRUE" value="005"></ScopeCd></mdHrLv><mdHrLvName Sync="TRUE">dataset</mdHrLvName><refSysInfo><RefSystem><refSysID><identCode Sync="TRUE">RGF93_Lambert_93</identCode></refSysID></RefSystem></refSysInfo><spatRepInfo><VectSpatRep><topLvl><TopoLevCd Sync="TRUE" value="001"></TopoLevCd></topLvl><geometObjs Name="monu_hist"><geoObjTyp><GeoObjTypCd Sync="TRUE" value="001"></GeoObjTypCd></geoObjTyp><geoObjCnt Sync="TRUE">0</geoObjCnt></geometObjs></VectSpatRep></spatRepInfo><mdDateSt Sync="TRUE">20140129</mdDateSt></metadata>
