<metadata xml:lang="fr"><Esri><CreaDate>20140516</CreaDate><CreaTime>11060000</CreaTime><ArcGISFormat>1.0</ArcGISFormat><SyncOnce>FALSE</SyncOnce><DataProperties><lineage><Process ToolSource="c:\program files\arcgis\desktop10.0\ArcToolbox\Toolboxes\Data Management Tools.tbx\DeleteField" Date="20130516" Time="100639" Name="" export="">DeleteField eqpt2013QSQC FID_1;FID_1_1;OBJECTID;AREA;PERIMETER;EQPTMPT_20;EQPTMPT_21;Quartier;SQuartier;Canton;OBJECTID_1;AREA_1;PERIMETE_1;QUARTIER_I;COMMUNE;QUARTIER_1;SYMBOL;Shape_Leng;Shape_Area;OBJECTID_2;AREA_2;PERIMETE_2;SQUARTIE_1;QUARTIER_2;SQUARTMN_1;LIBSQUAR_1;Shape_Le_1;Shape_Ar_1;OBJECTID_3;AREA_3;PERIMETE_3;CANTON_ID;CANTON_1;LIBCANT;SYMBOLE;Shape_Le_2;Shape_Ar_2</Process><Process ToolSource="c:\program files\arcgis\desktop10.0\ArcToolbox\Toolboxes\Data Management Tools.tbx\DeleteField" Date="20130516" Time="100846" Name="" export="">DeleteField eqpt2013QSQC QUARTMNO;LIBQUART;SQUARTMNO;LIBSQUART</Process><Process ToolSource="c:\program files\arcgis\desktop10.0\ArcToolbox\Toolboxes\Conversion Tools.tbx\FeatureClassToFeatureClass" Date="20130516" Time="101030" Name="" export="">FeatureClassToFeatureClass D:\DONNEES\Nicolas\espaces_de_travail\Géodatabases_diverses\eqpt2013QSQC.shp D:\DONNEES\Nicolas\espaces_de_travail\Géodatabases_diverses\Plan_Ville_RGF1993.gdb eqpt2013 # "CDCOL "CDCOL" true true false 254 Text 0 0 ,First,#,D:\DONNEES\Nicolas\espaces_de_travail\Géodatabases_diverses\eqpt2013QSQC.shp,CDCOL,-1,-1;LIBEL "LIBEL" true true false 254 Text 0 0 ,First,#,D:\DONNEES\Nicolas\espaces_de_travail\Géodatabases_diverses\eqpt2013QSQC.shp,LIBEL,-1,-1;CDRUE "CDRUE" true true false 19 Double 0 0 ,First,#,D:\DONNEES\Nicolas\espaces_de_travail\Géodatabases_diverses\eqpt2013QSQC.shp,CDRUE,-1,-1;NORUE "NORUE" true true false 19 Double 0 0 ,First,#,D:\DONNEES\Nicolas\espaces_de_travail\Géodatabases_diverses\eqpt2013QSQC.shp,NORUE,-1,-1;BIS "BIS" true true false 254 Text 0 0 ,First,#,D:\DONNEES\Nicolas\espaces_de_travail\Géodatabases_diverses\eqpt2013QSQC.shp,BIS,-1,-1;FAMILLE "FAMILLE" true true false 2 Text 0 0 ,First,#,D:\DONNEES\Nicolas\espaces_de_travail\Géodatabases_diverses\eqpt2013QSQC.shp,FAMILLE,-1,-1;SFAMILLE "SFAMILLE" true true false 2 Text 0 0 ,First,#,D:\DONNEES\Nicolas\espaces_de_travail\Géodatabases_diverses\eqpt2013QSQC.shp,SFAMILLE,-1,-1;LIBTRI "LIBTRI" true true false 64 Text 0 0 ,First,#,D:\DONNEES\Nicolas\espaces_de_travail\Géodatabases_diverses\eqpt2013QSQC.shp,LIBTRI,-1,-1;COORD1_05 "COORD1_05" true true false 4 Text 0 0 ,First,#,D:\DONNEES\Nicolas\espaces_de_travail\Géodatabases_diverses\eqpt2013QSQC.shp,COORD1_05,-1,-1;COORD2_05 "COORD2_05" true true false 4 Text 0 0 ,First,#,D:\DONNEES\Nicolas\espaces_de_travail\Géodatabases_diverses\eqpt2013QSQC.shp,COORD2_05,-1,-1;PLAN_05 "PLAN_05" true true false 2 Text 0 0 ,First,#,D:\DONNEES\Nicolas\espaces_de_travail\Géodatabases_diverses\eqpt2013QSQC.shp,PLAN_05,-1,-1;RUBRIQUE "RUBRIQUE" true true false 12 Text 0 0 ,First,#,D:\DONNEES\Nicolas\espaces_de_travail\Géodatabases_diverses\eqpt2013QSQC.shp,RUBRIQUE,-1,-1;HISCLEPATR "HISCLEPATR" true true false 8 Text 0 0 ,First,#,D:\DONNEES\Nicolas\espaces_de_travail\Géodatabases_diverses\eqpt2013QSQC.shp,HISCLEPATR,-1,-1;STATUT "STATUT" true true false 4 Text 0 0 ,First,#,D:\DONNEES\Nicolas\espaces_de_travail\Géodatabases_diverses\eqpt2013QSQC.shp,STATUT,-1,-1;CODCOMM "CODCOMM" true true false 6 Text 0 0 ,First,#,D:\DONNEES\Nicolas\espaces_de_travail\Géodatabases_diverses\eqpt2013QSQC.shp,CODCOMM,-1,-1;CDRUB "CDRUB" true true false 9 Long 0 9 ,First,#,D:\DONNEES\Nicolas\espaces_de_travail\Géodatabases_diverses\eqpt2013QSQC.shp,CDRUB,-1,-1;TMPFID "TMPFID" true true false 9 Long 0 9 ,First,#,D:\DONNEES\Nicolas\espaces_de_travail\Géodatabases_diverses\eqpt2013QSQC.shp,TMPFID,-1,-1;DELTA_CAT "DELTA_CAT" true true false 50 Text 0 0 ,First,#,D:\DONNEES\Nicolas\espaces_de_travail\Géodatabases_diverses\eqpt2013QSQC.shp,DELTA_CAT,-1,-1;DELTA_SSCA "DELTA_SSCA" true true false 50 Text 0 0 ,First,#,D:\DONNEES\Nicolas\espaces_de_travail\Géodatabases_diverses\eqpt2013QSQC.shp,DELTA_SSCA,-1,-1;Page_PR "Page_PR" true true false 2 Text 0 0 ,First,#,D:\DONNEES\Nicolas\espaces_de_travail\Géodatabases_diverses\eqpt2013QSQC.shp,Page_PR,-1,-1;Astech "Astech" true true false 10 Text 0 0 ,First,#,D:\DONNEES\Nicolas\espaces_de_travail\Géodatabases_diverses\eqpt2013QSQC.shp,Astech,-1,-1;QUARTIER_ "QUARTIER_" true true false 9 Long 0 9 ,First,#,D:\DONNEES\Nicolas\espaces_de_travail\Géodatabases_diverses\eqpt2013QSQC.shp,QUARTIER_,-1,-1;SQUARTIER_ "SQUARTIER_" true true false 9 Long 0 9 ,First,#,D:\DONNEES\Nicolas\espaces_de_travail\Géodatabases_diverses\eqpt2013QSQC.shp,SQUARTIER_,-1,-1;CANTON_ "CANTON_" true true false 9 Long 0 9 ,First,#,D:\DONNEES\Nicolas\espaces_de_travail\Géodatabases_diverses\eqpt2013QSQC.shp,CANTON_,-1,-1" #</Process><Process ToolSource="c:\program files\arcgis\desktop10.0\ArcToolbox\Toolboxes\Conversion Tools.tbx\FeatureClassToFeatureClass" Date="20130516" Time="103303" Name="" export="">FeatureClassToFeatureClass D:\DONNEES\Nicolas\espaces_de_travail\Géodatabases_diverses\Plan_Ville_RGF1993.gdb\eqpt2013 D:\DONNEES\Nicolas\espaces_de_travail\Géodatabases_diverses\Equipements.mdb eqpt_2013 # "CDCOL "CDCOL" true true false 254 Text 0 0 ,First,#,D:\DONNEES\Nicolas\espaces_de_travail\Géodatabases_diverses\Plan_Ville_RGF1993.gdb\eqpt2013,CDCOL,-1,-1;LIBEL "LIBEL" true true false 254 Text 0 0 ,First,#,D:\DONNEES\Nicolas\espaces_de_travail\Géodatabases_diverses\Plan_Ville_RGF1993.gdb\eqpt2013,LIBEL,-1,-1;CDRUE "CDRUE" true true false 8 Double 0 0 ,First,#,D:\DONNEES\Nicolas\espaces_de_travail\Géodatabases_diverses\Plan_Ville_RGF1993.gdb\eqpt2013,CDRUE,-1,-1;NORUE "NORUE" true true false 8 Double 0 0 ,First,#,D:\DONNEES\Nicolas\espaces_de_travail\Géodatabases_diverses\Plan_Ville_RGF1993.gdb\eqpt2013,NORUE,-1,-1;BIS "BIS" true true false 254 Text 0 0 ,First,#,D:\DONNEES\Nicolas\espaces_de_travail\Géodatabases_diverses\Plan_Ville_RGF1993.gdb\eqpt2013,BIS,-1,-1;FAMILLE "FAMILLE" true true false 2 Text 0 0 ,First,#,D:\DONNEES\Nicolas\espaces_de_travail\Géodatabases_diverses\Plan_Ville_RGF1993.gdb\eqpt2013,FAMILLE,-1,-1;SFAMILLE "SFAMILLE" true true false 2 Text 0 0 ,First,#,D:\DONNEES\Nicolas\espaces_de_travail\Géodatabases_diverses\Plan_Ville_RGF1993.gdb\eqpt2013,SFAMILLE,-1,-1;LIBTRI "LIBTRI" true true false 64 Text 0 0 ,First,#,D:\DONNEES\Nicolas\espaces_de_travail\Géodatabases_diverses\Plan_Ville_RGF1993.gdb\eqpt2013,LIBTRI,-1,-1;COORD1_05 "COORD1_05" true true false 4 Text 0 0 ,First,#,D:\DONNEES\Nicolas\espaces_de_travail\Géodatabases_diverses\Plan_Ville_RGF1993.gdb\eqpt2013,COORD1_05,-1,-1;COORD2_05 "COORD2_05" true true false 4 Text 0 0 ,First,#,D:\DONNEES\Nicolas\espaces_de_travail\Géodatabases_diverses\Plan_Ville_RGF1993.gdb\eqpt2013,COORD2_05,-1,-1;PLAN_05 "PLAN_05" true true false 2 Text 0 0 ,First,#,D:\DONNEES\Nicolas\espaces_de_travail\Géodatabases_diverses\Plan_Ville_RGF1993.gdb\eqpt2013,PLAN_05,-1,-1;RUBRIQUE "RUBRIQUE" true true false 12 Text 0 0 ,First,#,D:\DONNEES\Nicolas\espaces_de_travail\Géodatabases_diverses\Plan_Ville_RGF1993.gdb\eqpt2013,RUBRIQUE,-1,-1;HISCLEPATR "HISCLEPATR" true true false 8 Text 0 0 ,First,#,D:\DONNEES\Nicolas\espaces_de_travail\Géodatabases_diverses\Plan_Ville_RGF1993.gdb\eqpt2013,HISCLEPATR,-1,-1;STATUT "STATUT" true true false 4 Text 0 0 ,First,#,D:\DONNEES\Nicolas\espaces_de_travail\Géodatabases_diverses\Plan_Ville_RGF1993.gdb\eqpt2013,STATUT,-1,-1;CODCOMM "CODCOMM" true true false 6 Text 0 0 ,First,#,D:\DONNEES\Nicolas\espaces_de_travail\Géodatabases_diverses\Plan_Ville_RGF1993.gdb\eqpt2013,CODCOMM,-1,-1;CDRUB "CDRUB" true true false 4 Long 0 0 ,First,#,D:\DONNEES\Nicolas\espaces_de_travail\Géodatabases_diverses\Plan_Ville_RGF1993.gdb\eqpt2013,CDRUB,-1,-1;TMPFID "TMPFID" true true false 4 Long 0 0 ,First,#,D:\DONNEES\Nicolas\espaces_de_travail\Géodatabases_diverses\Plan_Ville_RGF1993.gdb\eqpt2013,TMPFID,-1,-1;DELTA_CAT "DELTA_CAT" true true false 50 Text 0 0 ,First,#,D:\DONNEES\Nicolas\espaces_de_travail\Géodatabases_diverses\Plan_Ville_RGF1993.gdb\eqpt2013,DELTA_CAT,-1,-1;DELTA_SSCA "DELTA_SSCA" true true false 50 Text 0 0 ,First,#,D:\DONNEES\Nicolas\espaces_de_travail\Géodatabases_diverses\Plan_Ville_RGF1993.gdb\eqpt2013,DELTA_SSCA,-1,-1;Page_PR "Page_PR" true true false 2 Text 0 0 ,First,#,D:\DONNEES\Nicolas\espaces_de_travail\Géodatabases_diverses\Plan_Ville_RGF1993.gdb\eqpt2013,Page_PR,-1,-1;Astech "Astech" true true false 10 Text 0 0 ,First,#,D:\DONNEES\Nicolas\espaces_de_travail\Géodatabases_diverses\Plan_Ville_RGF1993.gdb\eqpt2013,Astech,-1,-1;QUARTIER "QUARTIER" true true false 4 Long 0 0 ,First,#,D:\DONNEES\Nicolas\espaces_de_travail\Géodatabases_diverses\Plan_Ville_RGF1993.gdb\eqpt2013,QUARTIER_,-1,-1;SQUARTIER "SQUARTIER" true true false 4 Long 0 0 ,First,#,D:\DONNEES\Nicolas\espaces_de_travail\Géodatabases_diverses\Plan_Ville_RGF1993.gdb\eqpt2013,SQUARTIER_,-1,-1;CANTON "CANTON" true true false 4 Long 0 0 ,First,#,D:\DONNEES\Nicolas\espaces_de_travail\Géodatabases_diverses\Plan_Ville_RGF1993.gdb\eqpt2013,CANTON_,-1,-1" #</Process><Process ToolSource="c:\program files\arcgis\desktop10.1\ArcToolbox\Toolboxes\Data Management Tools.tbx\DeleteField" Date="20140203" Time="170236">DeleteField D:\DONNEES\Nicolas\espaces_de_travail\Géodatabases_diverses\Equipements.mdb\eqpt_2014 CANTON</Process><Process ToolSource="c:\program files\arcgis\desktop10.1\ArcToolbox\Toolboxes\Data Management Tools.tbx\AddField" Date="20140203" Time="170259">AddField D:\DONNEES\Nicolas\espaces_de_travail\Géodatabases_diverses\Equipements.mdb\eqpt_2014 CANTON LONG # # # # NULLABLE NON_REQUIRED #</Process><Process ToolSource="c:\program files\arcgis\desktop10.1\ArcToolbox\Toolboxes\Data Management Tools.tbx\JoinField" Date="20140203" Time="170604">JoinField D:\DONNEES\Nicolas\espaces_de_travail\Géodatabases_diverses\Equipements.mdb\eqpt_2014 CANTON D:\DONNEES\Nicolas\espaces_de_travail\Géodatabases_diverses\Plan_Ville_Election_RGF1993.gdb\canton Canton #</Process><Process ToolSource="c:\program files\arcgis\desktop10.1\ArcToolbox\Toolboxes\Data Management Tools.tbx\DeleteField" Date="20140203" Time="170700">DeleteField D:\DONNEES\Nicolas\espaces_de_travail\Géodatabases_diverses\Equipements.mdb\eqpt_2014 Canton_1;Lib_Canton;Symbole</Process><Process ToolSource="c:\program files\arcgis\desktop10.1\ArcToolbox\Toolboxes\Data Management Tools.tbx\JoinField" Date="20140203" Time="170935">JoinField D:\DONNEES\Nicolas\espaces_de_travail\Géodatabases_diverses\Equipements.mdb\eqpt_2014 CANTON D:\DONNEES\Nicolas\espaces_de_travail\Géodatabases_diverses\Plan_Ville_Election_RGF1993.gdb\canton Canton Canton</Process><Process ToolSource="c:\program files\arcgis\desktop10.1\ArcToolbox\Toolboxes\Data Management Tools.tbx\DeleteField" Date="20140203" Time="171027">DeleteField D:\DONNEES\Nicolas\espaces_de_travail\Géodatabases_diverses\Equipements.mdb\eqpt_2014 Canton_1</Process><Process ToolSource="c:\program files\arcgis\desktop10.1\ArcToolbox\Toolboxes\Analysis Tools.tbx\SpatialJoin" Date="20140203" Time="173225">SpatialJoin D:\DONNEES\Nicolas\espaces_de_travail\Géodatabases_diverses\Equipements.mdb\eqpt_2014 canton D:\DONNEES\Nicolas\espaces_de_travail\Géodatabases_diverses\Equipements.mdb\eqpt_2014_1 JOIN_ONE_TO_ONE KEEP_ALL "CDCOL "CDCOL" true true false 254 Text 0 0 ,First,#,D:\DONNEES\Nicolas\espaces_de_travail\Géodatabases_diverses\Equipements.mdb\eqpt_2014,CDCOL,-1,-1;LIBEL "LIBEL" true true false 254 Text 0 0 ,First,#,D:\DONNEES\Nicolas\espaces_de_travail\Géodatabases_diverses\Equipements.mdb\eqpt_2014,LIBEL,-1,-1;CDRUE "CDRUE" true true false 8 Double 0 0 ,First,#,D:\DONNEES\Nicolas\espaces_de_travail\Géodatabases_diverses\Equipements.mdb\eqpt_2014,CDRUE,-1,-1;NORUE "NORUE" true true false 8 Double 0 0 ,First,#,D:\DONNEES\Nicolas\espaces_de_travail\Géodatabases_diverses\Equipements.mdb\eqpt_2014,NORUE,-1,-1;BIS "BIS" true true false 254 Text 0 0 ,First,#,D:\DONNEES\Nicolas\espaces_de_travail\Géodatabases_diverses\Equipements.mdb\eqpt_2014,BIS,-1,-1;FAMILLE "FAMILLE" true true false 2 Text 0 0 ,First,#,D:\DONNEES\Nicolas\espaces_de_travail\Géodatabases_diverses\Equipements.mdb\eqpt_2014,FAMILLE,-1,-1;SFAMILLE "SFAMILLE" true true false 2 Text 0 0 ,First,#,D:\DONNEES\Nicolas\espaces_de_travail\Géodatabases_diverses\Equipements.mdb\eqpt_2014,SFAMILLE,-1,-1;LIBTRI "LIBTRI" true true false 64 Text 0 0 ,First,#,D:\DONNEES\Nicolas\espaces_de_travail\Géodatabases_diverses\Equipements.mdb\eqpt_2014,LIBTRI,-1,-1;COORD1_05 "COORD1_05" true true false 4 Text 0 0 ,First,#,D:\DONNEES\Nicolas\espaces_de_travail\Géodatabases_diverses\Equipements.mdb\eqpt_2014,COORD1_05,-1,-1;COORD2_05 "COORD2_05" true true false 4 Text 0 0 ,First,#,D:\DONNEES\Nicolas\espaces_de_travail\Géodatabases_diverses\Equipements.mdb\eqpt_2014,COORD2_05,-1,-1;PLAN_05 "PLAN_05" true true false 2 Text 0 0 ,First,#,D:\DONNEES\Nicolas\espaces_de_travail\Géodatabases_diverses\Equipements.mdb\eqpt_2014,PLAN_05,-1,-1;RUBRIQUE "RUBRIQUE" true true false 12 Text 0 0 ,First,#,D:\DONNEES\Nicolas\espaces_de_travail\Géodatabases_diverses\Equipements.mdb\eqpt_2014,RUBRIQUE,-1,-1;HISCLEPATR "HISCLEPATR" true true false 8 Text 0 0 ,First,#,D:\DONNEES\Nicolas\espaces_de_travail\Géodatabases_diverses\Equipements.mdb\eqpt_2014,HISCLEPATR,-1,-1;STATUT "STATUT" true true false 4 Text 0 0 ,First,#,D:\DONNEES\Nicolas\espaces_de_travail\Géodatabases_diverses\Equipements.mdb\eqpt_2014,STATUT,-1,-1;CODCOMM "CODCOMM" true true false 6 Text 0 0 ,First,#,D:\DONNEES\Nicolas\espaces_de_travail\Géodatabases_diverses\Equipements.mdb\eqpt_2014,CODCOMM,-1,-1;CDRUB "CDRUB" true true false 4 Long 0 0 ,First,#,D:\DONNEES\Nicolas\espaces_de_travail\Géodatabases_diverses\Equipements.mdb\eqpt_2014,CDRUB,-1,-1;TMPFID "TMPFID" true true false 4 Long 0 0 ,First,#,D:\DONNEES\Nicolas\espaces_de_travail\Géodatabases_diverses\Equipements.mdb\eqpt_2014,TMPFID,-1,-1;DELTA_CAT "DELTA_CAT" true true false 50 Text 0 0 ,First,#,D:\DONNEES\Nicolas\espaces_de_travail\Géodatabases_diverses\Equipements.mdb\eqpt_2014,DELTA_CAT,-1,-1;DELTA_SSCA "DELTA_SSCA" true true false 50 Text 0 0 ,First,#,D:\DONNEES\Nicolas\espaces_de_travail\Géodatabases_diverses\Equipements.mdb\eqpt_2014,DELTA_SSCA,-1,-1;Page_PR "Page_PR" true true false 2 Text 0 0 ,First,#,D:\DONNEES\Nicolas\espaces_de_travail\Géodatabases_diverses\Equipements.mdb\eqpt_2014,Page_PR,-1,-1;Astech "Astech" true true false 10 Text 0 0 ,First,#,D:\DONNEES\Nicolas\espaces_de_travail\Géodatabases_diverses\Equipements.mdb\eqpt_2014,Astech,-1,-1;QUARTIER "QUARTIER" true true false 4 Long 0 0 ,First,#,D:\DONNEES\Nicolas\espaces_de_travail\Géodatabases_diverses\Equipements.mdb\eqpt_2014,QUARTIER,-1,-1;SQUARTIER "SQUARTIER" true true false 4 Long 0 0 ,First,#,D:\DONNEES\Nicolas\espaces_de_travail\Géodatabases_diverses\Equipements.mdb\eqpt_2014,SQUARTIER,-1,-1;Canton "Canton" true true false 2 Text 0 0 ,First,#,D:\DONNEES\Nicolas\espaces_de_travail\Géodatabases_diverses\Plan_Ville_Election_RGF1993.gdb\canton,Canton,-1,-1;Lib_Canton "Lib_Canton" true true false 255 Text 0 0 ,First,#,D:\DONNEES\Nicolas\espaces_de_travail\Géodatabases_diverses\Plan_Ville_Election_RGF1993.gdb\canton,Lib_Canton,-1,-1;Symbole "Symbole" true true false 4 Long 0 0 ,First,#,D:\DONNEES\Nicolas\espaces_de_travail\Géodatabases_diverses\Plan_Ville_Election_RGF1993.gdb\canton,Symbole,-1,-1" INTERSECT # #</Process><Process Name="Ajouter un champ" ToolSource="c:\program files\arcgis\desktop10.1\ArcToolbox\Toolboxes\Data Management Tools.tbx\AddField" Date="20140203" Time="174121">AddField D:\DONNEES\Nicolas\espaces_de_travail\Géodatabases_diverses\Equipements.mdb\eqpt_2014 Quart TEXT # # 2 # NULLABLE NON_REQUIRED #</Process><Process Name="Calculer un champ" ToolSource="c:\program files\arcgis\desktop10.1\ArcToolbox\Toolboxes\Data Management Tools.tbx\CalculateField" Date="20140203" Time="174123">CalculateField D:\DONNEES\Nicolas\espaces_de_travail\Géodatabases_diverses\Equipements.mdb\eqpt_2014 Quart Right( [QUARTIER] , 1 ) VB #</Process><Process Name="Supprimer un champ" ToolSource="c:\program files\arcgis\desktop10.1\ArcToolbox\Toolboxes\Data Management Tools.tbx\DeleteField" Date="20140204" Time="164504">DeleteField D:\DONNEES\Nicolas\espaces_de_travail\Géodatabases_diverses\Equipements.mdb\eqpt_2014_1 QUARTIER;SQUARTIER;Canton;Quart</Process><Process Name="Identité" ToolSource="c:\program files\arcgis\desktop10.1\ArcToolbox\Toolboxes\Analysis Tools.tbx\Identity" Date="20140204" Time="164509">Identity D:\DONNEES\Nicolas\espaces_de_travail\Géodatabases_diverses\Equipements.mdb\eqpt_2014_1 D:\DONNEES\Nicolas\espaces_de_travail\Géodatabases_diverses\Plan_Ville_RGF1993.gdb\quartier D:\DONNEES\Nicolas\espaces_de_travail\Géodatabases_diverses\Equipements.mdb\eqpt_2014_1_Identity ALL # NO_RELATIONSHIPS</Process><Process Name="Identité (2)" ToolSource="c:\program files\arcgis\desktop10.1\ArcToolbox\Toolboxes\Analysis Tools.tbx\Identity" Date="20140204" Time="164512">Identity D:\DONNEES\Nicolas\espaces_de_travail\Géodatabases_diverses\Equipements.mdb\eqpt_2014_1_Identity D:\DONNEES\Nicolas\espaces_de_travail\Géodatabases_diverses\Plan_Ville_RGF1993.gdb\squartier D:\DONNEES\Nicolas\espaces_de_travail\Géodatabases_diverses\Equipements.mdb\eqpt_2014_1_Identity_Identit ALL # NO_RELATIONSHIPS</Process><Process Name="Identité (3)" ToolSource="c:\program files\arcgis\desktop10.1\ArcToolbox\Toolboxes\Analysis Tools.tbx\Identity" Date="20140204" Time="164515">Identity D:\DONNEES\Nicolas\espaces_de_travail\Géodatabases_diverses\Equipements.mdb\eqpt_2014_1_Identity_Identit D:\DONNEES\Nicolas\espaces_de_travail\Géodatabases_diverses\Plan_Ville_Election_RGF1993.gdb\canton D:\DONNEES\Nicolas\espaces_de_travail\Géodatabases_diverses\Equipements.mdb\eqpt_2014_1_Identity_Identit1 ALL # NO_RELATIONSHIPS</Process><Process Name="Supprimer un champ (2)" ToolSource="c:\program files\arcgis\desktop10.1\ArcToolbox\Toolboxes\Data Management Tools.tbx\DeleteField" Date="20140204" Time="164518">DeleteField D:\DONNEES\Nicolas\espaces_de_travail\Géodatabases_diverses\Equipements.mdb\eqpt_2014_1_Identity_Identit1 FID_eqpt_2014_1_Identity_Identit;FID_eqpt_2014_1_Identity;FID_eqpt_2014_1;Join_Count;TARGET_FID;FID_quartier;AREA;PERIMETER;QUARTIER_;QUARTIER_ID;COMMUNE;QUARTMNO;LIBQUART;SYMBOL;FID_squartier;AREA_1;PERIMETER_1;SQUARTIER_ID;QUARTIER_1;SQUARTMNO;LIBSQUART;FID_canton;Lib_Canton;Symbole</Process><Process Name="Ajouter un champ" ToolSource="c:\program files\arcgis\desktop10.1\ArcToolbox\Toolboxes\Data Management Tools.tbx\AddField" Date="20140205" Time="102851">AddField D:\DONNEES\Nicolas\espaces_de_travail\Géodatabases_diverses\Equipements.mdb\eqpt_2014 Quart TEXT # # 2 # NULLABLE NON_REQUIRED #</Process><Process Name="Calculer un champ" ToolSource="c:\program files\arcgis\desktop10.1\ArcToolbox\Toolboxes\Data Management Tools.tbx\CalculateField" Date="20140205" Time="102852">CalculateField D:\DONNEES\Nicolas\espaces_de_travail\Géodatabases_diverses\Equipements.mdb\eqpt_2014 Quart Right( [QUARTIER] , 1 ) VB #</Process><Process Name="Supprimer un champ" ToolSource="c:\program files\arcgis\desktop10.1\ArcToolbox\Toolboxes\Data Management Tools.tbx\DeleteField" Date="20140205" Time="104613">DeleteField D:\DONNEES\Nicolas\espaces_de_travail\Géodatabases_diverses\Equipements.mdb\eqpt_2014 QUARTIER;SQUARTIER_;Canton</Process><Process Name="Identité" ToolSource="c:\program files\arcgis\desktop10.1\ArcToolbox\Toolboxes\Analysis Tools.tbx\Identity" Date="20140205" Time="104617">Identity D:\DONNEES\Nicolas\espaces_de_travail\Géodatabases_diverses\Equipements.mdb\eqpt_2014 D:\DONNEES\Nicolas\espaces_de_travail\Géodatabases_diverses\Plan_Ville_RGF1993.gdb\quartier D:\DONNEES\Nicolas\espaces_de_travail\Géodatabases_diverses\Equipements.mdb\eqpt_2014_1_Identity ALL # NO_RELATIONSHIPS</Process><Process Name="Identité (2)" ToolSource="c:\program files\arcgis\desktop10.1\ArcToolbox\Toolboxes\Analysis Tools.tbx\Identity" Date="20140205" Time="104620">Identity D:\DONNEES\Nicolas\espaces_de_travail\Géodatabases_diverses\Equipements.mdb\eqpt_2014_1_Identity D:\DONNEES\Nicolas\espaces_de_travail\Géodatabases_diverses\Plan_Ville_RGF1993.gdb\squartier D:\DONNEES\Nicolas\espaces_de_travail\Géodatabases_diverses\Equipements.mdb\eqpt_2014_1_Identity_Identit ALL # NO_RELATIONSHIPS</Process><Process Name="Identité (3)" ToolSource="c:\program files\arcgis\desktop10.1\ArcToolbox\Toolboxes\Analysis Tools.tbx\Identity" Date="20140205" Time="104623">Identity D:\DONNEES\Nicolas\espaces_de_travail\Géodatabases_diverses\Equipements.mdb\eqpt_2014_1_Identity_Identit D:\DONNEES\Nicolas\espaces_de_travail\Géodatabases_diverses\Plan_Ville_Election_RGF1993.gdb\canton D:\DONNEES\Nicolas\espaces_de_travail\Géodatabases_diverses\Equipements.mdb\eqpt_2014_1_Identity_Identit1 ALL # NO_RELATIONSHIPS</Process><Process Name="Supprimer un champ (2)" ToolSource="c:\program files\arcgis\desktop10.1\ArcToolbox\Toolboxes\Data Management Tools.tbx\DeleteField" Date="20140205" Time="104625">DeleteField D:\DONNEES\Nicolas\espaces_de_travail\Géodatabases_diverses\Equipements.mdb\eqpt_2014_1_Identity_Identit1 FID_eqpt_2014_1_Identity_Identit;FID_eqpt_2014_1_Identity;FID_eqpt_2014_1;Join_Count;TARGET_FID;FID_quartier;AREA;PERIMETER;QUARTIER_;QUARTIER_ID;COMMUNE;QUARTMNO;LIBQUART;SYMBOL;FID_squartier;AREA_1;PERIMETER_1;SQUARTIER_ID;QUARTIER_1;SQUARTMNO;LIBSQUART;FID_canton;Lib_Canton;Symbole</Process><Process ToolSource="c:\program files\arcgis\desktop10.1\ArcToolbox\Toolboxes\Conversion Tools.tbx\FeatureClassToFeatureClass" Date="20140210" Time="114231">FeatureClassToFeatureClass D:\DONNEES\Nicolas\espaces_de_travail\Géodatabases_diverses\Test93.gdb\eqpt_2014 R:\BdEqpt eqpt2014.shp # "CDCOL "CDCOL" true true false 254 Text 0 0 ,First,#,D:\DONNEES\Nicolas\espaces_de_travail\Géodatabases_diverses\Test93.gdb\eqpt_2014,CDCOL,-1,-1;LIBEL "LIBEL" true true false 254 Text 0 0 ,First,#,D:\DONNEES\Nicolas\espaces_de_travail\Géodatabases_diverses\Test93.gdb\eqpt_2014,LIBEL,-1,-1;CDRUE "CDRUE" true true false 8 Double 0 0 ,First,#,D:\DONNEES\Nicolas\espaces_de_travail\Géodatabases_diverses\Test93.gdb\eqpt_2014,CDRUE,-1,-1;NORUE "NORUE" true true false 8 Double 0 0 ,First,#,D:\DONNEES\Nicolas\espaces_de_travail\Géodatabases_diverses\Test93.gdb\eqpt_2014,NORUE,-1,-1;BIS "BIS" true true false 254 Text 0 0 ,First,#,D:\DONNEES\Nicolas\espaces_de_travail\Géodatabases_diverses\Test93.gdb\eqpt_2014,BIS,-1,-1;FAMILLE "FAMILLE" true true false 2 Text 0 0 ,First,#,D:\DONNEES\Nicolas\espaces_de_travail\Géodatabases_diverses\Test93.gdb\eqpt_2014,FAMILLE,-1,-1;SFAMILLE "SFAMILLE" true true false 2 Text 0 0 ,First,#,D:\DONNEES\Nicolas\espaces_de_travail\Géodatabases_diverses\Test93.gdb\eqpt_2014,SFAMILLE,-1,-1;LIBTRI "LIBTRI" true true false 64 Text 0 0 ,First,#,D:\DONNEES\Nicolas\espaces_de_travail\Géodatabases_diverses\Test93.gdb\eqpt_2014,LIBTRI,-1,-1;COORD1_05 "COORD1_05" true true false 4 Text 0 0 ,First,#,D:\DONNEES\Nicolas\espaces_de_travail\Géodatabases_diverses\Test93.gdb\eqpt_2014,COORD1_05,-1,-1;COORD2_05 "COORD2_05" true true false 4 Text 0 0 ,First,#,D:\DONNEES\Nicolas\espaces_de_travail\Géodatabases_diverses\Test93.gdb\eqpt_2014,COORD2_05,-1,-1;PLAN_05 "PLAN_05" true true false 2 Text 0 0 ,First,#,D:\DONNEES\Nicolas\espaces_de_travail\Géodatabases_diverses\Test93.gdb\eqpt_2014,PLAN_05,-1,-1;RUBRIQUE "RUBRIQUE" true true false 12 Text 0 0 ,First,#,D:\DONNEES\Nicolas\espaces_de_travail\Géodatabases_diverses\Test93.gdb\eqpt_2014,RUBRIQUE,-1,-1;HISCLEPATR "HISCLEPATR" true true false 8 Text 0 0 ,First,#,D:\DONNEES\Nicolas\espaces_de_travail\Géodatabases_diverses\Test93.gdb\eqpt_2014,HISCLEPATR,-1,-1;STATUT "STATUT" true true false 4 Text 0 0 ,First,#,D:\DONNEES\Nicolas\espaces_de_travail\Géodatabases_diverses\Test93.gdb\eqpt_2014,STATUT,-1,-1;CODCOMM "CODCOMM" true true false 6 Text 0 0 ,First,#,D:\DONNEES\Nicolas\espaces_de_travail\Géodatabases_diverses\Test93.gdb\eqpt_2014,CODCOMM,-1,-1;DELTA_CAT "DELTA_CAT" true true false 50 Text 0 0 ,First,#,D:\DONNEES\Nicolas\espaces_de_travail\Géodatabases_diverses\Test93.gdb\eqpt_2014,DELTA_CAT,-1,-1;DELTA_SSCA "DELTA_SSCA" true true false 50 Text 0 0 ,First,#,D:\DONNEES\Nicolas\espaces_de_travail\Géodatabases_diverses\Test93.gdb\eqpt_2014,DELTA_SSCA,-1,-1;Page_PR "Page_PR" true true false 2 Text 0 0 ,First,#,D:\DONNEES\Nicolas\espaces_de_travail\Géodatabases_diverses\Test93.gdb\eqpt_2014,Page_PR,-1,-1;Astech "Astech" true true false 10 Text 0 0 ,First,#,D:\DONNEES\Nicolas\espaces_de_travail\Géodatabases_diverses\Test93.gdb\eqpt_2014,Astech,-1,-1;QUARTIER "CDQUART" true true false 4 Long 0 0 ,First,#,D:\DONNEES\Nicolas\espaces_de_travail\Géodatabases_diverses\Test93.gdb\eqpt_2014,QUARTIER,-1,-1;SQUARTIER "SQUARTIER_" true true false 4 Long 0 0 ,First,#,D:\DONNEES\Nicolas\espaces_de_travail\Géodatabases_diverses\Test93.gdb\eqpt_2014,SQUARTIER_,-1,-1;Canton "Canton" true true false 2 Text 0 0 ,First,#,D:\DONNEES\Nicolas\espaces_de_travail\Géodatabases_diverses\Test93.gdb\eqpt_2014,Canton,-1,-1;Canton_N "Canton_N" true true false 4 Long 0 0 ,First,#,D:\DONNEES\Nicolas\espaces_de_travail\Géodatabases_diverses\Test93.gdb\eqpt_2014,Canton_N,-1,-1" #</Process><Process ToolSource="c:\program files\arcgis\desktop10.1\ArcToolbox\Toolboxes\Conversion Tools.tbx\FeatureClassToFeatureClass" Date="20140210" Time="140352">FeatureClassToFeatureClass R:\BdEqpt\eqpt2014.shp R:\Consultation_PlanVille\Plan_Ville_RGF1993.gdb eqpt_04_1 # "CDCOL "CDCOL" true true false 254 Text 0 0 ,First,#,R:\BdEqpt\eqpt2014.shp,CDCOL,-1,-1;LIBEL "LIBEL" true true false 254 Text 0 0 ,First,#,R:\BdEqpt\eqpt2014.shp,LIBEL,-1,-1;CDRUE "CDRUE" true true false 19 Double 0 0 ,First,#,R:\BdEqpt\eqpt2014.shp,CDRUE,-1,-1;NORUE "NORUE" true true false 19 Double 0 0 ,First,#,R:\BdEqpt\eqpt2014.shp,NORUE,-1,-1;BIS "BIS" true true false 254 Text 0 0 ,First,#,R:\BdEqpt\eqpt2014.shp,BIS,-1,-1;FAMILLE "FAMILLE" true true false 2 Text 0 0 ,First,#,R:\BdEqpt\eqpt2014.shp,FAMILLE,-1,-1;SFAMILLE "SFAMILLE" true true false 2 Text 0 0 ,First,#,R:\BdEqpt\eqpt2014.shp,SFAMILLE,-1,-1;LIBTRI "LIBTRI" true true false 64 Text 0 0 ,First,#,R:\BdEqpt\eqpt2014.shp,LIBTRI,-1,-1;COORD1_05 "COORD1_05" true true false 4 Text 0 0 ,First,#,R:\BdEqpt\eqpt2014.shp,COORD1_05,-1,-1;COORD2_05 "COORD2_05" true true false 4 Text 0 0 ,First,#,R:\BdEqpt\eqpt2014.shp,COORD2_05,-1,-1;PLAN_05 "PLAN_05" true true false 2 Text 0 0 ,First,#,R:\BdEqpt\eqpt2014.shp,PLAN_05,-1,-1;RUBRIQUE "RUBRIQUE" true true false 12 Text 0 0 ,First,#,R:\BdEqpt\eqpt2014.shp,RUBRIQUE,-1,-1;HISCLEPATR "HISCLEPATR" true true false 8 Text 0 0 ,First,#,R:\BdEqpt\eqpt2014.shp,HISCLEPATR,-1,-1;STATUT "STATUT" true true false 4 Text 0 0 ,First,#,R:\BdEqpt\eqpt2014.shp,STATUT,-1,-1;CODCOMM "CODCOMM" true true false 6 Text 0 0 ,First,#,R:\BdEqpt\eqpt2014.shp,CODCOMM,-1,-1;DELTA_CAT "DELTA_CAT" true true false 50 Text 0 0 ,First,#,R:\BdEqpt\eqpt2014.shp,DELTA_CAT,-1,-1;DELTA_SSCA "DELTA_SSCA" true true false 50 Text 0 0 ,First,#,R:\BdEqpt\eqpt2014.shp,DELTA_SSCA,-1,-1;Page_PR "Page_PR" true true false 2 Text 0 0 ,First,#,R:\BdEqpt\eqpt2014.shp,Page_PR,-1,-1;Astech "Astech" true true false 10 Text 0 0 ,First,#,R:\BdEqpt\eqpt2014.shp,Astech,-1,-1;QUARTIER "QUARTIER" true true false 9 Long 0 9 ,First,#,R:\BdEqpt\eqpt2014.shp,QUARTIER,-1,-1;SQUARTIER "SQUARTIER" true true false 9 Long 0 9 ,First,#,R:\BdEqpt\eqpt2014.shp,SQUARTIER,-1,-1;Canton "Canton" true true false 2 Text 0 0 ,First,#,R:\BdEqpt\eqpt2014.shp,Canton,-1,-1;Canton_N "Canton_N" true true false 9 Long 0 9 ,First,#,R:\BdEqpt\eqpt2014.shp,Canton_N,-1,-1" #</Process><Process ToolSource="c:\program files\arcgis\desktop10.1\ArcToolbox\Toolboxes\Conversion Tools.tbx\FeatureClassToFeatureClass" Date="20140210" Time="140638">FeatureClassToFeatureClass R:\Consultation_PlanVille\Plan_Ville_RGF1993.gdb\eqpt_04 D:\DONNEES\Nicolas\espaces_de_travail\Géodatabases_diverses\Equipements.mdb eqpt_2014_ # "CDCOL "CDCOL" true true false 254 Text 0 0 ,First,#,R:\Consultation_PlanVille\Plan_Ville_RGF1993.gdb\eqpt_04,CDCOL,-1,-1;LIBEL "LIBEL" true true false 254 Text 0 0 ,First,#,R:\Consultation_PlanVille\Plan_Ville_RGF1993.gdb\eqpt_04,LIBEL,-1,-1;CDRUE "CDRUE" true true false 8 Double 0 0 ,First,#,R:\Consultation_PlanVille\Plan_Ville_RGF1993.gdb\eqpt_04,CDRUE,-1,-1;NORUE "NORUE" true true false 8 Double 0 0 ,First,#,R:\Consultation_PlanVille\Plan_Ville_RGF1993.gdb\eqpt_04,NORUE,-1,-1;BIS "BIS" true true false 254 Text 0 0 ,First,#,R:\Consultation_PlanVille\Plan_Ville_RGF1993.gdb\eqpt_04,BIS,-1,-1;FAMILLE "FAMILLE" true true false 2 Text 0 0 ,First,#,R:\Consultation_PlanVille\Plan_Ville_RGF1993.gdb\eqpt_04,FAMILLE,-1,-1;SFAMILLE "SFAMILLE" true true false 2 Text 0 0 ,First,#,R:\Consultation_PlanVille\Plan_Ville_RGF1993.gdb\eqpt_04,SFAMILLE,-1,-1;LIBTRI "LIBTRI" true true false 64 Text 0 0 ,First,#,R:\Consultation_PlanVille\Plan_Ville_RGF1993.gdb\eqpt_04,LIBTRI,-1,-1;COORD1_05 "COORD1_05" true true false 4 Text 0 0 ,First,#,R:\Consultation_PlanVille\Plan_Ville_RGF1993.gdb\eqpt_04,COORD1_05,-1,-1;COORD2_05 "COORD2_05" true true false 4 Text 0 0 ,First,#,R:\Consultation_PlanVille\Plan_Ville_RGF1993.gdb\eqpt_04,COORD2_05,-1,-1;PLAN_05 "PLAN_05" true true false 2 Text 0 0 ,First,#,R:\Consultation_PlanVille\Plan_Ville_RGF1993.gdb\eqpt_04,PLAN_05,-1,-1;RUBRIQUE "RUBRIQUE" true true false 12 Text 0 0 ,First,#,R:\Consultation_PlanVille\Plan_Ville_RGF1993.gdb\eqpt_04,RUBRIQUE,-1,-1;HISCLEPATR "HISCLEPATR" true true false 8 Text 0 0 ,First,#,R:\Consultation_PlanVille\Plan_Ville_RGF1993.gdb\eqpt_04,HISCLEPATR,-1,-1;STATUT "STATUT" true true false 4 Text 0 0 ,First,#,R:\Consultation_PlanVille\Plan_Ville_RGF1993.gdb\eqpt_04,STATUT,-1,-1;CODCOMM "CODCOMM" true true false 6 Text 0 0 ,First,#,R:\Consultation_PlanVille\Plan_Ville_RGF1993.gdb\eqpt_04,CODCOMM,-1,-1;DELTA_CAT "DELTA_CAT" true true false 50 Text 0 0 ,First,#,R:\Consultation_PlanVille\Plan_Ville_RGF1993.gdb\eqpt_04,DELTA_CAT,-1,-1;DELTA_SSCA "DELTA_SSCA" true true false 50 Text 0 0 ,First,#,R:\Consultation_PlanVille\Plan_Ville_RGF1993.gdb\eqpt_04,DELTA_SSCA,-1,-1;Page_PR "Page_PR" true true false 2 Text 0 0 ,First,#,R:\Consultation_PlanVille\Plan_Ville_RGF1993.gdb\eqpt_04,Page_PR,-1,-1;Astech "Astech" true true false 10 Text 0 0 ,First,#,R:\Consultation_PlanVille\Plan_Ville_RGF1993.gdb\eqpt_04,Astech,-1,-1;QUARTIER "QUARTIER" true true false 4 Long 0 0 ,First,#,R:\Consultation_PlanVille\Plan_Ville_RGF1993.gdb\eqpt_04,QUARTIER,-1,-1;SQUARTIER "SQUARTIER" true true false 4 Long 0 0 ,First,#,R:\Consultation_PlanVille\Plan_Ville_RGF1993.gdb\eqpt_04,SQUARTIER,-1,-1;Canton "Canton" true true false 2 Text 0 0 ,First,#,R:\Consultation_PlanVille\Plan_Ville_RGF1993.gdb\eqpt_04,Canton,-1,-1;Canton_N "Canton_N" true true false 4 Long 0 0 ,First,#,R:\Consultation_PlanVille\Plan_Ville_RGF1993.gdb\eqpt_04,Canton_N,-1,-1" #</Process><Process Name="Supprimer un champ" ToolSource="c:\program files\arcgis\desktop10.1\ArcToolbox\Toolboxes\Data Management Tools.tbx\DeleteField" Date="20140516" Time="104755">DeleteField D:\DONNEES\Nicolas\espaces_de_travail\Géodatabases_diverses\Equipements.mdb\eqpt_2014 QUARTIER;SQUARTIER_;Canton</Process><Process Name="Supprimer un champ" ToolSource="c:\program files\arcgis\desktop10.1\ArcToolbox\Toolboxes\Data Management Tools.tbx\DeleteField" Date="20140516" Time="105538">DeleteField D:\DONNEES\Nicolas\espaces_de_travail\Géodatabases_diverses\Equipements.mdb\eqpt_2014 QUARTIER;SQUARTIER_;Canton</Process><Process Name="Supprimer un champ" ToolSource="c:\program files\arcgis\desktop10.1\ArcToolbox\Toolboxes\Data Management Tools.tbx\DeleteField" Date="20140516" Time="105815">DeleteField D:\DONNEES\Nicolas\espaces_de_travail\Géodatabases_diverses\Equipements.mdb\eqpt_2014 SQUARTIER;Canton_N;QUARTIER;SQUARTIER_;Canton</Process><Process Name="Identité" ToolSource="c:\program files\arcgis\desktop10.1\ArcToolbox\Toolboxes\Analysis Tools.tbx\Identity" Date="20140516" Time="105817">Identity D:\DONNEES\Nicolas\espaces_de_travail\Géodatabases_diverses\Equipements.mdb\eqpt_2014 D:\DONNEES\Nicolas\espaces_de_travail\Géodatabases_diverses\Plan_Ville_RGF1993.gdb\quartier D:\DONNEES\Nicolas\espaces_de_travail\Géodatabases_diverses\Equipements.mdb\eqpt_2014_1_Identity ALL # NO_RELATIONSHIPS</Process><Process Name="Identité (2)" ToolSource="c:\program files\arcgis\desktop10.1\ArcToolbox\Toolboxes\Analysis Tools.tbx\Identity" Date="20140516" Time="105819">Identity D:\DONNEES\Nicolas\espaces_de_travail\Géodatabases_diverses\Equipements.mdb\eqpt_2014_1_Identity D:\DONNEES\Nicolas\espaces_de_travail\Géodatabases_diverses\Plan_Ville_RGF1993.gdb\squartier D:\DONNEES\Nicolas\espaces_de_travail\Géodatabases_diverses\Equipements.mdb\eqpt_2014_1_Identity_Identit ALL # NO_RELATIONSHIPS</Process><Process Name="Identité (3)" ToolSource="c:\program files\arcgis\desktop10.1\ArcToolbox\Toolboxes\Analysis Tools.tbx\Identity" Date="20140516" Time="105822">Identity D:\DONNEES\Nicolas\espaces_de_travail\Géodatabases_diverses\Equipements.mdb\eqpt_2014_1_Identity_Identit D:\DONNEES\Nicolas\espaces_de_travail\Géodatabases_diverses\Plan_Ville_Election_RGF1993.gdb\canton D:\DONNEES\Nicolas\espaces_de_travail\Géodatabases_diverses\Equipements.mdb\eqpt_2014_1_Identity_Identit1 ALL # NO_RELATIONSHIPS</Process><Process Name="Supprimer un champ (2)" ToolSource="c:\program files\arcgis\desktop10.1\ArcToolbox\Toolboxes\Data Management Tools.tbx\DeleteField" Date="20140516" Time="105825">DeleteField D:\DONNEES\Nicolas\espaces_de_travail\Géodatabases_diverses\Equipements.mdb\eqpt_2014_1_Identity_Identit1 FID_eqpt_2014_1_Identity_Identit;FID_eqpt_2014_1_Identity;SQUARTIER;FID_quartier;AREA;PERIMETER;QUARTIER_;QUARTIER_ID;COMMUNE;QUARTMNO;LIBQUART;SYMBOL;FID_squartier;AREA_1;PERIMETER_1;QUARTIER_1;SQUARTMNO;LIBSQUART;FID_canton;Lib_Canton;Symbole;Canton_N_1;FID_eqpt_2014_1;Join_Count;TARGET_FID</Process><Process ToolSource="c:\program files\arcgis\desktop10.1\ArcToolbox\Toolboxes\Conversion Tools.tbx\FeatureClassToFeatureClass" Date="20140516" Time="145905">FeatureClassToFeatureClass R:\Consultation_PlanVille\Plan_Ville_RGF1993.gdb\eqpt_2014 R:\Consultation_PlanVille\bdEqpt eqpt_2014.shp # "FID_eqpt_2 "FID_eqpt_2014" true true false 4 Long 0 0 ,First,#,R:\Consultation_PlanVille\Plan_Ville_RGF1993.gdb\eqpt_2014,FID_eqpt_2014,-1,-1;CDCOL "CDCOL" true true false 254 Text 0 0 ,First,#,R:\Consultation_PlanVille\Plan_Ville_RGF1993.gdb\eqpt_2014,CDCOL,-1,-1;LIBEL "LIBEL" true true false 254 Text 0 0 ,First,#,R:\Consultation_PlanVille\Plan_Ville_RGF1993.gdb\eqpt_2014,LIBEL,-1,-1;CDRUE "CDRUE" true true false 8 Double 0 0 ,First,#,R:\Consultation_PlanVille\Plan_Ville_RGF1993.gdb\eqpt_2014,CDRUE,-1,-1;NORUE "NORUE" true true false 8 Double 0 0 ,First,#,R:\Consultation_PlanVille\Plan_Ville_RGF1993.gdb\eqpt_2014,NORUE,-1,-1;BIS "BIS" true true false 254 Text 0 0 ,First,#,R:\Consultation_PlanVille\Plan_Ville_RGF1993.gdb\eqpt_2014,BIS,-1,-1;FAMILLE "FAMILLE" true true false 2 Text 0 0 ,First,#,R:\Consultation_PlanVille\Plan_Ville_RGF1993.gdb\eqpt_2014,FAMILLE,-1,-1;SFAMILLE "SFAMILLE" true true false 2 Text 0 0 ,First,#,R:\Consultation_PlanVille\Plan_Ville_RGF1993.gdb\eqpt_2014,SFAMILLE,-1,-1;LIBTRI "LIBTRI" true true false 64 Text 0 0 ,First,#,R:\Consultation_PlanVille\Plan_Ville_RGF1993.gdb\eqpt_2014,LIBTRI,-1,-1;COORD1_05 "COORD1_05" true true false 4 Text 0 0 ,First,#,R:\Consultation_PlanVille\Plan_Ville_RGF1993.gdb\eqpt_2014,COORD1_05,-1,-1;COORD2_05 "COORD2_05" true true false 4 Text 0 0 ,First,#,R:\Consultation_PlanVille\Plan_Ville_RGF1993.gdb\eqpt_2014,COORD2_05,-1,-1;PLAN_05 "PLAN_05" true true false 2 Text 0 0 ,First,#,R:\Consultation_PlanVille\Plan_Ville_RGF1993.gdb\eqpt_2014,PLAN_05,-1,-1;RUBRIQUE "RUBRIQUE" true true false 12 Text 0 0 ,First,#,R:\Consultation_PlanVille\Plan_Ville_RGF1993.gdb\eqpt_2014,RUBRIQUE,-1,-1;HISCLEPATR "HISCLEPATR" true true false 8 Text 0 0 ,First,#,R:\Consultation_PlanVille\Plan_Ville_RGF1993.gdb\eqpt_2014,HISCLEPATR,-1,-1;STATUT "STATUT" true true false 4 Text 0 0 ,First,#,R:\Consultation_PlanVille\Plan_Ville_RGF1993.gdb\eqpt_2014,STATUT,-1,-1;CODCOMM "CODCOMM" true true false 6 Text 0 0 ,First,#,R:\Consultation_PlanVille\Plan_Ville_RGF1993.gdb\eqpt_2014,CODCOMM,-1,-1;DELTA_CAT "DELTA_CAT" true true false 50 Text 0 0 ,First,#,R:\Consultation_PlanVille\Plan_Ville_RGF1993.gdb\eqpt_2014,DELTA_CAT,-1,-1;DELTA_SSCA "DELTA_SSCA" true true false 50 Text 0 0 ,First,#,R:\Consultation_PlanVille\Plan_Ville_RGF1993.gdb\eqpt_2014,DELTA_SSCA,-1,-1;Page_PR "Page_PR" true true false 2 Text 0 0 ,First,#,R:\Consultation_PlanVille\Plan_Ville_RGF1993.gdb\eqpt_2014,Page_PR,-1,-1;Astech "Astech" true true false 10 Text 0 0 ,First,#,R:\Consultation_PlanVille\Plan_Ville_RGF1993.gdb\eqpt_2014,Astech,-1,-1;QUARTIER "CDQUART" true true false 4 Long 0 0 ,First,#,R:\Consultation_PlanVille\Plan_Ville_RGF1993.gdb\eqpt_2014,QUARTIER,-1,-1;SQUARTIER_ "SOUSQUARTIER" true true false 4 Long 0 0 ,First,#,R:\Consultation_PlanVille\Plan_Ville_RGF1993.gdb\eqpt_2014,SQUARTIER_ID,-1,-1;CANTON "CANTON" true true false 4 Long 0 0 ,First,#,R:\Consultation_PlanVille\Plan_Ville_RGF1993.gdb\eqpt_2014,CANTON,-1,-1" #</Process></lineage><itemProps><itemName Sync="TRUE">eqpt_2014</itemName><imsContentType Sync="TRUE">002</imsContentType><itemLocation><linkage Sync="TRUE">file://\\Ig-Waldorf\Carto\Consultation_PlanVille\bdEqpt\eqpt_2014.shp</linkage><protocol Sync="TRUE">Local Area Network</protocol></itemLocation><itemSize Sync="TRUE">0.000</itemSize></itemProps><coordRef><type Sync="TRUE">Projected</type><geogcsn Sync="TRUE">GCS_RGF_1993</geogcsn><csUnits Sync="TRUE">Linear Unit: Meter (1.000000)</csUnits><projcsn Sync="TRUE">RGF93_Lambert_93</projcsn><peXml Sync="TRUE">&lt;ProjectedCoordinateSystem xsi:type='typens:ProjectedCoordinateSystem' xmlns:xsi='http://www.w3.org/2001/XMLSchema-instance' xmlns:xs='http://www.w3.org/2001/XMLSchema' xmlns:typens='http://www.esri.com/schemas/ArcGIS/10.1'&gt;&lt;WKT&gt;PROJCS[&amp;quot;RGF93_Lambert_93&amp;quot;,GEOGCS[&amp;quot;GCS_RGF_1993&amp;quot;,DATUM[&amp;quot;D_RGF_1993&amp;quot;,SPHEROID[&amp;quot;GRS_1980&amp;quot;,6378137.0,298.257222101]],PRIMEM[&amp;quot;Greenwich&amp;quot;,0.0],UNIT[&amp;quot;Degree&amp;quot;,0.0174532925199433]],PROJECTION[&amp;quot;Lambert_Conformal_Conic&amp;quot;],PARAMETER[&amp;quot;False_Easting&amp;quot;,700000.0],PARAMETER[&amp;quot;False_Northing&amp;quot;,6600000.0],PARAMETER[&amp;quot;Central_Meridian&amp;quot;,3.0],PARAMETER[&amp;quot;Standard_Parallel_1&amp;quot;,44.0],PARAMETER[&amp;quot;Standard_Parallel_2&amp;quot;,49.0],PARAMETER[&amp;quot;Latitude_Of_Origin&amp;quot;,46.5],UNIT[&amp;quot;Meter&amp;quot;,1.0]]&lt;/WKT&gt;&lt;XOrigin&gt;-35597500&lt;/XOrigin&gt;&lt;YOrigin&gt;-23641900&lt;/YOrigin&gt;&lt;XYScale&gt;124074650.52332792&lt;/XYScale&gt;&lt;ZOrigin&gt;-100000&lt;/ZOrigin&gt;&lt;ZScale&gt;10000&lt;/ZScale&gt;&lt;MOrigin&gt;-100000&lt;/MOrigin&gt;&lt;MScale&gt;10000&lt;/MScale&gt;&lt;XYTolerance&gt;0.001&lt;/XYTolerance&gt;&lt;ZTolerance&gt;0.001&lt;/ZTolerance&gt;&lt;MTolerance&gt;0.001&lt;/MTolerance&gt;&lt;HighPrecision&gt;true&lt;/HighPrecision&gt;&lt;/ProjectedCoordinateSystem&gt;</peXml></coordRef></DataProperties><SyncDate>20140516</SyncDate><SyncTime>14590100</SyncTime><ModDate>20140516</ModDate><ModTime>14590100</ModTime><ArcGISProfile>ItemDescription</ArcGISProfile></Esri><dataIdInfo><envirDesc Sync="TRUE">Microsoft Windows 7 Version 6.1 (Build 7600) ; Esri ArcGIS 10.1.0.3035</envirDesc><dataLang><languageCode value="fra" Sync="TRUE"/><countryCode value="FRA" Sync="TRUE"/></dataLang><idCitation><resTitle Sync="TRUE">eqpt_2014</resTitle><presForm><PresFormCd value="005" Sync="TRUE"/></presForm></idCitation><spatRpType><SpatRepTypCd value="001" Sync="TRUE"/></spatRpType><idPurp>liste des équipements de la ville positionné sur la parcelle le concernant </idPurp><idAbs>&lt;DIV STYLE="text-align:Left;"&gt;&lt;DIV&gt;&lt;P&gt;&lt;SPAN&gt;Champs permettant le tri sur le plan et répertoire des voies ainsi que Delta &lt;/SPAN&gt;&lt;/P&gt;&lt;P&gt;&lt;SPAN&gt;Champs permettant le tri par quartiers, cantons ...&lt;/SPAN&gt;&lt;/P&gt;&lt;P&gt;&lt;SPAN&gt;adressage sur le filaire &lt;/SPAN&gt;&lt;/P&gt;&lt;P&gt;&lt;SPAN /&gt;&lt;/P&gt;&lt;/DIV&gt;&lt;/DIV&gt;</idAbs><idCredit>NICOLAS Sébastien le 25/11/2013</idCredit><searchKeys><keyword>Equipements de la ville</keyword></searchKeys><resConst><Consts><useLimit>Plan Ville - Cadastre - Ortho-image</useLimit></Consts></resConst></dataIdInfo><mdLang><languageCode value="fra" Sync="TRUE"/><countryCode value="FRA" Sync="TRUE"/></mdLang><mdChar><CharSetCd value="004" Sync="TRUE"/></mdChar><distInfo><distFormat><formatName Sync="TRUE">Fichier de formes</formatName></distFormat><distTranOps><transSize Sync="TRUE">0.000</transSize></distTranOps></distInfo><mdHrLv><ScopeCd value="005" Sync="TRUE"/></mdHrLv><mdHrLvName Sync="TRUE">dataset</mdHrLvName><refSysInfo><RefSystem><refSysID><identCode code="0" Sync="TRUE" value="0"/></refSysID></RefSystem></refSysInfo><spatRepInfo><VectSpatRep><geometObjs Name="eqpt_2014"><geoObjTyp><GeoObjTypCd value="004" Sync="TRUE"></GeoObjTypCd></geoObjTyp><geoObjCnt Sync="TRUE">0</geoObjCnt></geometObjs><topLvl><TopoLevCd value="001" Sync="TRUE"></TopoLevCd></topLvl></VectSpatRep></spatRepInfo><spdoinfo><ptvctinf><esriterm Name="eqpt_2014"><efeatyp Sync="TRUE">Simple</efeatyp><efeageom code="1" Sync="TRUE"></efeageom><esritopo Sync="TRUE">FALSE</esritopo><efeacnt Sync="TRUE">0</efeacnt><spindex Sync="TRUE">FALSE</spindex><linrefer Sync="TRUE">FALSE</linrefer></esriterm></ptvctinf></spdoinfo><eainfo><detailed Name="eqpt_2014"><enttyp><enttypl Sync="TRUE">eqpt_2014</enttypl><enttypt Sync="TRUE">Feature Class</enttypt><enttypc Sync="TRUE">0</enttypc></enttyp><attr><attrlabl Sync="TRUE">FID</attrlabl><attalias Sync="TRUE">FID</attalias><attrtype Sync="TRUE">OID</attrtype><attwidth Sync="TRUE">4</attwidth><atprecis Sync="TRUE">0</atprecis><attscale Sync="TRUE">0</attscale><attrdef Sync="TRUE">Internal feature number.</attrdef><attrdefs Sync="TRUE">Esri</attrdefs><attrdomv><udom Sync="TRUE">Sequential unique whole numbers that are automatically generated.</udom></attrdomv></attr><attr><attrlabl Sync="TRUE">Shape</attrlabl><attalias Sync="TRUE">Shape</attalias><attrtype Sync="TRUE">Geometry</attrtype><attwidth Sync="TRUE">0</attwidth><atprecis Sync="TRUE">0</atprecis><attscale Sync="TRUE">0</attscale><attrdef Sync="TRUE">Feature geometry.</attrdef><attrdefs Sync="TRUE">ESRI</attrdefs><attrdomv><udom Sync="TRUE">Coordinates defining the features.</udom></attrdomv></attr><attr><attrlabl Sync="TRUE">FID_eqpt_2</attrlabl><attalias Sync="TRUE">FID_eqpt_2</attalias><attrtype Sync="TRUE">Integer</attrtype><attwidth Sync="TRUE">9</attwidth><atprecis Sync="TRUE">9</atprecis><attscale Sync="TRUE">0</attscale></attr><attr><attrlabl Sync="TRUE">CDCOL</attrlabl><attalias Sync="TRUE">CDCOL</attalias><attrtype Sync="TRUE">String</attrtype><attwidth Sync="TRUE">254</attwidth><atprecis Sync="TRUE">0</atprecis><attscale Sync="TRUE">0</attscale></attr><attr><attrlabl Sync="TRUE">LIBEL</attrlabl><attalias Sync="TRUE">LIBEL</attalias><attrtype Sync="TRUE">String</attrtype><attwidth Sync="TRUE">254</attwidth><atprecis Sync="TRUE">0</atprecis><attscale Sync="TRUE">0</attscale></attr><attr><attrlabl Sync="TRUE">CDRUE</attrlabl><attalias Sync="TRUE">CDRUE</attalias><attrtype Sync="TRUE">Double</attrtype><attwidth Sync="TRUE">19</attwidth><atprecis Sync="TRUE">0</atprecis><attscale Sync="TRUE">0</attscale></attr><attr><attrlabl Sync="TRUE">NORUE</attrlabl><attalias Sync="TRUE">NORUE</attalias><attrtype Sync="TRUE">Double</attrtype><attwidth Sync="TRUE">19</attwidth><atprecis Sync="TRUE">0</atprecis><attscale Sync="TRUE">0</attscale></attr><attr><attrlabl Sync="TRUE">BIS</attrlabl><attalias Sync="TRUE">BIS</attalias><attrtype Sync="TRUE">String</attrtype><attwidth Sync="TRUE">254</attwidth><atprecis Sync="TRUE">0</atprecis><attscale Sync="TRUE">0</attscale></attr><attr><attrlabl Sync="TRUE">FAMILLE</attrlabl><attalias Sync="TRUE">FAMILLE</attalias><attrtype Sync="TRUE">String</attrtype><attwidth Sync="TRUE">2</attwidth><atprecis Sync="TRUE">0</atprecis><attscale Sync="TRUE">0</attscale></attr><attr><attrlabl Sync="TRUE">SFAMILLE</attrlabl><attalias Sync="TRUE">SFAMILLE</attalias><attrtype Sync="TRUE">String</attrtype><attwidth Sync="TRUE">2</attwidth><atprecis Sync="TRUE">0</atprecis><attscale Sync="TRUE">0</attscale></attr><attr><attrlabl Sync="TRUE">LIBTRI</attrlabl><attalias Sync="TRUE">LIBTRI</attalias><attrtype Sync="TRUE">String</attrtype><attwidth Sync="TRUE">64</attwidth><atprecis Sync="TRUE">0</atprecis><attscale Sync="TRUE">0</attscale></attr><attr><attrlabl Sync="TRUE">COORD1_05</attrlabl><attalias Sync="TRUE">COORD1_05</attalias><attrtype Sync="TRUE">String</attrtype><attwidth Sync="TRUE">4</attwidth><atprecis Sync="TRUE">0</atprecis><attscale Sync="TRUE">0</attscale></attr><attr><attrlabl Sync="TRUE">COORD2_05</attrlabl><attalias Sync="TRUE">COORD2_05</attalias><attrtype Sync="TRUE">String</attrtype><attwidth Sync="TRUE">4</attwidth><atprecis Sync="TRUE">0</atprecis><attscale Sync="TRUE">0</attscale></attr><attr><attrlabl Sync="TRUE">PLAN_05</attrlabl><attalias Sync="TRUE">PLAN_05</attalias><attrtype Sync="TRUE">String</attrtype><attwidth Sync="TRUE">2</attwidth><atprecis Sync="TRUE">0</atprecis><attscale Sync="TRUE">0</attscale></attr><attr><attrlabl Sync="TRUE">RUBRIQUE</attrlabl><attalias Sync="TRUE">RUBRIQUE</attalias><attrtype Sync="TRUE">String</attrtype><attwidth Sync="TRUE">12</attwidth><atprecis Sync="TRUE">0</atprecis><attscale Sync="TRUE">0</attscale></attr><attr><attrlabl Sync="TRUE">HISCLEPATR</attrlabl><attalias Sync="TRUE">HISCLEPATR</attalias><attrtype Sync="TRUE">String</attrtype><attwidth Sync="TRUE">8</attwidth><atprecis Sync="TRUE">0</atprecis><attscale Sync="TRUE">0</attscale></attr><attr><attrlabl Sync="TRUE">STATUT</attrlabl><attalias Sync="TRUE">STATUT</attalias><attrtype Sync="TRUE">String</attrtype><attwidth Sync="TRUE">4</attwidth><atprecis Sync="TRUE">0</atprecis><attscale Sync="TRUE">0</attscale></attr><attr><attrlabl Sync="TRUE">CODCOMM</attrlabl><attalias Sync="TRUE">CODCOMM</attalias><attrtype Sync="TRUE">String</attrtype><attwidth Sync="TRUE">6</attwidth><atprecis Sync="TRUE">0</atprecis><attscale Sync="TRUE">0</attscale></attr><attr><attrlabl Sync="TRUE">DELTA_CAT</attrlabl><attalias Sync="TRUE">DELTA_CAT</attalias><attrtype Sync="TRUE">String</attrtype><attwidth Sync="TRUE">50</attwidth><atprecis Sync="TRUE">0</atprecis><attscale Sync="TRUE">0</attscale></attr><attr><attrlabl Sync="TRUE">DELTA_SSCA</attrlabl><attalias Sync="TRUE">DELTA_SSCA</attalias><attrtype Sync="TRUE">String</attrtype><attwidth Sync="TRUE">50</attwidth><atprecis Sync="TRUE">0</atprecis><attscale Sync="TRUE">0</attscale></attr><attr><attrlabl Sync="TRUE">Page_PR</attrlabl><attalias Sync="TRUE">Page_PR</attalias><attrtype Sync="TRUE">String</attrtype><attwidth Sync="TRUE">2</attwidth><atprecis Sync="TRUE">0</atprecis><attscale Sync="TRUE">0</attscale></attr><attr><attrlabl Sync="TRUE">Astech</attrlabl><attalias Sync="TRUE">Astech</attalias><attrtype Sync="TRUE">String</attrtype><attwidth Sync="TRUE">10</attwidth><atprecis Sync="TRUE">0</atprecis><attscale Sync="TRUE">0</attscale></attr><attr><attrlabl Sync="TRUE">QUARTIER</attrlabl><attalias Sync="TRUE">QUARTIER</attalias><attrtype Sync="TRUE">Integer</attrtype><attwidth Sync="TRUE">9</attwidth><atprecis Sync="TRUE">9</atprecis><attscale Sync="TRUE">0</attscale></attr><attr><attrlabl Sync="TRUE">SQUARTIER_</attrlabl><attalias Sync="TRUE">SQUARTIER_</attalias><attrtype Sync="TRUE">Integer</attrtype><attwidth Sync="TRUE">9</attwidth><atprecis Sync="TRUE">9</atprecis><attscale Sync="TRUE">0</attscale></attr><attr><attrlabl Sync="TRUE">Canton</attrlabl><attalias Sync="TRUE">CANTON</attalias><attrtype Sync="TRUE">Integer</attrtype><attwidth Sync="TRUE">9</attwidth><atprecis Sync="TRUE">9</atprecis><attscale Sync="TRUE">0</attscale></attr></detailed></eainfo><mdDateSt Sync="TRUE">20140516</mdDateSt></metadata>
