<?xml version="1.0" encoding="UTF-8"?>
<metadata xml:lang="fr"><Esri><CreaDate>20140403</CreaDate><CreaTime>11494300</CreaTime><ArcGISFormat>1.0</ArcGISFormat><SyncOnce>FALSE</SyncOnce><DataProperties><itemProps><itemName Sync="TRUE">airePi</itemName><imsContentType Sync="TRUE">002</imsContentType><itemSize Sync="TRUE">0,000</itemSize><itemLocation><linkage Sync="TRUE">file://\\DES-P092\C$\airePi.shp</linkage><protocol Sync="TRUE">Local Area Network</protocol></itemLocation></itemProps><coordRef><type Sync="TRUE">Projected</type><geogcsn Sync="TRUE">GCS_RGF_1993</geogcsn><projcsn Sync="TRUE">RGF93_Lambert_93</projcsn><peXml Sync="TRUE">&lt;ProjectedCoordinateSystem xsi:type='typens:ProjectedCoordinateSystem' xmlns:xsi='http://www.w3.org/2001/XMLSchema-instance' xmlns:xs='http://www.w3.org/2001/XMLSchema' xmlns:typens='http://www.esri.com/schemas/ArcGIS/10.0'&gt;&lt;WKT&gt;PROJCS[&amp;quot;RGF93_Lambert_93&amp;quot;,GEOGCS[&amp;quot;GCS_RGF_1993&amp;quot;,DATUM[&amp;quot;D_RGF_1993&amp;quot;,SPHEROID[&amp;quot;GRS_1980&amp;quot;,6378137.0,298.257222101]],PRIMEM[&amp;quot;Greenwich&amp;quot;,0.0],UNIT[&amp;quot;Degree&amp;quot;,0.0174532925199433]],PROJECTION[&amp;quot;Lambert_Conformal_Conic&amp;quot;],PARAMETER[&amp;quot;False_Easting&amp;quot;,700000.0],PARAMETER[&amp;quot;False_Northing&amp;quot;,6600000.0],PARAMETER[&amp;quot;Central_Meridian&amp;quot;,3.0],PARAMETER[&amp;quot;Standard_Parallel_1&amp;quot;,44.0],PARAMETER[&amp;quot;Standard_Parallel_2&amp;quot;,49.0],PARAMETER[&amp;quot;Latitude_Of_Origin&amp;quot;,46.5],UNIT[&amp;quot;Meter&amp;quot;,1.0]]&lt;/WKT&gt;&lt;XOrigin&gt;-35597500&lt;/XOrigin&gt;&lt;YOrigin&gt;-23641900&lt;/YOrigin&gt;&lt;XYScale&gt;124074650.52332792&lt;/XYScale&gt;&lt;ZOrigin&gt;-100000&lt;/ZOrigin&gt;&lt;ZScale&gt;10000&lt;/ZScale&gt;&lt;MOrigin&gt;-100000&lt;/MOrigin&gt;&lt;MScale&gt;10000&lt;/MScale&gt;&lt;XYTolerance&gt;0.001&lt;/XYTolerance&gt;&lt;ZTolerance&gt;0.001&lt;/ZTolerance&gt;&lt;MTolerance&gt;0.001&lt;/MTolerance&gt;&lt;HighPrecision&gt;true&lt;/HighPrecision&gt;&lt;/ProjectedCoordinateSystem&gt;</peXml></coordRef><lineage><Process ToolSource="C:\Program Files (x86)\ArcGIS\Desktop10.0\ArcToolbox\Toolboxes\Conversion Tools.tbx\FeatureClassToFeatureClass" Date="20140403" Time="114943">FeatureClassToFeatureClass "Connexions aux bases de données\sig.sde\REGULATION.AirePietonne" c: airePi.shp # "NOM "NOM" true true false 50 Text 0 0 ,First,#,Connexions aux bases de données\sig.sde\REGULATION.AirePietonne,NOM,-1,-1;SHAPE_AREA "SHAPE_AREA" false false true 0 Double 0 0 ,First,#,Connexions aux bases de données\sig.sde\REGULATION.AirePietonne,SHAPE.AREA,-1,-1;SHAPE_LEN "SHAPE_LEN" false false true 0 Double 0 0 ,First,#,Connexions aux bases de données\sig.sde\REGULATION.AirePietonne,SHAPE.LEN,-1,-1" #</Process></lineage></DataProperties><SyncDate>20140403</SyncDate><SyncTime>11494300</SyncTime><ModDate>20140403</ModDate><ModTime>11494300</ModTime></Esri><dataIdInfo><envirDesc Sync="TRUE">Microsoft Windows Server 2008 R2 Version 6.1 (Build 7601) Service Pack 1; ESRI ArcGIS 10.0.0.2414</envirDesc><dataLang><languageCode value="fra" country="FRA"></languageCode></dataLang><idCitation><resTitle Sync="TRUE">airePi</resTitle><presForm><PresFormCd value="005"></PresFormCd></presForm></idCitation><descKeys><thesaName uuidref="723f6998-058e-11dc-8314-0800200c9a66"></thesaName><keyword Sync="TRUE">002</keyword></descKeys><spatRpType><SpatRepTypCd value="001"></SpatRepTypCd></spatRpType></dataIdInfo><mdLang><languageCode value="fra"></languageCode></mdLang><mdChar><CharSetCd value="004"></CharSetCd></mdChar><distInfo><distFormat><formatName Sync="TRUE">Fichier de formes</formatName></distFormat><distTranOps><transSize Sync="TRUE">0,000</transSize></distTranOps></distInfo><mdHrLv><ScopeCd value="005"></ScopeCd></mdHrLv><mdHrLvName Sync="TRUE">dataset</mdHrLvName><refSysInfo><RefSystem><refSysID><identCode code="0"></identCode></refSysID></RefSystem></refSysInfo><spdoinfo><ptvctinf><esriterm Name="airePi"><efeatyp Sync="TRUE">Simple</efeatyp><efeageom Sync="TRUE">4</efeageom><esritopo Sync="TRUE">FALSE</esritopo><efeacnt Sync="TRUE">0</efeacnt><spindex Sync="TRUE">FALSE</spindex><linrefer Sync="TRUE">FALSE</linrefer></esriterm></ptvctinf></spdoinfo><spatRepInfo><VectSpatRep><topLvl><TopoLevCd value="001"></TopoLevCd></topLvl><geometObjs><geoObjTyp><GeoObjTypCd value="002"></GeoObjTypCd><geoObjCnt Sync="TRUE">0</geoObjCnt></geoObjTyp></geometObjs></VectSpatRep></spatRepInfo><eainfo><detailed Name="airePi"><enttyp><enttypl Sync="TRUE">airePi</enttypl><enttypt Sync="TRUE">Feature Class</enttypt><enttypc Sync="TRUE">0</enttypc></enttyp><attr><attrlabl Sync="TRUE">FID</attrlabl><attalias Sync="TRUE">FID</attalias><attrtype Sync="TRUE">OID</attrtype><attwidth Sync="TRUE">4</attwidth><atprecis Sync="TRUE">0</atprecis><attscale Sync="TRUE">0</attscale><attrdef Sync="TRUE">Internal feature number.</attrdef><attrdefs Sync="TRUE">ESRI</attrdefs><attrdomv><udom Sync="TRUE">Sequential unique whole numbers that are automatically generated.</udom></attrdomv></attr><attr><attrlabl Sync="TRUE">Shape</attrlabl><attalias Sync="TRUE">Shape</attalias><attrtype Sync="TRUE">Geometry</attrtype><attwidth Sync="TRUE">0</attwidth><atprecis Sync="TRUE">0</atprecis><attscale Sync="TRUE">0</attscale><attrdef Sync="TRUE">Feature geometry.</attrdef><attrdefs Sync="TRUE">ESRI</attrdefs><attrdomv><udom Sync="TRUE">Coordinates defining the features.</udom></attrdomv></attr><attr><attrlabl Sync="TRUE">NOM</attrlabl><attalias Sync="TRUE">NOM</attalias><attrtype Sync="TRUE">String</attrtype><attwidth Sync="TRUE">50</attwidth><atprecis Sync="TRUE">0</atprecis><attscale Sync="TRUE">0</attscale></attr><attr><attrlabl Sync="TRUE">SHAPE_AREA</attrlabl><attalias Sync="TRUE">SHAPE_AREA</attalias><attrtype Sync="TRUE">Double</attrtype><attwidth Sync="TRUE">19</attwidth><atprecis Sync="TRUE">0</atprecis><attscale Sync="TRUE">0</attscale><attrdef Sync="TRUE">Area of feature in internal units squared.</attrdef><attrdefs Sync="TRUE">ESRI</attrdefs><attrdomv><udom Sync="TRUE">Positive real numbers that are automatically generated.</udom></attrdomv></attr><attr><attrlabl Sync="TRUE">SHAPE_LEN</attrlabl><attalias Sync="TRUE">SHAPE_LEN</attalias><attrtype Sync="TRUE">Double</attrtype><attwidth Sync="TRUE">19</attwidth><atprecis Sync="TRUE">0</atprecis><attscale Sync="TRUE">0</attscale></attr></detailed></eainfo><mdDateSt Sync="TRUE">20140403</mdDateSt></metadata>
