<?xml version="1.0" encoding="UTF-8"?>
<metadata xml:lang="fr"><Esri><CreaDate>20140214</CreaDate><CreaTime>15035500</CreaTime><ArcGISFormat>1.0</ArcGISFormat><SyncOnce>TRUE</SyncOnce><DataProperties><lineage><Process ToolSource="c:\program files (x86)\arcgis\desktop10.1\ArcToolbox\Toolboxes\Conversion Tools.tbx\ExportCAD" Date="20140214" Time="150355">ExportCAD VilleMTP_MTP_Cadastre_hab_lin DWG_R2010 C:\#TRAVAIL#\FAC\Data\hab_lin.DWG Ignore_Filenames_in_Tables Overwrite_Existing_Files #</Process></lineage></DataProperties></Esri></metadata>
