<?xml version="1.0" encoding="UTF-8"?>
<metadata xml:lang="fr"><Esri><CreaDate>20140217</CreaDate><CreaTime>17180900</CreaTime><ArcGISFormat>1.0</ArcGISFormat><SyncOnce>TRUE</SyncOnce><DataProperties><lineage><Process ToolSource="c:\program files (x86)\arcgis\desktop10.1\ArcToolbox\Toolboxes\Conversion Tools.tbx\ExportCAD" Date="20140217" Time="171809">ExportCAD VilleMTP_MTP_Cadastre_sect_cad DWG_R2010 C:\#TRAVAIL#\FAC\Data\VilleMTP_MTP_Cadastre_sect.DWG Ignore_Filenames_in_Tables Overwrite_Existing_Files #</Process></lineage></DataProperties></Esri></metadata>
