<?xml version="1.0"?>
<!--<!DOCTYPE metadata SYSTEM "http://www.esri.com/metadata/esriprof80.dtd">-->
<metadata xml:lang="fr"><Esri><CreaDate>20091207</CreaDate><CreaTime>12233800</CreaTime><SyncOnce>FALSE</SyncOnce><DataProperties><lineage><Process Name="Append_34" ToolSource="C:\Program Files\ArcGIS\ArcToolbox\Toolboxes\Data Management Tools.tbx\Append" Date="20070221" Time="120357">Append C:\Imagis\DataBase\Cadastre\imavue34172.mdb\parcelle "C:\Imagis\DataBase\Cadastre\Connexion CAD.sde\IMACAD.parcelle" TEST "C:\Imagis\DataBase\Cadastre\Connexion CAD.sde\IMACAD.parcelle"</Process><Process Name="DeleteFeatures_4" ToolSource="C:\Program Files\ArcGIS\ArcToolbox\Toolboxes\Data Management Tools.tbx\DeleteFeatures" Date="20080729" Time="161214">DeleteFeatures "Connexions aux bases de données\Connexion CAD.sde\IMACAD.parcelle" "Connexions aux bases de données\Connexion CAD.sde\IMACAD.parcelle"</Process><Process ToolSource="C:\Program Files\ArcGIS\ArcToolbox\Toolboxes\Data Management Tools.tbx\Project" Date="20091207" Time="115623">Project \\ig-margote\Data\RGF93\IMACAD_ZIII.gdb\parcelle \\ig-margote\Data\RGF93\IMACAD.gdb\parcelle PROJCS['RGF93_Lambert_93',GEOGCS['GCS_RGF_1993',DATUM['D_RGF_1993',SPHEROID['GRS_1980',6378137.0,298.257222101]],PRIMEM['Greenwich',0.0],UNIT['Degree',0.0174532925199433]],PROJECTION['Lambert_Conformal_Conic'],PARAMETER['False_Easting',700000.0],PARAMETER['False_Northing',6600000.0],PARAMETER['Central_Meridian',3.0],PARAMETER['Standard_Parallel_1',44.0],PARAMETER['Standard_Parallel_2',49.0],PARAMETER['Latitude_Of_Origin',46.5],UNIT['Meter',1.0]] RGF_1993_To_NTF_NTv2 PROJCS['NTF_Lambert_Zone_III',GEOGCS['GCS_NTF',DATUM['D_NTF',SPHEROID['Clarke_1880_IGN',6378249.2,293.46602]],PRIMEM['Greenwich',0.0],UNIT['Degree',0.0174532925199433]],PROJECTION['Lambert_Conformal_Conic'],PARAMETER['False_Easting',600000.0],PARAMETER['False_Northing',200000.0],PARAMETER['Central_Meridian',2.3372291667],PARAMETER['Standard_Parallel_1',43.1992913889],PARAMETER['Standard_Parallel_2',44.9960938889],PARAMETER['Scale_Factor',1.0],PARAMETER['Latitude_Of_Origin',44.1],UNIT['Meter',1.0]]</Process><Process Name="DeleteFeatures_1" ToolSource="C:\Program Files\ArcGIS\ArcToolbox\Toolboxes\Data Management Tools.tbx\DeleteFeatures" Date="20101103" Time="175636">DeleteFeatures "Connexions aux bases de données\CAD.sde\IMACAD.parcelle" "Connexions aux bases de données\CAD.sde\IMACAD.parcelle"</Process><Process Name="FeatureClassToFeatureClass_3" ToolSource="C:\Program Files\ArcGIS\ArcToolbox\Toolboxes\Conversion Tools.tbx\FeatureClassToFeatureClass" Date="20130415" Time="155851">FeatureClassToFeatureClass "Database Connections\sig.sde\IMACAD.parcelle" c: parcelle.shp # "BATIE BATIE true true false 3 Text 0 0 ,First,#,Database Connections\sig.sde\IMACAD.parcelle,BATIE,-1,-1;CCOARP CCOARP true true false 3 Text 0 0 ,First,#,Database Connections\sig.sde\IMACAD.parcelle,CCOARP,-1,-1;CCOCIF CCOCIF true true false 4 Text 0 0 ,First,#,Database Connections\sig.sde\IMACAD.parcelle,CCOCIF,-1,-1;CCOCOM CCOCOM true true false 3 Text 0 0 ,First,#,Database Connections\sig.sde\IMACAD.parcelle,CCOCOM,-1,-1;CCODEP CCODEP true true false 3 Text 0 0 ,First,#,Database Connections\sig.sde\IMACAD.parcelle,CCODEP,-1,-1;CCODIR CCODIR true true false 3 Text 0 0 ,First,#,Database Connections\sig.sde\IMACAD.parcelle,CCODIR,-1,-1;CCOPRE CCOPRE true true false 3 Text 0 0 ,First,#,Database Connections\sig.sde\IMACAD.parcelle,CCOPRE,-1,-1;CCOSEC CCOSEC true true false 3 Text 0 0 ,First,#,Database Connections\sig.sde\IMACAD.parcelle,CCOSEC,-1,-1;CCOSECCR CCOSECCR true true false 3 Text 0 0 ,First,#,Database Connections\sig.sde\IMACAD.parcelle,CCOSECCR,-1,-1;CCOVOI CCOVOI true true false 5 Text 0 0 ,First,#,Database Connections\sig.sde\IMACAD.parcelle,CCOVOI,-1,-1;CODCOMM CODCOMM true true false 6 Text 0 0 ,First,#,Database Connections\sig.sde\IMACAD.parcelle,CODCOMM,-1,-1;CODEIDENT CODEIDENT true false false 15 Text 0 0 ,First,#,Database Connections\sig.sde\IMACAD.parcelle,CODEIDENT,-1,-1;CPRSECR CPRSECR true true false 3 Text 0 0 ,First,#,Database Connections\sig.sde\IMACAD.parcelle,CPRSECR,-1,-1;DATEACTE DATEACTE true true false 10 Text 0 0 ,First,#,Database Connections\sig.sde\IMACAD.parcelle,DATEACTE,-1,-1;DNUPLAR DNUPLAR true true false 2 Short 0 5 ,First,#,Database Connections\sig.sde\IMACAD.parcelle,DNUPLAR,-1,-1;DPARPI DPARPI true true false 2 Short 0 5 ,First,#,Database Connections\sig.sde\IMACAD.parcelle,DPARPI,-1,-1;DREFLF DREFLF true true false 5 Text 0 0 ,First,#,Database Connections\sig.sde\IMACAD.parcelle,DREFLF,-1,-1;DSRPAR DSRPAR true true false 3 Text 0 0 ,First,#,Database Connections\sig.sde\IMACAD.parcelle,DSRPAR,-1,-1;FEUILLE FEUILLE true true false 4 Text 0 0 ,First,#,Database Connections\sig.sde\IMACAD.parcelle,FEUILLE,-1,-1;FIGPLAN FIGPLAN true true false 3 Text 0 0 ,First,#,Database Connections\sig.sde\IMACAD.parcelle,FIGPLAN,-1,-1;IDENT IDENT true true false 9 Text 0 0 ,First,#,Database Connections\sig.sde\IMACAD.parcelle,IDENT,-1,-1;IDPARPDL IDPARPDL true true false 9 Text 0 0 ,First,#,Database Connections\sig.sde\IMACAD.parcelle,IDPARPDL,-1,-1;IDPROP IDPROP true true false 6 Text 0 0 ,First,#,Database Connections\sig.sde\IMACAD.parcelle,IDPROP,-1,-1;NDEB NDEB true true false 2 Short 0 5 ,First,#,Database Connections\sig.sde\IMACAD.parcelle,NDEB,-1,-1;NONREJ NONREJ true true false 3 Text 0 0 ,First,#,Database Connections\sig.sde\IMACAD.parcelle,NONREJ,-1,-1;NUMPDL NUMPDL true true false 3 Text 0 0 ,First,#,Database Connections\sig.sde\IMACAD.parcelle,NUMPDL,-1,-1;PARCELLE PARCELLE true true false 2 Short 0 5 ,First,#,Database Connections\sig.sde\IMACAD.parcelle,PARCELLE,-1,-1;PDL PDL true true false 3 Text 0 0 ,First,#,Database Connections\sig.sde\IMACAD.parcelle,PDL,-1,-1;RIVOLI RIVOLI true true false 4 Text 0 0 ,First,#,Database Connections\sig.sde\IMACAD.parcelle,RIVOLI,-1,-1;SCOS SCOS true true false 8 Double 8 38 ,First,#,Database Connections\sig.sde\IMACAD.parcelle,SCOS,-1,-1;SDEB SDEB true true false 3 Text 0 0 ,First,#,Database Connections\sig.sde\IMACAD.parcelle,SDEB,-1,-1;SECT_CAD SECT_CAD true true false 5 Text 0 0 ,First,#,Database Connections\sig.sde\IMACAD.parcelle,SECT_CAD,-1,-1;SSURF SSURF true true false 8 Double 8 38 ,First,#,Database Connections\sig.sde\IMACAD.parcelle,SSURF,-1,-1;SSURFB SSURFB true true false 8 Double 8 38 ,First,#,Database Connections\sig.sde\IMACAD.parcelle,SSURFB,-1,-1;SURFACE SURFACE true true false 4 Long 0 10 ,First,#,Database Connections\sig.sde\IMACAD.parcelle,SURFACE,-1,-1;URBAIN URBAIN true true false 3 Text 0 0 ,First,#,Database Connections\sig.sde\IMACAD.parcelle,URBAIN,-1,-1;AREA AREA false false true 0 Double 0 0 ,First,#,Database Connections\sig.sde\IMACAD.parcelle,SHAPE.AREA,-1,-1;LEN LEN false false true 0 Double 0 0 ,First,#,Database Connections\sig.sde\IMACAD.parcelle,SHAPE.LEN,-1,-1" # c:\parcelle.shp</Process></lineage></DataProperties><MetaID>{644F1990-8F43-42FC-86A4-A5885D94DB64}</MetaID><SyncDate>20130415</SyncDate><SyncTime>15534700</SyncTime><ModDate>20130415</ModDate><ModTime>15534700</ModTime></Esri><idinfo><citation><citeinfo><onlink Sync="TRUE">\\IG-P149\C$\parcelle.shp</onlink><origin>REQUIRED: The name of an organization or individual that developed the data set.</origin><pubdate>REQUIRED: The date when the data set is published or otherwise made available for release.</pubdate><title Sync="TRUE">parcelle</title><ftname Sync="TRUE">parcelle</ftname><geoform Sync="TRUE">vector digital data</geoform></citeinfo></citation><native Sync="TRUE">Microsoft Windows XP Version 5.1 (Build 2600) Service Pack 3; ESRI ArcCatalog 9.2.5.1450</native><descript><langdata Sync="TRUE">fr</langdata><abstract>REQUIRED: A brief narrative summary of the data set.</abstract><purpose>REQUIRED: A summary of the intentions with which the data set was developed.</purpose></descript><timeperd><current>REQUIRED: The basis on which the time period of content information is determined.</current><timeinfo><sngdate><caldate>REQUIRED: The year (and optionally month, or month and day) for which the data set corresponds to the ground.</caldate></sngdate></timeinfo></timeperd><status><progress>REQUIRED: The state of the data set.</progress><update>REQUIRED: The frequency with which changes and additions are made to the data set after the initial data set is completed.</update></status><spdom><bounding><westbc Sync="TRUE">REQUIRED: Western-most coordinate of the limit of coverage expressed in longitude.</westbc><eastbc Sync="TRUE">REQUIRED: Eastern-most coordinate of the limit of coverage expressed in longitude.</eastbc><northbc Sync="TRUE">REQUIRED: Northern-most coordinate of the limit of coverage expressed in latitude.</northbc><southbc Sync="TRUE">REQUIRED: Southern-most coordinate of the limit of coverage expressed in latitude.</southbc></bounding></spdom><keywords><theme><themekt>REQUIRED: Reference to a formally registered thesaurus or a similar authoritative source of theme keywords.</themekt><themekey>REQUIRED: Common-use word or phrase used to describe the subject of the data set.</themekey></theme></keywords><accconst>REQUIRED: Restrictions and legal prerequisites for accessing the data set.</accconst><useconst>REQUIRED: Restrictions and legal prerequisites for using the data set after access is granted.</useconst><natvform Sync="TRUE">Shapefile</natvform></idinfo><distInfo><distributor><distorTran><onLineSrc><linkage Sync="TRUE">file://\\IG-P149\C$\parcelle.shp</linkage><protocol Sync="TRUE">Local Area Network</protocol><orDesc Sync="TRUE">002</orDesc></onLineSrc><transSize Sync="TRUE">0,000</transSize></distorTran><distorFormat><formatName Sync="TRUE">Shapefile</formatName></distorFormat></distributor></distInfo><dataqual><lineage><procstep><procdesc Sync="TRUE">Jeu de données copié.</procdesc><srcused Sync="TRUE">Server=ig-margote; Service=5151; User=imacad; Version=SDE.DEFAULT</srcused><date Sync="TRUE">20091207</date><time Sync="TRUE">11481300</time></procstep><procstep><procdesc Sync="TRUE">Jeu de données copié.</procdesc><srcused Sync="TRUE">\\ig-margote\Data\RGF93\IMACAD_ZIII.gdb</srcused><date Sync="TRUE">20091207</date><time Sync="TRUE">11560500</time></procstep><procstep><procdesc Sync="TRUE">Jeu de données copié.</procdesc><srcused Sync="TRUE">\\ig-margote\Data\RGF93\IMACAD.gdb</srcused><date Sync="TRUE">20091207</date><time Sync="TRUE">12233800</time></procstep></lineage></dataqual><dataIdInfo><envirDesc Sync="TRUE">Microsoft Windows XP Version 5.1 (Build 2600) Service Pack 3; ESRI ArcCatalog 9.2.5.1450</envirDesc><dataLang><languageCode Sync="TRUE" value="fr"></languageCode></dataLang><idCitation><resTitle Sync="TRUE">parcelle</resTitle><presForm><PresFormCd Sync="TRUE" value="005"></PresFormCd></presForm></idCitation><spatRpType><SpatRepTypCd Sync="TRUE" value="001"></SpatRepTypCd></spatRpType></dataIdInfo><metainfo><langmeta Sync="TRUE">fr</langmeta><metstdn Sync="TRUE">FGDC Content Standards for Digital Geospatial Metadata</metstdn><metstdv Sync="TRUE">FGDC-STD-001-1998</metstdv><mettc Sync="TRUE">local time</mettc><metextns><onlink Sync="TRUE">http://www.esri.com/metadata/esriprof80.html</onlink><metprof Sync="TRUE">ESRI Metadata Profile</metprof></metextns><metc><cntinfo><cntorgp><cntper>REQUIRED: The person responsible for the metadata information.</cntper><cntorg>REQUIRED: The organization responsible for the metadata information.</cntorg></cntorgp><cntaddr><addrtype>REQUIRED: The mailing and/or physical address for the organization or individual.</addrtype><city>REQUIRED: The city of the address.</city><state>REQUIRED: The state or province of the address.</state><postal>REQUIRED: The ZIP or other postal code of the address.</postal></cntaddr><cntvoice>REQUIRED: The telephone number by which individuals can speak to the organization or individual.</cntvoice></cntinfo></metc><metd Sync="TRUE">20130415</metd></metainfo><mdLang><languageCode Sync="TRUE" value="fr"></languageCode></mdLang><mdStanName Sync="TRUE">ISO 19115 Geographic Information - Metadata</mdStanName><mdStanVer Sync="TRUE">DIS_ESRI1.0</mdStanVer><mdChar><CharSetCd Sync="TRUE" value="004"></CharSetCd></mdChar><mdHrLv><ScopeCd Sync="TRUE" value="005"></ScopeCd></mdHrLv><mdHrLvName Sync="TRUE">dataset</mdHrLvName><distinfo><resdesc Sync="TRUE">Downloadable Data</resdesc><stdorder><digform><digtinfo><transize Sync="TRUE">0,000</transize><dssize Sync="TRUE">0,000</dssize></digtinfo></digform></stdorder></distinfo><spdoinfo><direct Sync="TRUE">Vector</direct><ptvctinf><esriterm Name="parcelle"><efeatyp Sync="TRUE">Simple</efeatyp><efeageom Sync="TRUE">Polygon</efeageom><esritopo Sync="TRUE">FALSE</esritopo><efeacnt Sync="TRUE">0</efeacnt><spindex Sync="TRUE">FALSE</spindex><linrefer Sync="TRUE">FALSE</linrefer></esriterm><sdtsterm Name="parcelle"><sdtstype Sync="TRUE">G-polygon</sdtstype><ptvctcnt Sync="TRUE">0</ptvctcnt></sdtsterm></ptvctinf></spdoinfo><spref><horizsys><cordsysn><geogcsn Sync="TRUE">GCS_RGF_1993</geogcsn><projcsn Sync="TRUE">RGF93_Lambert_93</projcsn></cordsysn><planar><mapproj><mapprojn Sync="TRUE">Lambert Conformal Conic</mapprojn><lambertc><stdparll Sync="TRUE">44.000000</stdparll><stdparll Sync="TRUE">49.000000</stdparll><longcm Sync="TRUE">3.000000</longcm><latprjo Sync="TRUE">46.500000</latprjo><feast Sync="TRUE">700000.000000</feast><fnorth Sync="TRUE">6600000.000000</fnorth></lambertc></mapproj><planci><plance Sync="TRUE">coordinate pair</plance><plandu Sync="TRUE">meters</plandu><coordrep><absres Sync="TRUE">0.000000</absres><ordres Sync="TRUE">0.000000</ordres></coordrep></planci></planar><geodetic><horizdn Sync="TRUE">D_RGF_1993</horizdn><ellips Sync="TRUE">Geodetic Reference System 80</ellips><semiaxis Sync="TRUE">6378137.000000</semiaxis><denflat Sync="TRUE">298.257222</denflat></geodetic></horizsys></spref><refSysInfo><RefSystem><refSysID><identCode Sync="TRUE">RGF93_Lambert_93</identCode></refSysID></RefSystem></refSysInfo><spatRepInfo><VectSpatRep><topLvl><TopoLevCd Sync="TRUE" value="001"></TopoLevCd></topLvl><geometObjs Name="parcelle"><geoObjTyp><GeoObjTypCd Sync="TRUE" value="001"></GeoObjTypCd></geoObjTyp><geoObjCnt Sync="TRUE">0</geoObjCnt></geometObjs></VectSpatRep></spatRepInfo><eainfo><detailed Name="parcelle"><enttyp><enttypl Sync="TRUE">parcelle</enttypl><enttypt Sync="TRUE">Feature Class</enttypt><enttypc Sync="TRUE">0</enttypc></enttyp><attr><attrlabl Sync="TRUE">FID</attrlabl><attalias Sync="TRUE">FID</attalias><attrtype Sync="TRUE">OID</attrtype><attwidth Sync="TRUE">4</attwidth><atprecis Sync="TRUE">0</atprecis><attscale Sync="TRUE">0</attscale><attrdef Sync="TRUE">Internal feature number.</attrdef><attrdefs Sync="TRUE">ESRI</attrdefs><attrdomv><udom Sync="TRUE">Sequential unique whole numbers that are automatically generated.</udom></attrdomv></attr><attr><attrlabl Sync="TRUE">Shape</attrlabl><attalias Sync="TRUE">Shape</attalias><attrtype Sync="TRUE">Geometry</attrtype><attwidth Sync="TRUE">0</attwidth><atprecis Sync="TRUE">0</atprecis><attscale Sync="TRUE">0</attscale><attrdef Sync="TRUE">Feature geometry.</attrdef><attrdefs Sync="TRUE">ESRI</attrdefs><attrdomv><udom Sync="TRUE">Coordinates defining the features.</udom></attrdomv></attr><attr><attrlabl Sync="TRUE">BATIE</attrlabl><attalias Sync="TRUE">BATIE</attalias><attrtype Sync="TRUE">String</attrtype><attwidth Sync="TRUE">3</attwidth></attr><attr><attrlabl Sync="TRUE">CCOARP</attrlabl><attalias Sync="TRUE">CCOARP</attalias><attrtype Sync="TRUE">String</attrtype><attwidth Sync="TRUE">3</attwidth></attr><attr><attrlabl Sync="TRUE">CCOCIF</attrlabl><attalias Sync="TRUE">CCOCIF</attalias><attrtype Sync="TRUE">String</attrtype><attwidth Sync="TRUE">4</attwidth></attr><attr><attrlabl Sync="TRUE">CCOCOM</attrlabl><attalias Sync="TRUE">CCOCOM</attalias><attrtype Sync="TRUE">String</attrtype><attwidth Sync="TRUE">3</attwidth></attr><attr><attrlabl Sync="TRUE">CCODEP</attrlabl><attalias Sync="TRUE">CCODEP</attalias><attrtype Sync="TRUE">String</attrtype><attwidth Sync="TRUE">3</attwidth></attr><attr><attrlabl Sync="TRUE">CCODIR</attrlabl><attalias Sync="TRUE">CCODIR</attalias><attrtype Sync="TRUE">String</attrtype><attwidth Sync="TRUE">3</attwidth></attr><attr><attrlabl Sync="TRUE">CCOPRE</attrlabl><attalias Sync="TRUE">CCOPRE</attalias><attrtype Sync="TRUE">String</attrtype><attwidth Sync="TRUE">3</attwidth></attr><attr><attrlabl Sync="TRUE">CCOSEC</attrlabl><attalias Sync="TRUE">CCOSEC</attalias><attrtype Sync="TRUE">String</attrtype><attwidth Sync="TRUE">3</attwidth></attr><attr><attrlabl Sync="TRUE">CCOSECCR</attrlabl><attalias Sync="TRUE">CCOSECCR</attalias><attrtype Sync="TRUE">String</attrtype><attwidth Sync="TRUE">3</attwidth></attr><attr><attrlabl Sync="TRUE">CCOVOI</attrlabl><attalias Sync="TRUE">CCOVOI</attalias><attrtype Sync="TRUE">String</attrtype><attwidth Sync="TRUE">5</attwidth></attr><attr><attrlabl Sync="TRUE">CODCOMM</attrlabl><attalias Sync="TRUE">CODCOMM</attalias><attrtype Sync="TRUE">String</attrtype><attwidth Sync="TRUE">6</attwidth></attr><attr><attrlabl Sync="TRUE">CODEIDENT</attrlabl><attalias Sync="TRUE">CODEIDENT</attalias><attrtype Sync="TRUE">String</attrtype><attwidth Sync="TRUE">15</attwidth></attr><attr><attrlabl Sync="TRUE">CPRSECR</attrlabl><attalias Sync="TRUE">CPRSECR</attalias><attrtype Sync="TRUE">String</attrtype><attwidth Sync="TRUE">3</attwidth></attr><attr><attrlabl Sync="TRUE">DATEACTE</attrlabl><attalias Sync="TRUE">DATEACTE</attalias><attrtype Sync="TRUE">String</attrtype><attwidth Sync="TRUE">10</attwidth></attr><attr><attrlabl Sync="TRUE">DNUPLAR</attrlabl><attalias Sync="TRUE">DNUPLAR</attalias><attrtype Sync="TRUE">Number</attrtype><attwidth Sync="TRUE">5</attwidth></attr><attr><attrlabl Sync="TRUE">DPARPI</attrlabl><attalias Sync="TRUE">DPARPI</attalias><attrtype Sync="TRUE">Number</attrtype><attwidth Sync="TRUE">5</attwidth></attr><attr><attrlabl Sync="TRUE">DREFLF</attrlabl><attalias Sync="TRUE">DREFLF</attalias><attrtype Sync="TRUE">String</attrtype><attwidth Sync="TRUE">5</attwidth></attr><attr><attrlabl Sync="TRUE">DSRPAR</attrlabl><attalias Sync="TRUE">DSRPAR</attalias><attrtype Sync="TRUE">String</attrtype><attwidth Sync="TRUE">3</attwidth></attr><attr><attrlabl Sync="TRUE">FEUILLE</attrlabl><attalias Sync="TRUE">FEUILLE</attalias><attrtype Sync="TRUE">String</attrtype><attwidth Sync="TRUE">4</attwidth></attr><attr><attrlabl Sync="TRUE">FIGPLAN</attrlabl><attalias Sync="TRUE">FIGPLAN</attalias><attrtype Sync="TRUE">String</attrtype><attwidth Sync="TRUE">3</attwidth></attr><attr><attrlabl Sync="TRUE">IDENT</attrlabl><attalias Sync="TRUE">IDENT</attalias><attrtype Sync="TRUE">String</attrtype><attwidth Sync="TRUE">9</attwidth></attr><attr><attrlabl Sync="TRUE">IDPARPDL</attrlabl><attalias Sync="TRUE">IDPARPDL</attalias><attrtype Sync="TRUE">String</attrtype><attwidth Sync="TRUE">9</attwidth></attr><attr><attrlabl Sync="TRUE">IDPROP</attrlabl><attalias Sync="TRUE">IDPROP</attalias><attrtype Sync="TRUE">String</attrtype><attwidth Sync="TRUE">6</attwidth></attr><attr><attrlabl Sync="TRUE">NDEB</attrlabl><attalias Sync="TRUE">NDEB</attalias><attrtype Sync="TRUE">Number</attrtype><attwidth Sync="TRUE">5</attwidth></attr><attr><attrlabl Sync="TRUE">NONREJ</attrlabl><attalias Sync="TRUE">NONREJ</attalias><attrtype Sync="TRUE">String</attrtype><attwidth Sync="TRUE">3</attwidth></attr><attr><attrlabl Sync="TRUE">NUMPDL</attrlabl><attalias Sync="TRUE">NUMPDL</attalias><attrtype Sync="TRUE">String</attrtype><attwidth Sync="TRUE">3</attwidth></attr><attr><attrlabl Sync="TRUE">PARCELLE</attrlabl><attalias Sync="TRUE">PARCELLE</attalias><attrtype Sync="TRUE">Number</attrtype><attwidth Sync="TRUE">5</attwidth></attr><attr><attrlabl Sync="TRUE">PDL</attrlabl><attalias Sync="TRUE">PDL</attalias><attrtype Sync="TRUE">String</attrtype><attwidth Sync="TRUE">3</attwidth></attr><attr><attrlabl Sync="TRUE">RIVOLI</attrlabl><attalias Sync="TRUE">RIVOLI</attalias><attrtype Sync="TRUE">String</attrtype><attwidth Sync="TRUE">4</attwidth></attr><attr><attrlabl Sync="TRUE">SCOS</attrlabl><attalias Sync="TRUE">SCOS</attalias><attrtype Sync="TRUE">Number</attrtype><attwidth Sync="TRUE">19</attwidth><atnumdec Sync="TRUE">8</atnumdec></attr><attr><attrlabl Sync="TRUE">SDEB</attrlabl><attalias Sync="TRUE">SDEB</attalias><attrtype Sync="TRUE">String</attrtype><attwidth Sync="TRUE">3</attwidth></attr><attr><attrlabl Sync="TRUE">SECT_CAD</attrlabl><attalias Sync="TRUE">SECT_CAD</attalias><attrtype Sync="TRUE">String</attrtype><attwidth Sync="TRUE">5</attwidth></attr><attr><attrlabl Sync="TRUE">SSURF</attrlabl><attalias Sync="TRUE">SSURF</attalias><attrtype Sync="TRUE">Number</attrtype><attwidth Sync="TRUE">19</attwidth><atnumdec Sync="TRUE">8</atnumdec></attr><attr><attrlabl Sync="TRUE">SSURFB</attrlabl><attalias Sync="TRUE">SSURFB</attalias><attrtype Sync="TRUE">Number</attrtype><attwidth Sync="TRUE">19</attwidth><atnumdec Sync="TRUE">8</atnumdec></attr><attr><attrlabl Sync="TRUE">SURFACE</attrlabl><attalias Sync="TRUE">SURFACE</attalias><attrtype Sync="TRUE">Number</attrtype><attwidth Sync="TRUE">10</attwidth></attr><attr><attrlabl Sync="TRUE">URBAIN</attrlabl><attalias Sync="TRUE">URBAIN</attalias><attrtype Sync="TRUE">String</attrtype><attwidth Sync="TRUE">3</attwidth></attr><attr><attrlabl Sync="TRUE">AREA</attrlabl><attalias Sync="TRUE">AREA</attalias><attrtype Sync="TRUE">Float</attrtype><attwidth Sync="TRUE">19</attwidth><atnumdec Sync="TRUE">11</atnumdec></attr><attr><attrlabl Sync="TRUE">LEN</attrlabl><attalias Sync="TRUE">LEN</attalias><attrtype Sync="TRUE">Float</attrtype><attwidth Sync="TRUE">19</attwidth><atnumdec Sync="TRUE">11</atnumdec></attr></detailed></eainfo><mdDateSt Sync="TRUE">20130415</mdDateSt></metadata>
