<?xml version="1.0" encoding="UTF-8"?>
<metadata xml:lang="fr"><Esri><CreaDate>20130820</CreaDate><CreaTime>16570600</CreaTime><ArcGISstyle>INSPIRE Metadata Directive</ArcGISstyle><SyncOnce>FALSE</SyncOnce><DataProperties><itemProps><itemName Sync="TRUE">CAR_TRICOLOR_V2</itemName><imsContentType Sync="TRUE">002</imsContentType><itemLocation><linkage Sync="TRUE">file://\\PIXEL02\C$\AFFAIRES\VILLE DE MONTPELLIER\Livraison\V2\CAR_TRICOLOR_V2.shp</linkage><protocol Sync="TRUE">Local Area Network</protocol></itemLocation><itemSize Sync="TRUE">0.000</itemSize><nativeExtBox><westBL Sync="TRUE">765887.148900</westBL><eastBL Sync="TRUE">775102.804700</eastBL><southBL Sync="TRUE">6275618.637700</southBL><northBL Sync="TRUE">6283437.238000</northBL><exTypeCode Sync="TRUE">1</exTypeCode></nativeExtBox></itemProps><coordRef><type Sync="TRUE">Projected</type><geogcsn Sync="TRUE">GCS_RGF_1993</geogcsn><csUnits Sync="TRUE">Linear Unit: Meter (1.000000)</csUnits><projcsn Sync="TRUE">RGF93_Lambert_93</projcsn><peXml Sync="TRUE">&lt;ProjectedCoordinateSystem xsi:type='typens:ProjectedCoordinateSystem' xmlns:xsi='http://www.w3.org/2001/XMLSchema-instance' xmlns:xs='http://www.w3.org/2001/XMLSchema' xmlns:typens='http://www.esri.com/schemas/ArcGIS/10.0'&gt;&lt;WKT&gt;PROJCS[&amp;quot;RGF93_Lambert_93&amp;quot;,GEOGCS[&amp;quot;GCS_RGF_1993&amp;quot;,DATUM[&amp;quot;D_RGF_1993&amp;quot;,SPHEROID[&amp;quot;GRS_1980&amp;quot;,6378137.0,298.257222101]],PRIMEM[&amp;quot;Greenwich&amp;quot;,0.0],UNIT[&amp;quot;Degree&amp;quot;,0.0174532925199433]],PROJECTION[&amp;quot;Lambert_Conformal_Conic&amp;quot;],PARAMETER[&amp;quot;False_Easting&amp;quot;,700000.0],PARAMETER[&amp;quot;False_Northing&amp;quot;,6600000.0],PARAMETER[&amp;quot;Central_Meridian&amp;quot;,3.0],PARAMETER[&amp;quot;Standard_Parallel_1&amp;quot;,44.0],PARAMETER[&amp;quot;Standard_Parallel_2&amp;quot;,49.0],PARAMETER[&amp;quot;Latitude_Of_Origin&amp;quot;,46.5],UNIT[&amp;quot;Meter&amp;quot;,1.0]]&lt;/WKT&gt;&lt;XOrigin&gt;-35597500&lt;/XOrigin&gt;&lt;YOrigin&gt;-23641900&lt;/YOrigin&gt;&lt;XYScale&gt;124074650.52332792&lt;/XYScale&gt;&lt;ZOrigin&gt;-100000&lt;/ZOrigin&gt;&lt;ZScale&gt;10000&lt;/ZScale&gt;&lt;MOrigin&gt;-100000&lt;/MOrigin&gt;&lt;MScale&gt;10000&lt;/MScale&gt;&lt;XYTolerance&gt;0.001&lt;/XYTolerance&gt;&lt;ZTolerance&gt;0.001&lt;/ZTolerance&gt;&lt;MTolerance&gt;0.001&lt;/MTolerance&gt;&lt;HighPrecision&gt;true&lt;/HighPrecision&gt;&lt;/ProjectedCoordinateSystem&gt;</peXml></coordRef><lineage><Process ToolSource="c:\program files (x86)\arcgis\desktop10.0\ArcToolbox\Toolboxes\Conversion Tools.tbx\FeatureClassToFeatureClass" Date="20120606" Time="140424">FeatureClassToFeatureClass "C:\AFFAIRES\VILLE DE MONTPELLIER\DGU.gdb\CAR_TRI" "C:\AFFAIRES\VILLE DE MONTPELLIER\DGU.gdb" CAR_TRICOLOR # "CAR_NUM "Numéros Ville" true true false 50 Text 0 0 ,First,#,C:\AFFAIRES\VILLE DE MONTPELLIER\DGU.gdb\CAR_TRI,CAR_NUM,-1,-1;CAR_LIEU "Adresse carrefour" true true false 255 Text 0 0 ,First,#,C:\AFFAIRES\VILLE DE MONTPELLIER\DGU.gdb\CAR_TRI,CAR_LIEU,-1,-1;CAR_AFFEC "Affectation" true true false 50 Text 0 0 ,First,#,C:\AFFAIRES\VILLE DE MONTPELLIER\DGU.gdb\CAR_TRI,CAR_AFFEC,-1,-1;CAR_NULP "Numéros unité logique" true true false 50 Text 0 0 ,First,#,C:\AFFAIRES\VILLE DE MONTPELLIER\DGU.gdb\CAR_TRI,CAR_NULP,-1,-1;CAR_CALC "Calculateur" true true false 50 Text 0 0 ,First,#,C:\AFFAIRES\VILLE DE MONTPELLIER\DGU.gdb\CAR_TRI,CAR_CALC,-1,-1;CAR_MODELE "Type de contrôleur" true true false 50 Text 0 0 ,First,#,C:\AFFAIRES\VILLE DE MONTPELLIER\DGU.gdb\CAR_TRI,CAR_MODELE,-1,-1;CAR_SORTIE "Nombre de sorties utilisées" true true false 2 Short 0 0 ,First,#,C:\AFFAIRES\VILLE DE MONTPELLIER\DGU.gdb\CAR_TRI,CAR_SORTIE,-1,-1;CAR_CAPA "Capacité du contrôleur" true true false 2 Short 0 0 ,First,#,C:\AFFAIRES\VILLE DE MONTPELLIER\DGU.gdb\CAR_TRI,CAR_CAPA,-1,-1;CAR_ANNEE "Année de mise en service du contrôleur" true true false 2 Short 0 0 ,First,#,C:\AFFAIRES\VILLE DE MONTPELLIER\DGU.gdb\CAR_TRI,CAR_ANNEE,-1,-1;CAR_POTENCE "Type et diamètre des potences" true true false 50 Text 0 0 ,First,#,C:\AFFAIRES\VILLE DE MONTPELLIER\DGU.gdb\CAR_TRI,CAR_POTENCE,-1,-1;CAR_POTEAU "Type et diamètre des poteaux" true true false 50 Text 0 0 ,First,#,C:\AFFAIRES\VILLE DE MONTPELLIER\DGU.gdb\CAR_TRI,CAR_POTEAU,-1,-1;CAR_POTELET "Type et diamètre des potelets" true true false 50 Text 0 0 ,First,#,C:\AFFAIRES\VILLE DE MONTPELLIER\DGU.gdb\CAR_TRI,CAR_POTELET,-1,-1;CAR_SOURCE "Types de sources lumineuses" true true false 50 Text 0 0 ,First,#,C:\AFFAIRES\VILLE DE MONTPELLIER\DGU.gdb\CAR_TRI,CAR_SOURCE,-1,-1;SON_TRAV "Nb de traversées équipées" true true false 2 Short 0 0 ,First,#,C:\AFFAIRES\VILLE DE MONTPELLIER\DGU.gdb\CAR_TRI,SON_TRAV,-1,-1;SON_LIGNE "Numéro de ligne de feux équipées" true true false 50 Text 0 0 ,First,#,C:\AFFAIRES\VILLE DE MONTPELLIER\DGU.gdb\CAR_TRI,SON_LIGNE,-1,-1;SON_TYPE "Type de matériel" true true false 50 Text 0 0 ,First,#,C:\AFFAIRES\VILLE DE MONTPELLIER\DGU.gdb\CAR_TRI,SON_TYPE,-1,-1;SON_ANNEE "Année de mise en service" true true false 2 Short 0 0 ,First,#,C:\AFFAIRES\VILLE DE MONTPELLIER\DGU.gdb\CAR_TRI,SON_ANNEE,-1,-1;SON_NIVEAU "Niveau équipement" true true false 50 Text 0 0 ,First,#,C:\AFFAIRES\VILLE DE MONTPELLIER\DGU.gdb\CAR_TRI,SON_NIVEAU,-1,-1;RAD_LFEU "Ligne de feu associé au radar" true true false 50 Text 0 0 ,First,#,C:\AFFAIRES\VILLE DE MONTPELLIER\DGU.gdb\CAR_TRI,RAD_LFEU,-1,-1;RAD_LIEU "Lieu d'implantation du radar" true true false 50 Text 0 0 ,First,#,C:\AFFAIRES\VILLE DE MONTPELLIER\DGU.gdb\CAR_TRI,RAD_LIEU,-1,-1;RAD_ANNEE "Année de mise en service du radar" true true false 2 Short 0 0 ,First,#,C:\AFFAIRES\VILLE DE MONTPELLIER\DGU.gdb\CAR_TRI,RAD_ANNEE,-1,-1;BUS_PRIO "Priorité ou aide au bus" true true false 50 Text 0 0 ,First,#,C:\AFFAIRES\VILLE DE MONTPELLIER\DGU.gdb\CAR_TRI,BUS_PRIO,-1,-1;P_REC "Plan de récolement" true true false 100 Text 0 0 ,First,#,C:\AFFAIRES\VILLE DE MONTPELLIER\DGU.gdb\CAR_TRI,P_REC,-1,-1;P_SCH "Plan/Schéma" true true false 100 Text 0 0 ,First,#,C:\AFFAIRES\VILLE DE MONTPELLIER\DGU.gdb\CAR_TRI,P_SCH,-1,-1;DIAG "Diagramme" true true false 100 Text 0 0 ,First,#,C:\AFFAIRES\VILLE DE MONTPELLIER\DGU.gdb\CAR_TRI,DIAG,-1,-1" #</Process><Process ToolSource="c:\program files (x86)\arcgis\desktop10.0\ArcToolbox\Toolboxes\Conversion Tools.tbx\FeatureClassToFeatureClass" Date="20120613" Time="104714">FeatureClassToFeatureClass "C:\AFFAIRES\VILLE DE MONTPELLIER\DGU.gdb\CAR_TRICOLOR" "C:\AFFAIRES\VILLE DE MONTPELLIER" CAR_TRICOLOR.shp # "CAR_NUM "Numéros Ville" true true false 50 Text 0 0 ,First,#,C:\AFFAIRES\VILLE DE MONTPELLIER\DGU.gdb\CAR_TRICOLOR,CAR_NUM,-1,-1;CAR_LIEU "Adresse carrefour" true true false 255 Text 0 0 ,First,#,C:\AFFAIRES\VILLE DE MONTPELLIER\DGU.gdb\CAR_TRICOLOR,CAR_LIEU,-1,-1;CAR_AFFEC "Affectation" true true false 50 Text 0 0 ,First,#,C:\AFFAIRES\VILLE DE MONTPELLIER\DGU.gdb\CAR_TRICOLOR,CAR_AFFEC,-1,-1;CAR_NULP "Numéros unité logique" true true false 50 Text 0 0 ,First,#,C:\AFFAIRES\VILLE DE MONTPELLIER\DGU.gdb\CAR_TRICOLOR,CAR_NULP,-1,-1;CAR_CALC "Calculateur" true true false 50 Text 0 0 ,First,#,C:\AFFAIRES\VILLE DE MONTPELLIER\DGU.gdb\CAR_TRICOLOR,CAR_CALC,-1,-1;CAR_MODELE "Type de contrôleur" true true false 50 Text 0 0 ,First,#,C:\AFFAIRES\VILLE DE MONTPELLIER\DGU.gdb\CAR_TRICOLOR,CAR_MODELE,-1,-1;CAR_SORTIE "Nombre de sorties utilisées" true true false 2 Short 0 0 ,First,#,C:\AFFAIRES\VILLE DE MONTPELLIER\DGU.gdb\CAR_TRICOLOR,CAR_SORTIE,-1,-1;CAR_CAPA "Capacité du contrôleur" true true false 2 Short 0 0 ,First,#,C:\AFFAIRES\VILLE DE MONTPELLIER\DGU.gdb\CAR_TRICOLOR,CAR_CAPA,-1,-1;CAR_ANNEE "Année de mise en service du contrôleur" true true false 2 Short 0 0 ,First,#,C:\AFFAIRES\VILLE DE MONTPELLIER\DGU.gdb\CAR_TRICOLOR,CAR_ANNEE,-1,-1;CAR_POTENC "Type et diamètre des potences" true true false 50 Text 0 0 ,First,#,C:\AFFAIRES\VILLE DE MONTPELLIER\DGU.gdb\CAR_TRICOLOR,CAR_POTENCE,-1,-1;CAR_POTEAU "Type et diamètre des poteaux" true true false 50 Text 0 0 ,First,#,C:\AFFAIRES\VILLE DE MONTPELLIER\DGU.gdb\CAR_TRICOLOR,CAR_POTEAU,-1,-1;CAR_POTELE "Type et diamètre des potelets" true true false 50 Text 0 0 ,First,#,C:\AFFAIRES\VILLE DE MONTPELLIER\DGU.gdb\CAR_TRICOLOR,CAR_POTELET,-1,-1;CAR_SOURCE "Types de sources lumineuses" true true false 50 Text 0 0 ,First,#,C:\AFFAIRES\VILLE DE MONTPELLIER\DGU.gdb\CAR_TRICOLOR,CAR_SOURCE,-1,-1;SON_TRAV "Nb de traversées équipées" true true false 2 Short 0 0 ,First,#,C:\AFFAIRES\VILLE DE MONTPELLIER\DGU.gdb\CAR_TRICOLOR,SON_TRAV,-1,-1;SON_LIGNE "Numéro de ligne de feux équipées" true true false 50 Text 0 0 ,First,#,C:\AFFAIRES\VILLE DE MONTPELLIER\DGU.gdb\CAR_TRICOLOR,SON_LIGNE,-1,-1;SON_TYPE "Type de matériel" true true false 50 Text 0 0 ,First,#,C:\AFFAIRES\VILLE DE MONTPELLIER\DGU.gdb\CAR_TRICOLOR,SON_TYPE,-1,-1;SON_ANNEE "Année de mise en service" true true false 2 Short 0 0 ,First,#,C:\AFFAIRES\VILLE DE MONTPELLIER\DGU.gdb\CAR_TRICOLOR,SON_ANNEE,-1,-1;SON_NIVEAU "Niveau équipement" true true false 50 Text 0 0 ,First,#,C:\AFFAIRES\VILLE DE MONTPELLIER\DGU.gdb\CAR_TRICOLOR,SON_NIVEAU,-1,-1;RAD_LFEU "Ligne de feu associé au radar" true true false 50 Text 0 0 ,First,#,C:\AFFAIRES\VILLE DE MONTPELLIER\DGU.gdb\CAR_TRICOLOR,RAD_LFEU,-1,-1;RAD_LIEU "Lieu d'implantation du radar" true true false 50 Text 0 0 ,First,#,C:\AFFAIRES\VILLE DE MONTPELLIER\DGU.gdb\CAR_TRICOLOR,RAD_LIEU,-1,-1;RAD_ANNEE "Année de mise en service du radar" true true false 2 Short 0 0 ,First,#,C:\AFFAIRES\VILLE DE MONTPELLIER\DGU.gdb\CAR_TRICOLOR,RAD_ANNEE,-1,-1;BUS_PRIO "Priorité ou aide au bus" true true false 50 Text 0 0 ,First,#,C:\AFFAIRES\VILLE DE MONTPELLIER\DGU.gdb\CAR_TRICOLOR,BUS_PRIO,-1,-1;P_REC "Plan de récolement" true true false 100 Text 0 0 ,First,#,C:\AFFAIRES\VILLE DE MONTPELLIER\DGU.gdb\CAR_TRICOLOR,P_REC,-1,-1;P_SCH "Plan/Schéma" true true false 100 Text 0 0 ,First,#,C:\AFFAIRES\VILLE DE MONTPELLIER\DGU.gdb\CAR_TRICOLOR,P_SCH,-1,-1;DIAG "Diagramme" true true false 100 Text 0 0 ,First,#,C:\AFFAIRES\VILLE DE MONTPELLIER\DGU.gdb\CAR_TRICOLOR,DIAG,-1,-1" #</Process><Process ToolSource="C:\Program Files\ArcGIS\ArcToolbox\Toolboxes\Data Management Tools.tbx\CopyFeatures" Date="20120615" Time="092521">CopyFeatures G:\Echanges\DGU\CAR_TRICOLOR.shp G:\Echanges\DATAS_DGU.gdb\CAR_TRICOLOR # 0 0 0</Process><Process ToolSource="c:\program files (x86)\arcgis\desktop10.0\ArcToolbox\Toolboxes\Conversion Tools.tbx\FeatureClassToFeatureClass" Date="20120618" Time="084657">FeatureClassToFeatureClass "C:\AFFAIRES\VILLE DE MONTPELLIER\DATAS_DGU.gdb\CAR_TRICOLOR" "C:\AFFAIRES\VILLE DE MONTPELLIER\Livraison\V2" CAR_TRICOLOR_V2.shp # "CAR_NUM "CAR_NUM" true true false 50 Text 0 0 ,First,#,C:\AFFAIRES\VILLE DE MONTPELLIER\DATAS_DGU.gdb\CAR_TRICOLOR,CAR_NUM,-1,-1;CAR_LIEU "CAR_LIEU" true true false 254 Text 0 0 ,First,#,C:\AFFAIRES\VILLE DE MONTPELLIER\DATAS_DGU.gdb\CAR_TRICOLOR,CAR_LIEU,-1,-1;CAR_AFFEC "CAR_AFFEC" true true false 50 Text 0 0 ,First,#,C:\AFFAIRES\VILLE DE MONTPELLIER\DATAS_DGU.gdb\CAR_TRICOLOR,CAR_AFFEC,-1,-1;CAR_NULP "CAR_NULP" true true false 50 Text 0 0 ,First,#,C:\AFFAIRES\VILLE DE MONTPELLIER\DATAS_DGU.gdb\CAR_TRICOLOR,CAR_NULP,-1,-1;CAR_CALC "CAR_CALC" true true false 50 Text 0 0 ,First,#,C:\AFFAIRES\VILLE DE MONTPELLIER\DATAS_DGU.gdb\CAR_TRICOLOR,CAR_CALC,-1,-1;CAR_MODELE "CAR_MODELE" true true false 50 Text 0 0 ,First,#,C:\AFFAIRES\VILLE DE MONTPELLIER\DATAS_DGU.gdb\CAR_TRICOLOR,CAR_MODELE,-1,-1;CAR_SORTIE "CAR_SORTIE" true true false 2 Short 0 0 ,First,#,C:\AFFAIRES\VILLE DE MONTPELLIER\DATAS_DGU.gdb\CAR_TRICOLOR,CAR_SORTIE,-1,-1;CAR_CAPA "CAR_CAPA" true true false 2 Short 0 0 ,First,#,C:\AFFAIRES\VILLE DE MONTPELLIER\DATAS_DGU.gdb\CAR_TRICOLOR,CAR_CAPA,-1,-1;CAR_ANNEE "CAR_ANNEE" true true false 2 Short 0 0 ,First,#,C:\AFFAIRES\VILLE DE MONTPELLIER\DATAS_DGU.gdb\CAR_TRICOLOR,CAR_ANNEE,-1,-1;CAR_POTENC "CAR_POTENC" true true false 50 Text 0 0 ,First,#,C:\AFFAIRES\VILLE DE MONTPELLIER\DATAS_DGU.gdb\CAR_TRICOLOR,CAR_POTENC,-1,-1;CAR_POTEAU "CAR_POTEAU" true true false 50 Text 0 0 ,First,#,C:\AFFAIRES\VILLE DE MONTPELLIER\DATAS_DGU.gdb\CAR_TRICOLOR,CAR_POTEAU,-1,-1;CAR_POTELE "CAR_POTELE" true true false 50 Text 0 0 ,First,#,C:\AFFAIRES\VILLE DE MONTPELLIER\DATAS_DGU.gdb\CAR_TRICOLOR,CAR_POTELE,-1,-1;CAR_SOURCE "CAR_SOURCE" true true false 50 Text 0 0 ,First,#,C:\AFFAIRES\VILLE DE MONTPELLIER\DATAS_DGU.gdb\CAR_TRICOLOR,CAR_SOURCE,-1,-1;SON_TRAV "SON_TRAV" true true false 2 Short 0 0 ,First,#,C:\AFFAIRES\VILLE DE MONTPELLIER\DATAS_DGU.gdb\CAR_TRICOLOR,SON_TRAV,-1,-1;SON_LIGNE "SON_LIGNE" true true false 50 Text 0 0 ,First,#,C:\AFFAIRES\VILLE DE MONTPELLIER\DATAS_DGU.gdb\CAR_TRICOLOR,SON_LIGNE,-1,-1;SON_TYPE "SON_TYPE" true true false 50 Text 0 0 ,First,#,C:\AFFAIRES\VILLE DE MONTPELLIER\DATAS_DGU.gdb\CAR_TRICOLOR,SON_TYPE,-1,-1;SON_ANNEE "SON_ANNEE" true true false 2 Short 0 0 ,First,#,C:\AFFAIRES\VILLE DE MONTPELLIER\DATAS_DGU.gdb\CAR_TRICOLOR,SON_ANNEE,-1,-1;SON_NIVEAU "SON_NIVEAU" true true false 50 Text 0 0 ,First,#,C:\AFFAIRES\VILLE DE MONTPELLIER\DATAS_DGU.gdb\CAR_TRICOLOR,SON_NIVEAU,-1,-1;RAD_LFEU "RAD_LFEU" true true false 50 Text 0 0 ,First,#,C:\AFFAIRES\VILLE DE MONTPELLIER\DATAS_DGU.gdb\CAR_TRICOLOR,RAD_LFEU,-1,-1;RAD_LIEU "RAD_LIEU" true true false 50 Text 0 0 ,First,#,C:\AFFAIRES\VILLE DE MONTPELLIER\DATAS_DGU.gdb\CAR_TRICOLOR,RAD_LIEU,-1,-1;RAD_ANNEE "RAD_ANNEE" true true false 2 Short 0 0 ,First,#,C:\AFFAIRES\VILLE DE MONTPELLIER\DATAS_DGU.gdb\CAR_TRICOLOR,RAD_ANNEE,-1,-1;BUS_PRIO "BUS_PRIO" true true false 50 Text 0 0 ,First,#,C:\AFFAIRES\VILLE DE MONTPELLIER\DATAS_DGU.gdb\CAR_TRICOLOR,BUS_PRIO,-1,-1;P_REC "P_REC" true true false 100 Text 0 0 ,First,#,C:\AFFAIRES\VILLE DE MONTPELLIER\DATAS_DGU.gdb\CAR_TRICOLOR,P_REC,-1,-1;P_SCH "P_SCH" true true false 100 Text 0 0 ,First,#,C:\AFFAIRES\VILLE DE MONTPELLIER\DATAS_DGU.gdb\CAR_TRICOLOR,P_SCH,-1,-1;DIAG "DIAG" true true false 100 Text 0 0 ,First,#,C:\AFFAIRES\VILLE DE MONTPELLIER\DATAS_DGU.gdb\CAR_TRICOLOR,DIAG,-1,-1" #</Process><Process ToolSource="C:\Program Files\ArcGIS\ArcToolbox\Toolboxes\Data Management Tools.tbx\CopyFeatures" Date="20120829" Time="111244">CopyFeatures "U:\_SIG METIERS\RT\Data_Pixélius\CAR_TRICOLOR_V2.shp" C:\Integration\REGULATION.sde\REGULATION.CAR_TRICOLOR_V2 # 0 0 0</Process><Process ToolSource="C:\Program Files\ArcGIS\ArcToolbox\Toolboxes\Data Management Tools.tbx\AddXY" Date="20121120" Time="135002">AddXY REGULATION.FEUX_TEST_FME REGULATION.FEUX_TEST_FME</Process><Process ToolSource="C:\Program Files\ArcGIS\ArcToolbox\Toolboxes\Conversion Tools.tbx\FeatureClassToFeatureClass" Date="20130214" Time="152043">FeatureClassToFeatureClass C:\Users\larger\Desktop\sonores\sonore.shp "Connexions aux bases de données\Regulation.sde" CAR_TRICOLORE # "OBJECTID 'OBJECTID' true true false 10 Double 0 10 ,First,#,C:\Users\larger\Desktop\sonores\sonore.shp,OBJECTID,-1,-1;CAR_NUM 'CAR_NUM' true true false 50 Text 0 0 ,First,#,C:\Users\larger\Desktop\sonores\sonore.shp,CAR_NUM,-1,-1;CAR_LIEU 'CAR_LIEU' true true false 254 Text 0 0 ,First,#,C:\Users\larger\Desktop\sonores\sonore.shp,CAR_LIEU,-1,-1;CAR_AFFEC 'CAR_AFFEC' true true false 50 Text 0 0 ,First,#,C:\Users\larger\Desktop\sonores\sonore.shp,CAR_AFFEC,-1,-1;CAR_NULP 'CAR_NULP' true true false 50 Text 0 0 ,First,#,C:\Users\larger\Desktop\sonores\sonore.shp,CAR_NULP,-1,-1;CAR_CALC 'CAR_CALC' true true false 50 Text 0 0 ,First,#,C:\Users\larger\Desktop\sonores\sonore.shp,CAR_CALC,-1,-1;CAR_MODELE 'CAR_MODELE' true true false 50 Text 0 0 ,First,#,C:\Users\larger\Desktop\sonores\sonore.shp,CAR_MODELE,-1,-1;CAR_SORTIE 'CAR_SORTIE' true true false 4 Short 0 4 ,First,#,C:\Users\larger\Desktop\sonores\sonore.shp,CAR_SORTIE,-1,-1;CAR_CAPA 'CAR_CAPA' true true false 4 Short 0 4 ,First,#,C:\Users\larger\Desktop\sonores\sonore.shp,CAR_CAPA,-1,-1;CAR_ANNEE 'CAR_ANNEE' true true false 4 Short 0 4 ,First,#,C:\Users\larger\Desktop\sonores\sonore.shp,CAR_ANNEE,-1,-1;CAR_POTENC 'CAR_POTENC' true true false 50 Text 0 0 ,First,#,C:\Users\larger\Desktop\sonores\sonore.shp,CAR_POTENC,-1,-1;CAR_POTEAU 'CAR_POTEAU' true true false 50 Text 0 0 ,First,#,C:\Users\larger\Desktop\sonores\sonore.shp,CAR_POTEAU,-1,-1;CAR_POTELE 'CAR_POTELE' true true false 50 Text 0 0 ,First,#,C:\Users\larger\Desktop\sonores\sonore.shp,CAR_POTELE,-1,-1;CAR_SOURCE 'CAR_SOURCE' true true false 50 Text 0 0 ,First,#,C:\Users\larger\Desktop\sonores\sonore.shp,CAR_SOURCE,-1,-1;SON_TRAV 'SON_TRAV' true true false 4 Short 0 4 ,First,#,C:\Users\larger\Desktop\sonores\sonore.shp,SON_TRAV,-1,-1;SON_LIGNE 'SON_LIGNE' true true false 50 Text 0 0 ,First,#,C:\Users\larger\Desktop\sonores\sonore.shp,SON_LIGNE,-1,-1;SON_TYPE 'SON_TYPE' true true false 50 Text 0 0 ,First,#,C:\Users\larger\Desktop\sonores\sonore.shp,SON_TYPE,-1,-1;SON_ANNEE 'SON_ANNEE' true true false 4 Short 0 4 ,First,#,C:\Users\larger\Desktop\sonores\sonore.shp,SON_ANNEE,-1,-1;SON_NIVEAU 'SON_NIVEAU' true true false 50 Text 0 0 ,First,#,C:\Users\larger\Desktop\sonores\sonore.shp,SON_NIVEAU,-1,-1;RAD_LFEU 'RAD_LFEU' true true false 50 Text 0 0 ,First,#,C:\Users\larger\Desktop\sonores\sonore.shp,RAD_LFEU,-1,-1;RAD_LIEU 'RAD_LIEU' true true false 50 Text 0 0 ,First,#,C:\Users\larger\Desktop\sonores\sonore.shp,RAD_LIEU,-1,-1;RAD_ANNEE 'RAD_ANNEE' true true false 4 Short 0 4 ,First,#,C:\Users\larger\Desktop\sonores\sonore.shp,RAD_ANNEE,-1,-1;BUS_PRIO 'BUS_PRIO' true true false 50 Text 0 0 ,First,#,C:\Users\larger\Desktop\sonores\sonore.shp,BUS_PRIO,-1,-1;P_REC 'P_REC' true true false 254 Text 0 0 ,First,#,C:\Users\larger\Desktop\sonores\sonore.shp,P_REC,-1,-1;P_SCH 'P_SCH' true true false 254 Text 0 0 ,First,#,C:\Users\larger\Desktop\sonores\sonore.shp,P_SCH,-1,-1;DIAG 'DIAG' true true false 254 Text 0 0 ,First,#,C:\Users\larger\Desktop\sonores\sonore.shp,DIAG,-1,-1;POINT_X 'POINT_X' true true false 19 Double 8 18 ,First,#,C:\Users\larger\Desktop\sonores\sonore.shp,POINT_X,-1,-1;POINT_Y 'POINT_Y' true true false 19 Double 8 18 ,First,#,C:\Users\larger\Desktop\sonores\sonore.shp,POINT_Y,-1,-1" # "Connexions aux bases de données\Regulation.sde\REGULATION.CAR_TRICOLORE"</Process><Process Name="FeatureClassToFeatureClass_1" ToolSource="C:\Program Files\ArcGIS\ArcToolbox\Toolboxes\Conversion Tools.tbx\FeatureClassToFeatureClass" Date="20131015" Time="113410">FeatureClassToFeatureClass "Database Connections\sig.sde\REGULATION.CAR_TRICOLORE" c:/ feux.shp # "CAR_NUM CAR_NUM true true false 50 Text 0 0 ,First,#,Database Connections\sig.sde\REGULATION.CAR_TRICOLORE,CAR_NUM,-1,-1;CAR_LIEU CAR_LIEU true true false 254 Text 0 0 ,First,#,Database Connections\sig.sde\REGULATION.CAR_TRICOLORE,CAR_LIEU,-1,-1;CAR_AFFEC CAR_AFFEC true true false 50 Text 0 0 ,First,#,Database Connections\sig.sde\REGULATION.CAR_TRICOLORE,CAR_AFFEC,-1,-1;CAR_NULP CAR_NULP true true false 50 Text 0 0 ,First,#,Database Connections\sig.sde\REGULATION.CAR_TRICOLORE,CAR_NULP,-1,-1;CAR_CALC CAR_CALC true true false 50 Text 0 0 ,First,#,Database Connections\sig.sde\REGULATION.CAR_TRICOLORE,CAR_CALC,-1,-1;CAR_MODELE CAR_MODELE true true false 50 Text 0 0 ,First,#,Database Connections\sig.sde\REGULATION.CAR_TRICOLORE,CAR_MODELE,-1,-1;CAR_SORTIE CAR_SORTIE true true false 2 Short 0 4 ,First,#,Database Connections\sig.sde\REGULATION.CAR_TRICOLORE,CAR_SORTIE,-1,-1;CAR_CAPA CAR_CAPA true true false 2 Short 0 4 ,First,#,Database Connections\sig.sde\REGULATION.CAR_TRICOLORE,CAR_CAPA,-1,-1;CAR_ANNEE CAR_ANNEE true true false 2 Short 0 4 ,First,#,Database Connections\sig.sde\REGULATION.CAR_TRICOLORE,CAR_ANNEE,-1,-1;CAR_POTENC CAR_POTENC true true false 50 Text 0 0 ,First,#,Database Connections\sig.sde\REGULATION.CAR_TRICOLORE,CAR_POTENC,-1,-1;CAR_POTEAU CAR_POTEAU true true false 50 Text 0 0 ,First,#,Database Connections\sig.sde\REGULATION.CAR_TRICOLORE,CAR_POTEAU,-1,-1;CAR_POTELE CAR_POTELE true true false 50 Text 0 0 ,First,#,Database Connections\sig.sde\REGULATION.CAR_TRICOLORE,CAR_POTELE,-1,-1;CAR_SOURCE CAR_SOURCE true true false 50 Text 0 0 ,First,#,Database Connections\sig.sde\REGULATION.CAR_TRICOLORE,CAR_SOURCE,-1,-1;SON_TRAV SON_TRAV true true false 2 Short 0 4 ,First,#,Database Connections\sig.sde\REGULATION.CAR_TRICOLORE,SON_TRAV,-1,-1;SON_LIGNE SON_LIGNE true true false 50 Text 0 0 ,First,#,Database Connections\sig.sde\REGULATION.CAR_TRICOLORE,SON_LIGNE,-1,-1;SON_TYPE SON_TYPE true true false 50 Text 0 0 ,First,#,Database Connections\sig.sde\REGULATION.CAR_TRICOLORE,SON_TYPE,-1,-1;SON_ANNEE SON_ANNEE true true false 2 Short 0 4 ,First,#,Database Connections\sig.sde\REGULATION.CAR_TRICOLORE,SON_ANNEE,-1,-1;SON_NIVEAU SON_NIVEAU true true false 50 Text 0 0 ,First,#,Database Connections\sig.sde\REGULATION.CAR_TRICOLORE,SON_NIVEAU,-1,-1;RAD_LFEU RAD_LFEU true true false 50 Text 0 0 ,First,#,Database Connections\sig.sde\REGULATION.CAR_TRICOLORE,RAD_LFEU,-1,-1;RAD_LIEU RAD_LIEU true true false 50 Text 0 0 ,First,#,Database Connections\sig.sde\REGULATION.CAR_TRICOLORE,RAD_LIEU,-1,-1;RAD_ANNEE RAD_ANNEE true true false 2 Short 0 4 ,First,#,Database Connections\sig.sde\REGULATION.CAR_TRICOLORE,RAD_ANNEE,-1,-1;BUS_PRIO BUS_PRIO true true false 50 Text 0 0 ,First,#,Database Connections\sig.sde\REGULATION.CAR_TRICOLORE,BUS_PRIO,-1,-1;P_REC P_REC true true false 254 Text 0 0 ,First,#,Database Connections\sig.sde\REGULATION.CAR_TRICOLORE,P_REC,-1,-1;P_SCH P_SCH true true false 254 Text 0 0 ,First,#,Database Connections\sig.sde\REGULATION.CAR_TRICOLORE,P_SCH,-1,-1;DIAG DIAG true true false 254 Text 0 0 ,First,#,Database Connections\sig.sde\REGULATION.CAR_TRICOLORE,DIAG,-1,-1;POINT_X POINT_X true true false 8 Double 8 19 ,First,#,Database Connections\sig.sde\REGULATION.CAR_TRICOLORE,POINT_X,-1,-1;POINT_Y POINT_Y true true false 8 Double 8 19 ,First,#,Database Connections\sig.sde\REGULATION.CAR_TRICOLORE,POINT_Y,-1,-1" # c:/feux.shp</Process></lineage><copyHistory><copy source="C:\AFFAIRES\VILLE DE MONTPELLIER\CAR_TRICOLOR" dest="\\PIXSERV05\Bureau\Echanges\DGU\CAR_TRICOLOR" date="20120615" time="09213800"></copy></copyHistory></DataProperties><SyncDate>20131015</SyncDate><SyncTime>11335700</SyncTime><ModDate>20131015</ModDate><ModTime>11335700</ModTime><MetaID>{819890F2-07CE-41C6-9CEF-BA79EE64FD6A}</MetaID></Esri><dataIdInfo><envirDesc Sync="TRUE">Microsoft Windows XP Version 5.1 (Build 2600) Service Pack 3; ESRI ArcCatalog 9.2.5.1450</envirDesc><dataLang><languageCode value="fr" Sync="TRUE"></languageCode><countryCode value="FRA" Sync="TRUE"></countryCode></dataLang><idCitation><resTitle Sync="TRUE">feux</resTitle><presForm><PresFormCd value="005" Sync="TRUE"></PresFormCd></presForm></idCitation><spatRpType><SpatRepTypCd value="001" Sync="TRUE"></SpatRepTypCd></spatRpType><dataExt><geoEle><GeoBndBox esriExtentType="search"><exTypeCode Sync="TRUE">1</exTypeCode><westBL Sync="TRUE">3.815428</westBL><eastBL Sync="TRUE">3.930613</eastBL><northBL Sync="TRUE">43.646913</northBL><southBL Sync="TRUE">43.575651</southBL></GeoBndBox><GeoBndBox esriExtentType="native"><westBL Sync="TRUE">765977.1522</westBL><eastBL Sync="TRUE">775102.8047</eastBL><northBL Sync="TRUE">6283352.0901</northBL><southBL Sync="TRUE">6275932.4789</southBL><exTypeCode Sync="TRUE">1</exTypeCode></GeoBndBox></geoEle></dataExt><geoBox esriExtentType="decdegrees"><westBL Sync="TRUE">3.816582</westBL><eastBL Sync="TRUE">3.9306</eastBL><northBL Sync="TRUE">43.646138</northBL><southBL Sync="TRUE">43.578474</southBL><exTypeCode Sync="TRUE">1</exTypeCode></geoBox></dataIdInfo><mdLang><languageCode value="fr" Sync="TRUE"></languageCode><countryCode value="FRA" Sync="TRUE"></countryCode></mdLang><distInfo><distFormat><formatName Sync="TRUE">Fichier de formes</formatName></distFormat><distTranOps><transSize Sync="TRUE">0.000</transSize></distTranOps><distributor><distorTran><onLineSrc><orDesc Sync="TRUE">002</orDesc><linkage Sync="TRUE">file://\\IG-P149\C$\feux.shp</linkage><protocol Sync="TRUE">Local Area Network</protocol></onLineSrc><transSize Sync="TRUE">0,000</transSize></distorTran><distorFormat><formatName Sync="TRUE">Shapefile</formatName></distorFormat></distributor></distInfo><mdHrLv><ScopeCd value="005" Sync="TRUE"></ScopeCd></mdHrLv><mdHrLvName Sync="TRUE">dataset</mdHrLvName><refSysInfo><RefSystem><refSysID><identCode code="0" Sync="TRUE" value="0">RGF93_Lambert_93</identCode></refSysID></RefSystem></refSysInfo><spatRepInfo><VectSpatRep><topLvl><TopoLevCd value="001" Sync="TRUE"></TopoLevCd></topLvl><geometObjs Name="feux"><geoObjTyp><GeoObjTypCd Sync="TRUE" value="004"></GeoObjTypCd></geoObjTyp><geoObjCnt Sync="TRUE">0</geoObjCnt></geometObjs></VectSpatRep></spatRepInfo><spdoinfo><direct Sync="TRUE">Vector</direct><ptvctinf><esriterm Name="feux"><efeatyp Sync="TRUE">Simple</efeatyp><efeageom code="1" Sync="TRUE">Point</efeageom><esritopo Sync="TRUE">FALSE</esritopo><efeacnt Sync="TRUE">0</efeacnt><spindex Sync="TRUE">FALSE</spindex><linrefer Sync="TRUE">FALSE</linrefer></esriterm><sdtsterm Name="feux"><sdtstype Sync="TRUE">Entity point</sdtstype><ptvctcnt Sync="TRUE">0</ptvctcnt></sdtsterm></ptvctinf></spdoinfo><eainfo><detailed Name="feux"><attr><attrlabl Sync="TRUE">DIAG</attrlabl><attalias Sync="TRUE">DIAG</attalias><attrtype Sync="TRUE">String</attrtype><attwidth Sync="TRUE">254</attwidth><atprecis Sync="TRUE">0</atprecis><attscale Sync="TRUE">0</attscale></attr><enttyp><enttypl Sync="TRUE">feux</enttypl><enttypt Sync="TRUE">Feature Class</enttypt><enttypc Sync="TRUE">0</enttypc></enttyp><attr><attrlabl Sync="TRUE">Shape</attrlabl><attalias Sync="TRUE">Shape</attalias><attrtype Sync="TRUE">Geometry</attrtype><attwidth Sync="TRUE">4</attwidth><atprecis Sync="TRUE">0</atprecis><attscale Sync="TRUE">0</attscale><attrdef Sync="TRUE">Feature geometry.</attrdef><attrdefs Sync="TRUE">ESRI</attrdefs><attrdomv><udom Sync="TRUE">Coordinates defining the features.</udom></attrdomv></attr><attr><attrlabl Sync="TRUE">CAR_NUM</attrlabl><attalias Sync="TRUE">CAR_NUM</attalias><attrtype Sync="TRUE">String</attrtype><attwidth Sync="TRUE">50</attwidth></attr><attr><attrlabl Sync="TRUE">CAR_LIEU</attrlabl><attalias Sync="TRUE">CAR_LIEU</attalias><attrtype Sync="TRUE">String</attrtype><attwidth Sync="TRUE">254</attwidth></attr><attr><attrlabl Sync="TRUE">CAR_AFFEC</attrlabl><attalias Sync="TRUE">CAR_AFFEC</attalias><attrtype Sync="TRUE">String</attrtype><attwidth Sync="TRUE">50</attwidth></attr><attr><attrlabl Sync="TRUE">CAR_NULP</attrlabl><attalias Sync="TRUE">CAR_NULP</attalias><attrtype Sync="TRUE">String</attrtype><attwidth Sync="TRUE">50</attwidth></attr><attr><attrlabl Sync="TRUE">CAR_CALC</attrlabl><attalias Sync="TRUE">CAR_CALC</attalias><attrtype Sync="TRUE">String</attrtype><attwidth Sync="TRUE">50</attwidth></attr><attr><attrlabl Sync="TRUE">CAR_MODELE</attrlabl><attalias Sync="TRUE">CAR_MODELE</attalias><attrtype Sync="TRUE">String</attrtype><attwidth Sync="TRUE">50</attwidth></attr><attr><attrlabl Sync="TRUE">CAR_SORTIE</attrlabl><attalias Sync="TRUE">CAR_SORTIE</attalias><attrtype Sync="TRUE">Number</attrtype><attwidth Sync="TRUE">4</attwidth></attr><attr><attrlabl Sync="TRUE">CAR_CAPA</attrlabl><attalias Sync="TRUE">CAR_CAPA</attalias><attrtype Sync="TRUE">Number</attrtype><attwidth Sync="TRUE">4</attwidth></attr><attr><attrlabl Sync="TRUE">CAR_ANNEE</attrlabl><attalias Sync="TRUE">CAR_ANNEE</attalias><attrtype Sync="TRUE">Number</attrtype><attwidth Sync="TRUE">4</attwidth></attr><attr><attrlabl Sync="TRUE">CAR_POTENC</attrlabl><attalias Sync="TRUE">CAR_POTENC</attalias><attrtype Sync="TRUE">String</attrtype><attwidth Sync="TRUE">50</attwidth></attr><attr><attrlabl Sync="TRUE">CAR_POTEAU</attrlabl><attalias Sync="TRUE">CAR_POTEAU</attalias><attrtype Sync="TRUE">String</attrtype><attwidth Sync="TRUE">50</attwidth></attr><attr><attrlabl Sync="TRUE">CAR_POTELE</attrlabl><attalias Sync="TRUE">CAR_POTELE</attalias><attrtype Sync="TRUE">String</attrtype><attwidth Sync="TRUE">50</attwidth></attr><attr><attrlabl Sync="TRUE">CAR_SOURCE</attrlabl><attalias Sync="TRUE">CAR_SOURCE</attalias><attrtype Sync="TRUE">String</attrtype><attwidth Sync="TRUE">50</attwidth></attr><attr><attrlabl Sync="TRUE">SON_TRAV</attrlabl><attalias Sync="TRUE">SON_TRAV</attalias><attrtype Sync="TRUE">Number</attrtype><attwidth Sync="TRUE">4</attwidth></attr><attr><attrlabl Sync="TRUE">SON_LIGNE</attrlabl><attalias Sync="TRUE">SON_LIGNE</attalias><attrtype Sync="TRUE">String</attrtype><attwidth Sync="TRUE">50</attwidth></attr><attr><attrlabl Sync="TRUE">SON_TYPE</attrlabl><attalias Sync="TRUE">SON_TYPE</attalias><attrtype Sync="TRUE">String</attrtype><attwidth Sync="TRUE">50</attwidth></attr><attr><attrlabl Sync="TRUE">SON_ANNEE</attrlabl><attalias Sync="TRUE">SON_ANNEE</attalias><attrtype Sync="TRUE">Number</attrtype><attwidth Sync="TRUE">4</attwidth></attr><attr><attrlabl Sync="TRUE">SON_NIVEAU</attrlabl><attalias Sync="TRUE">SON_NIVEAU</attalias><attrtype Sync="TRUE">String</attrtype><attwidth Sync="TRUE">50</attwidth></attr><attr><attrlabl Sync="TRUE">RAD_LFEU</attrlabl><attalias Sync="TRUE">RAD_LFEU</attalias><attrtype Sync="TRUE">String</attrtype><attwidth Sync="TRUE">50</attwidth></attr><attr><attrlabl Sync="TRUE">RAD_LIEU</attrlabl><attalias Sync="TRUE">RAD_LIEU</attalias><attrtype Sync="TRUE">String</attrtype><attwidth Sync="TRUE">50</attwidth></attr><attr><attrlabl Sync="TRUE">RAD_ANNEE</attrlabl><attalias Sync="TRUE">RAD_ANNEE</attalias><attrtype Sync="TRUE">Number</attrtype><attwidth Sync="TRUE">4</attwidth></attr><attr><attrlabl Sync="TRUE">BUS_PRIO</attrlabl><attalias Sync="TRUE">BUS_PRIO</attalias><attrtype Sync="TRUE">String</attrtype><attwidth Sync="TRUE">50</attwidth></attr><attr><attrlabl Sync="TRUE">P_REC</attrlabl><attalias Sync="TRUE">P_REC</attalias><attrtype Sync="TRUE">String</attrtype><attwidth Sync="TRUE">254</attwidth></attr><attr><attrlabl Sync="TRUE">P_SCH</attrlabl><attalias Sync="TRUE">P_SCH</attalias><attrtype Sync="TRUE">String</attrtype><attwidth Sync="TRUE">254</attwidth></attr><attr><attrlabl Sync="TRUE">POINT_X</attrlabl><attalias Sync="TRUE">POINT_X</attalias><attrtype Sync="TRUE">String</attrtype><attwidth Sync="TRUE">254</attwidth></attr><attr><attrlabl Sync="TRUE">POINT_Y</attrlabl><attalias Sync="TRUE">POINT_Y</attalias><attrtype Sync="TRUE">Number</attrtype><attwidth Sync="TRUE">19</attwidth><atnumdec Sync="TRUE">8</atnumdec></attr><attr><attrlabl Sync="TRUE">FID</attrlabl><attalias Sync="TRUE">FID</attalias><attrtype Sync="TRUE">Number</attrtype><attwidth Sync="TRUE">19</attwidth><attrdef Sync="TRUE">Internal feature number.</attrdef><attrdefs Sync="TRUE">ESRI</attrdefs><attrdomv><udom Sync="TRUE">Sequential unique whole numbers that are automatically generated.</udom></attrdomv><atnumdec Sync="TRUE">8</atnumdec></attr></detailed></eainfo><mdDateSt Sync="TRUE">20131015</mdDateSt><idinfo><native Sync="TRUE">Microsoft Windows XP Version 5.1 (Build 2600) Service Pack 3; ESRI ArcCatalog 9.2.5.1450</native><descript><langdata Sync="TRUE">fr</langdata></descript><citation><citeinfo><title Sync="TRUE">feux</title><ftname Sync="TRUE">feux</ftname><geoform Sync="TRUE">vector digital data</geoform><onlink Sync="TRUE">\\IG-P149\C$\feux.shp</onlink></citeinfo></citation><natvform Sync="TRUE">Shapefile</natvform><spdom><lboundng><leftbc Sync="TRUE">765977.152200</leftbc><rightbc Sync="TRUE">775102.804700</rightbc><bottombc Sync="TRUE">6275932.478900</bottombc><topbc Sync="TRUE">6283352.090100</topbc></lboundng><bounding><westbc Sync="TRUE">3.816582</westbc><eastbc Sync="TRUE">3.930600</eastbc><northbc Sync="TRUE">43.646138</northbc><southbc Sync="TRUE">43.578474</southbc></bounding></spdom></idinfo><metainfo><langmeta Sync="TRUE">fr</langmeta><metstdn Sync="TRUE">FGDC Content Standards for Digital Geospatial Metadata</metstdn><metstdv Sync="TRUE">FGDC-STD-001-1998</metstdv><mettc Sync="TRUE">local time</mettc><metd Sync="TRUE">20131015</metd><metextns><onlink Sync="TRUE">http://www.esri.com/metadata/esriprof80.html</onlink><metprof Sync="TRUE">ESRI Metadata Profile</metprof></metextns></metainfo><mdStanName Sync="TRUE">ISO 19115 Geographic Information - Metadata</mdStanName><mdStanVer Sync="TRUE">DIS_ESRI1.0</mdStanVer><mdChar><CharSetCd Sync="TRUE" value="004"></CharSetCd></mdChar><distinfo><resdesc Sync="TRUE">Downloadable Data</resdesc><stdorder><digform><digtinfo><transize Sync="TRUE">0,000</transize><dssize Sync="TRUE">0,000</dssize></digtinfo></digform></stdorder></distinfo><spref><horizsys><cordsysn><geogcsn Sync="TRUE">GCS_RGF_1993</geogcsn><projcsn Sync="TRUE">RGF93_Lambert_93</projcsn></cordsysn><planar><planci><plance Sync="TRUE">coordinate pair</plance><plandu Sync="TRUE">meters</plandu><coordrep><absres Sync="TRUE">0.000000</absres><ordres Sync="TRUE">0.000000</ordres></coordrep></planci><mapproj><mapprojn Sync="TRUE">Lambert Conformal Conic</mapprojn><lambertc><stdparll Sync="TRUE">44.000000</stdparll><stdparll Sync="TRUE">49.000000</stdparll><longcm Sync="TRUE">3.000000</longcm><latprjo Sync="TRUE">46.500000</latprjo><feast Sync="TRUE">700000.000000</feast><fnorth Sync="TRUE">6600000.000000</fnorth></lambertc></mapproj></planar><geodetic><horizdn Sync="TRUE">D_RGF_1993</horizdn><ellips Sync="TRUE">Geodetic Reference System 80</ellips><semiaxis Sync="TRUE">6378137.000000</semiaxis><denflat Sync="TRUE">298.257222</denflat></geodetic></horizsys><vertdef><altsys><altenc Sync="TRUE">Explicit elevation coordinate included with horizontal coordinates</altenc><altres Sync="TRUE">1.000000</altres></altsys></vertdef></spref><dataqual><lineage><procstep><procdesc Sync="TRUE">Jeu de données copié.</procdesc><srcused Sync="TRUE">Server=ig-margote; Service=sde:oracle10g; Database=sig; User=REGULATION; Version=SDE.DEFAULT</srcused><procdate Sync="TRUE">20121109</procdate><proctime Sync="TRUE">16030900</proctime></procstep><procstep><procdesc Sync="TRUE">Jeu de données copié.</procdesc><srcused Sync="TRUE">Server=ig-margote; Service=sde:oracle10g; Database=sig; User=REGULATION; Version=SDE.DEFAULT</srcused><procdate Sync="TRUE">20121120</procdate><proctime Sync="TRUE">13580100</proctime></procstep><procstep><procdesc Sync="TRUE">Jeu de données copié.</procdesc><srcused Sync="TRUE">Server=ig-margote; Service=sde:oracle10g; Database=SIG; User=REGULATION; Version=SDE.DEFAULT</srcused><procdate Sync="TRUE">20130214</procdate><proctime Sync="TRUE">15173300</proctime></procstep><procstep><procdesc Sync="TRUE">Jeu de données copié.</procdesc><srcused Sync="TRUE">Server=ig-margote; Service=sde:oracle10g; Database=sig; User=REGULATION; Version=SDE.DEFAULT</srcused><procdate Sync="TRUE">20130807</procdate><proctime Sync="TRUE">16553100</proctime></procstep><procstep><procdesc Sync="TRUE">Jeu de données copié.</procdesc><srcused Sync="TRUE">Server=ig-margote; Service=sde:oracle10g; Database=sig; User=REGULATION; Version=SDE.DEFAULT</srcused><procdate Sync="TRUE">20130820</procdate><proctime Sync="TRUE">16570600</proctime></procstep></lineage></dataqual></metadata>
