<?xml version="1.0" encoding="UTF-8"?>
<metadata xml:lang="fr"><Esri><CreaDate>20140516</CreaDate><CreaTime>16050700</CreaTime><SyncOnce>FALSE</SyncOnce><DataProperties><lineage><Process Name="Append_1" ToolSource="C:\Program Files\ArcGIS\ArcToolbox\Toolboxes\Data Management Tools.tbx\Append" Date="20070221" Time="120125" export="">Append C:\Imagis\DataBase\Cadastre\imavue34172.mdb\bati "C:\Imagis\DataBase\Cadastre\Connexion CAD.sde\IMACAD.bati" TEST "C:\Imagis\DataBase\Cadastre\Connexion CAD.sde\IMACAD.bati"</Process><Process Name="DeleteFeatures_5" ToolSource="C:\Program Files\ArcGIS\ArcToolbox\Toolboxes\Data Management Tools.tbx\DeleteFeatures" Date="20080729" Time="162203" export="">DeleteFeatures "Connexions aux bases de données\Connexion CAD.sde\IMACAD.bati" "Connexions aux bases de données\Connexion CAD.sde\IMACAD.bati"</Process><Process ToolSource="C:\Program Files\ArcGIS\ArcToolbox\Toolboxes\Data Management Tools.tbx\Project" Date="20091207" Time="115504" Name="" export="">Project \\ig-margote\Data\RGF93\IMACAD_ZIII.gdb\bati \\ig-margote\Data\RGF93\IMACAD.gdb\bati PROJCS['RGF93_Lambert_93',GEOGCS['GCS_RGF_1993',DATUM['D_RGF_1993',SPHEROID['GRS_1980',6378137.0,298.257222101]],PRIMEM['Greenwich',0.0],UNIT['Degree',0.0174532925199433]],PROJECTION['Lambert_Conformal_Conic'],PARAMETER['False_Easting',700000.0],PARAMETER['False_Northing',6600000.0],PARAMETER['Central_Meridian',3.0],PARAMETER['Standard_Parallel_1',44.0],PARAMETER['Standard_Parallel_2',49.0],PARAMETER['Latitude_Of_Origin',46.5],UNIT['Meter',1.0]] RGF_1993_To_NTF_NTv2 PROJCS['NTF_Lambert_Zone_III',GEOGCS['GCS_NTF',DATUM['D_NTF',SPHEROID['Clarke_1880_IGN',6378249.2,293.46602]],PRIMEM['Greenwich',0.0],UNIT['Degree',0.0174532925199433]],PROJECTION['Lambert_Conformal_Conic'],PARAMETER['False_Easting',600000.0],PARAMETER['False_Northing',200000.0],PARAMETER['Central_Meridian',2.3372291667],PARAMETER['Standard_Parallel_1',43.1992913889],PARAMETER['Standard_Parallel_2',44.9960938889],PARAMETER['Scale_Factor',1.0],PARAMETER['Latitude_Of_Origin',44.1],UNIT['Meter',1.0]]</Process><Process ToolSource="C:\Program Files\ArcGIS\ArcToolbox\Toolboxes\Analysis Tools.tbx\Clip" Date="20120419" Time="164423" Name="" export="">Clip bati "contcom polygon" D:\DONNEES\Nicolas\espaces_de_travail\Géodatabases_diverses\Plan_Ville_RGF1993.gdb\bati_cadastre #</Process><Process ToolSource="c:\program files\arcgis\desktop10.0\ArcToolbox\Toolboxes\Analysis Tools.tbx\SpatialJoin" Date="20121025" Time="152331" Name="" export="">SpatialJoin bati_cadastre quartier D:\DONNEES\Nicolas\espaces_de_travail\Géodatabases_diverses\Plan_Ville_RGF1993.gdb\bati_cadastre_SpatialJoin JOIN_ONE_TO_ONE KEEP_COMMON "CCOPRE "CCOPRE" true true false 3 Text 0 0 ,First,#,D:\DONNEES\Nicolas\espaces_de_travail\Géodatabases_diverses\Plan_Ville_RGF1993.gdb\bati_cadastre,CCOPRE,-1,-1;CODCOMM "CODCOMM" true true false 6 Text 0 0 ,First,#,D:\DONNEES\Nicolas\espaces_de_travail\Géodatabases_diverses\Plan_Ville_RGF1993.gdb\bati_cadastre,CODCOMM,-1,-1;FEUILLE "FEUILLE" true true false 4 Text 0 0 ,First,#,D:\DONNEES\Nicolas\espaces_de_travail\Géodatabases_diverses\Plan_Ville_RGF1993.gdb\bati_cadastre,FEUILLE,-1,-1;SHON "SHON" true true false 8 Double 0 0 ,First,#,D:\DONNEES\Nicolas\espaces_de_travail\Géodatabases_diverses\Plan_Ville_RGF1993.gdb\bati_cadastre,SHON,-1,-1;SURFACE "SURFACE" true true false 8 Double 0 0 ,First,#,D:\DONNEES\Nicolas\espaces_de_travail\Géodatabases_diverses\Plan_Ville_RGF1993.gdb\bati_cadastre,SURFACE,-1,-1;TYPE "TYPE" true true false 3 Text 0 0 ,First,#,D:\DONNEES\Nicolas\espaces_de_travail\Géodatabases_diverses\Plan_Ville_RGF1993.gdb\bati_cadastre,TYPE,-1,-1;SHAPE_Length "SHAPE_Length" false true true 8 Double 0 0 ,First,#,D:\DONNEES\Nicolas\espaces_de_travail\Géodatabases_diverses\Plan_Ville_RGF1993.gdb\bati_cadastre,SHAPE_Length,-1,-1;SHAPE_Area "SHAPE_Area" false true true 8 Double 0 0 ,First,#,D:\DONNEES\Nicolas\espaces_de_travail\Géodatabases_diverses\Plan_Ville_RGF1993.gdb\bati_cadastre,SHAPE_Area,-1,-1;LIBQUART "LIBQUART" true true false 32 Text 0 0 ,First,#,D:\DONNEES\Nicolas\espaces_de_travail\Géodatabases_diverses\Plan_Ville_RGF1993.gdb\quartier,LIBQUART,-1,-1;SYMBOL "SYMBOL" true true false 2 Short 0 0 ,First,#,D:\DONNEES\Nicolas\espaces_de_travail\Géodatabases_diverses\Plan_Ville_RGF1993.gdb\quartier,SYMBOL,-1,-1" INTERSECT # #</Process><Process ToolSource="c:\program files\arcgis\desktop10.0\ArcToolbox\Toolboxes\Data Management Tools.tbx\AddField" Date="20121119" Time="101931" Name="" export="">AddField bati_cadastre_2012 Classe LONG 2 # # # NULLABLE NON_REQUIRED #</Process><Process ToolSource="c:\program files\arcgis\desktop10.0\ArcToolbox\Toolboxes\Data Management Tools.tbx\AddField" Date="20121119" Time="102018" Name="" export="">AddField bati_cadastre_2012 LIBTRI TEXT # # 30 # NULLABLE NON_REQUIRED #</Process><Process ToolSource="c:\program files\arcgis\desktop10.0\ArcToolbox\Toolboxes\Data Management Tools.tbx\DeleteField" Date="20121119" Time="102652" Name="" export="">DeleteField bati_cadastre_2012 Join_Count;TARGET_FID;FEUILLE;SHON;SURFACE;Classe</Process><Process ToolSource="c:\program files\arcgis\desktop10.0\ArcToolbox\Toolboxes\Data Management Tools.tbx\AddField" Date="20121119" Time="102730" Name="" export="">AddField bati_cadastre_2012 Classe TEXT # # 2 # NULLABLE NON_REQUIRED #</Process><Process ToolSource="C:\Program Files\ArcGIS\Desktop10.0\ArcToolbox\Toolboxes\Data Management Tools.tbx\AddIndex" Date="20121119" Time="113524" Name="" export="">AddIndex bati_cadastre_2012 CCOPRE;CODCOMM;TYPE;LIBQUART;SYMBOL;SHAPE_Length;SHAPE_Area;LIBTRI;Classe index NON_UNIQUE NON_ASCENDING</Process><Process ToolSource="c:\program files\arcgis\desktop10.0\ArcToolbox\Toolboxes\Analysis Tools.tbx\SpatialJoin" Date="20121119" Time="151624" Name="" export="">SpatialJoin bati_cadastre_2012 batiment D:\DONNEES\Nicolas\espaces_de_travail\Géodatabases_diverses\Divers_Plan_Ville_RGF93.gdb\test JOIN_ONE_TO_ONE KEEP_ALL "CCOPRE "CCOPRE" true true false 3 Text 0 0 ,First,#,D:\DONNEES\Nicolas\espaces_de_travail\Géodatabases_diverses\Plan_Ville_RGF1993.gdb\bati_cadastre_2012,CCOPRE,-1,-1;CODCOMM "CODCOMM" true true false 6 Text 0 0 ,First,#,D:\DONNEES\Nicolas\espaces_de_travail\Géodatabases_diverses\Plan_Ville_RGF1993.gdb\bati_cadastre_2012,CODCOMM,-1,-1;TYPE "TYPE" true true false 3 Text 0 0 ,First,#,D:\DONNEES\Nicolas\espaces_de_travail\Géodatabases_diverses\Plan_Ville_RGF1993.gdb\bati_cadastre_2012,TYPE,-1,-1;LIBQUART "LIBQUART" true true false 32 Text 0 0 ,First,#,D:\DONNEES\Nicolas\espaces_de_travail\Géodatabases_diverses\Plan_Ville_RGF1993.gdb\bati_cadastre_2012,LIBQUART,-1,-1;SYMBOL "SYMBOL" true true false 2 Short 0 0 ,First,#,D:\DONNEES\Nicolas\espaces_de_travail\Géodatabases_diverses\Plan_Ville_RGF1993.gdb\bati_cadastre_2012,SYMBOL,-1,-1;SHAPE_Length "SHAPE_Length" false true true 8 Double 0 0 ,First,#,D:\DONNEES\Nicolas\espaces_de_travail\Géodatabases_diverses\Plan_Ville_RGF1993.gdb\bati_cadastre_2012,SHAPE_Length,-1,-1;SHAPE_Area "SHAPE_Area" false true true 8 Double 0 0 ,First,#,D:\DONNEES\Nicolas\espaces_de_travail\Géodatabases_diverses\Plan_Ville_RGF1993.gdb\bati_cadastre_2012,SHAPE_Area,-1,-1;LIBTRI "LIBTRI" true true false 30 Text 0 0 ,First,#,D:\DONNEES\Nicolas\espaces_de_travail\Géodatabases_diverses\Plan_Ville_RGF1993.gdb\bati_cadastre_2012,LIBTRI,-1,-1;Classe "Classe" true true false 2 Text 0 0 ,First,#,D:\DONNEES\Nicolas\espaces_de_travail\Géodatabases_diverses\Plan_Ville_RGF1993.gdb\bati_cadastre_2012,Classe,-1,-1;AREA "AREA" true true false 8 Double 0 0 ,First,#,D:\DONNEES\Nicolas\espaces_de_travail\Géodatabases_diverses\Plan_Ville_RGF1993.gdb\batiment,AREA,-1,-1;PERIMETER "PERIMETER" true true false 8 Double 0 0 ,First,#,D:\DONNEES\Nicolas\espaces_de_travail\Géodatabases_diverses\Plan_Ville_RGF1993.gdb\batiment,PERIMETER,-1,-1;BATIMENTS_ID "BATIMENTS_ID" true true false 4 Long 0 0 ,First,#,D:\DONNEES\Nicolas\espaces_de_travail\Géodatabases_diverses\Plan_Ville_RGF1993.gdb\batiment,BATIMENTS_ID,-1,-1;PATRLIB "PATRLIB" true true false 36 Text 0 0 ,First,#,D:\DONNEES\Nicolas\espaces_de_travail\Géodatabases_diverses\Plan_Ville_RGF1993.gdb\batiment,PATRLIB,-1,-1;CLEFPATR "CLEFPATR" true true false 8 Text 0 0 ,First,#,D:\DONNEES\Nicolas\espaces_de_travail\Géodatabases_diverses\Plan_Ville_RGF1993.gdb\batiment,CLEFPATR,-1,-1;CDCOL "CDCOL" true true false 1 Text 0 0 ,First,#,D:\DONNEES\Nicolas\espaces_de_travail\Géodatabases_diverses\Plan_Ville_RGF1993.gdb\batiment,CDCOL,-1,-1;CDPAT "CDPAT" true true false 5 Text 0 0 ,First,#,D:\DONNEES\Nicolas\espaces_de_travail\Géodatabases_diverses\Plan_Ville_RGF1993.gdb\batiment,CDPAT,-1,-1;CDELEM "CDELEM" true true false 2 Text 0 0 ,First,#,D:\DONNEES\Nicolas\espaces_de_travail\Géodatabases_diverses\Plan_Ville_RGF1993.gdb\batiment,CDELEM,-1,-1;CLASS "CLASS" true true false 5 Text 0 0 ,First,#,D:\DONNEES\Nicolas\espaces_de_travail\Géodatabases_diverses\Plan_Ville_RGF1993.gdb\batiment,CLASS,-1,-1;SYMBOLE "SYMBOLE" true true false 2 Short 0 0 ,First,#,D:\DONNEES\Nicolas\espaces_de_travail\Géodatabases_diverses\Plan_Ville_RGF1993.gdb\batiment,SYMBOLE,-1,-1;Id "Id" true true false 4 Long 0 0 ,First,#,D:\DONNEES\Nicolas\espaces_de_travail\Géodatabases_diverses\Plan_Ville_RGF1993.gdb\batiment,Id,-1,-1;Shape_Length_1 "Shape_Length" false true true 8 Double 0 0 ,First,#,D:\DONNEES\Nicolas\espaces_de_travail\Géodatabases_diverses\Plan_Ville_RGF1993.gdb\batiment,Shape_Length,-1,-1;Shape_Area_1 "Shape_Area" false true true 8 Double 0 0 ,First,#,D:\DONNEES\Nicolas\espaces_de_travail\Géodatabases_diverses\Plan_Ville_RGF1993.gdb\batiment,Shape_Area,-1,-1" INTERSECT # #</Process><Process ToolSource="c:\program files\arcgis\desktop10.0\ArcToolbox\Toolboxes\Data Management Tools.tbx\DeleteField" Date="20121119" Time="152245" Name="" export="">DeleteField test Join_Count;CCOPRE;SYMBOL;Id;Shape_Length_1;Shape_Area_1</Process><Process ToolSource="c:\program files\arcgis\desktop10.0\ArcToolbox\Toolboxes\Data Management Tools.tbx\DeleteField" Date="20121119" Time="152336" Name="" export="">DeleteField test LIBTRI;Classe</Process><Process ToolSource="c:\program files\arcgis\desktop10.0\ArcToolbox\Toolboxes\Data Management Tools.tbx\RepairGeometry" Date="20121214" Time="141959" Name="" export="">RepairGeometry BatiCad_2012 DELETE_NULL</Process><Process ToolSource="C:\Program Files\ArcGIS\Desktop10.0\ArcToolbox\Toolboxes\Data Management Tools.tbx\CalculateField" Date="20121214" Time="150831" Name="" export="">CalculateField Batiment_2012 SYMBOLE Nul
 VB #</Process><Process ToolSource="c:\program files\arcgis\desktop10.0\ArcToolbox\Toolboxes\Data Management Tools.tbx\RepairGeometry" Date="20130201" Time="105802" Name="" export="">RepairGeometry Transports\Batiment_2012 DELETE_NULL</Process><Process ToolSource="C:\Program Files\ArcGIS\Desktop10.0\ArcToolbox\Toolboxes\Data Management Tools.tbx\RepairGeometry" Date="20130521" Time="103444" Name="" export="">RepairGeometry "Elements divers\batiment" DELETE_NULL</Process><Process ToolSource="c:\program files\arcgis\desktop10.0\ArcToolbox\Toolboxes\Data Management Tools.tbx\RepairGeometry" Date="20130521" Time="104854" Name="" export="">RepairGeometry "Elements divers\batiment" DELETE_NULL</Process><Process ToolSource="c:\program files\arcgis\desktop10.0\ArcToolbox\Toolboxes\Data Management Tools.tbx\RepairGeometry" Date="20130610" Time="144344" Name="" export="">RepairGeometry Transports\Batiment_2012 DELETE_NULL</Process><Process ToolSource="c:\program files\arcgis\desktop10.0\ArcToolbox\Toolboxes\Data Management Tools.tbx\RepairGeometry" Date="20130611" Time="105935" Name="" export="">RepairGeometry Transports\batiment KEEP_NULL</Process><Process ToolSource="c:\program files\arcgis\desktop10.1\ArcToolbox\Toolboxes\Data Management Tools.tbx\RepairGeometry" Date="20131218" Time="150724" Name="" export="">RepairGeometry D:\DONNEES\Nicolas\espaces_de_travail\Géodatabases_diverses\Plan_Ville_RGF1993.gdb\Batiment_2012 DELETE_NULL</Process></lineage><itemProps><itemName Sync="TRUE">test</itemName><imsContentType Sync="TRUE">002</imsContentType><itemLocation><linkage Sync="TRUE">file://\\Ig-Waldorf\Carto\Consultation_PlanVille\Plan_Ville_RGF1993.gdb</linkage><protocol Sync="TRUE">Local Area Network</protocol></itemLocation></itemProps><coordRef><type Sync="TRUE">Projected</type><geogcsn Sync="TRUE">GCS_RGF_1993</geogcsn><csUnits Sync="TRUE">Linear Unit: Meter (1.000000)</csUnits><projcsn Sync="TRUE">RGF93_Lambert_93</projcsn><peXml Sync="TRUE">&lt;ProjectedCoordinateSystem xsi:type='typens:ProjectedCoordinateSystem' xmlns:xsi='http://www.w3.org/2001/XMLSchema-instance' xmlns:xs='http://www.w3.org/2001/XMLSchema' xmlns:typens='http://www.esri.com/schemas/ArcGIS/10.0'&gt;&lt;WKT&gt;PROJCS[&amp;quot;RGF93_Lambert_93&amp;quot;,GEOGCS[&amp;quot;GCS_RGF_1993&amp;quot;,DATUM[&amp;quot;D_RGF_1993&amp;quot;,SPHEROID[&amp;quot;GRS_1980&amp;quot;,6378137.0,298.257222101]],PRIMEM[&amp;quot;Greenwich&amp;quot;,0.0],UNIT[&amp;quot;Degree&amp;quot;,0.0174532925199433]],PROJECTION[&amp;quot;Lambert_Conformal_Conic&amp;quot;],PARAMETER[&amp;quot;False_Easting&amp;quot;,700000.0],PARAMETER[&amp;quot;False_Northing&amp;quot;,6600000.0],PARAMETER[&amp;quot;Central_Meridian&amp;quot;,3.0],PARAMETER[&amp;quot;Standard_Parallel_1&amp;quot;,44.0],PARAMETER[&amp;quot;Standard_Parallel_2&amp;quot;,49.0],PARAMETER[&amp;quot;Latitude_Of_Origin&amp;quot;,46.5],UNIT[&amp;quot;Meter&amp;quot;,1.0]]&lt;/WKT&gt;&lt;XOrigin&gt;-35597500&lt;/XOrigin&gt;&lt;YOrigin&gt;-23641900&lt;/YOrigin&gt;&lt;XYScale&gt;10000&lt;/XYScale&gt;&lt;ZOrigin&gt;-100000&lt;/ZOrigin&gt;&lt;ZScale&gt;10000&lt;/ZScale&gt;&lt;MOrigin&gt;-100000&lt;/MOrigin&gt;&lt;MScale&gt;10000&lt;/MScale&gt;&lt;XYTolerance&gt;0.001&lt;/XYTolerance&gt;&lt;ZTolerance&gt;0.001&lt;/ZTolerance&gt;&lt;MTolerance&gt;0.001&lt;/MTolerance&gt;&lt;HighPrecision&gt;true&lt;/HighPrecision&gt;&lt;/ProjectedCoordinateSystem&gt;</peXml></coordRef></DataProperties><SyncDate>20121119</SyncDate><SyncTime>15155000</SyncTime><ModDate>20140122</ModDate><ModTime>14083500</ModTime><ArcGISFormat>1.0</ArcGISFormat><ArcGISProfile>ItemDescription</ArcGISProfile><scaleRange><minScale>150000000</minScale><maxScale>5000</maxScale></scaleRange></Esri><idinfo><citation><citeinfo><onlink Sync="TRUE">\\EMT-P032\D$\DONNEES\Nicolas\espaces_de_travail\Géodatabases_diverses\Plan_Ville_RGF1993.gdb</onlink><origin>REQUIRED: The name of an organization or individual that developed the data set.</origin><pubdate>REQUIRED: The date when the data set is published or otherwise made available for release.</pubdate><title Sync="TRUE">Batiment_2012</title><ftname Sync="TRUE">bati_cadastre</ftname><geoform Sync="TRUE">vector digital data</geoform></citeinfo></citation><native Sync="TRUE">Microsoft Windows XP Version 5.1 (Build 2600) Service Pack 3; ESRI ArcCatalog 9.3.1.1850</native><descript><langdata Sync="TRUE">fr</langdata><abstract>Batiments issus du cadastre - jointure avec fichier eqpt</abstract><purpose>Batiments de la ville de Montpellier
Issus du Cadastre </purpose></descript><timeperd><current>REQUIRED: The basis on which the time period of content information is determined.</current><timeinfo><sngdate><caldate>REQUIRED: The year (and optionally month, or month and day) for which the data set corresponds to the ground.</caldate></sngdate></timeinfo></timeperd><status><progress>REQUIRED: The state of the data set.</progress><update>REQUIRED: The frequency with which changes and additions are made to the data set after the initial data set is completed.</update></status><spdom><bounding><westbc Sync="TRUE">REQUIRED: Western-most coordinate of the limit of coverage expressed in longitude.</westbc><eastbc Sync="TRUE">REQUIRED: Eastern-most coordinate of the limit of coverage expressed in longitude.</eastbc><northbc Sync="TRUE">REQUIRED: Northern-most coordinate of the limit of coverage expressed in latitude.</northbc><southbc Sync="TRUE">REQUIRED: Southern-most coordinate of the limit of coverage expressed in latitude.</southbc></bounding></spdom><keywords><theme><themekt>REQUIRED: Reference to a formally registered thesaurus or a similar authoritative source of theme keywords.</themekt><themekey>REQUIRED: Common-use word or phrase used to describe the subject of the data set.</themekey></theme></keywords><accconst>REQUIRED: Restrictions and legal prerequisites for accessing the data set.</accconst><useconst>REQUIRED: Restrictions and legal prerequisites for using the data set after access is granted.</useconst><natvform Sync="TRUE">Classe d'entités de géodatabase fichier</natvform></idinfo><distInfo><distributor><distorTran><onLineSrc><linkage Sync="TRUE">file://\\EMT-P032\D$\DONNEES\Nicolas\espaces_de_travail\Géodatabases_diverses\Plan_Ville_RGF1993.gdb</linkage><protocol Sync="TRUE">Local Area Network</protocol><orDesc Sync="TRUE">002</orDesc></onLineSrc></distorTran><distorFormat><formatName Sync="TRUE">Classe d'entités de géodatabase fichier</formatName></distorFormat></distributor><distFormat><formatName Sync="TRUE">Classe d’entités de géodatabase fichier</formatName></distFormat></distInfo><dataqual><lineage><procstep><procdesc Sync="TRUE">Jeu de données copié.</procdesc><srcused Sync="TRUE">Server=ig-margote; Service=5151; User=imacad; Version=SDE.DEFAULT</srcused><date Sync="TRUE">20091207</date><time Sync="TRUE">11471800</time></procstep><procstep><procdesc Sync="TRUE">Jeu de données copié.</procdesc><srcused Sync="TRUE">\\ig-margote\Data\RGF93\IMACAD_ZIII.gdb</srcused><date Sync="TRUE">20091207</date><time Sync="TRUE">11544200</time></procstep><procstep><procdesc Sync="TRUE">Jeu de données copié.</procdesc><srcused Sync="TRUE">\\ig-margote\Data\RGF93\IMACAD.gdb</srcused><date Sync="TRUE">20091207</date><time Sync="TRUE">12223500</time></procstep><procstep><procdesc Sync="TRUE">Jeu de données copié.</procdesc><srcused Sync="TRUE">Server=Ig-Margote; Service=5151; Database=SIG; User=SIG; Version=SDE.DEFAULT</srcused><procdate Sync="TRUE">20120210</procdate><proctime Sync="TRUE">15192600</proctime></procstep></lineage></dataqual><dataIdInfo><envirDesc Sync="TRUE">Microsoft Windows XP Version 5.1 (Build 2600) Service Pack 3; ESRI ArcGIS 10.0.5.4400</envirDesc><dataLang><languageCode Sync="TRUE" value="fr"/><countryCode value="FR" Sync="TRUE"/></dataLang><idCitation><resTitle Sync="FALSE">Batiment_2012</resTitle><presForm><PresFormCd value="005" Sync="TRUE"/></presForm></idCitation><spatRpType><SpatRepTypCd value="001" Sync="TRUE"/></spatRpType><idPurp>Batiments de la ville de Montpellier
Issus du Cadastre </idPurp><idAbs>&lt;DIV STYLE="text-align:Left;"&gt;&lt;DIV&gt;&lt;DIV&gt;&lt;P&gt;&lt;SPAN&gt;Batiments issus du cadastre - jointure avec fichier eqpt&lt;/SPAN&gt;&lt;/P&gt;&lt;/DIV&gt;&lt;/DIV&gt;&lt;/DIV&gt;</idAbs><searchKeys><keyword>Batiments</keyword></searchKeys><resConst><Consts><useLimit>&lt;DIV STYLE="text-align:Left;"&gt;&lt;DIV&gt;&lt;P&gt;&lt;SPAN&gt;Aucune&lt;/SPAN&gt;&lt;/P&gt;&lt;/DIV&gt;&lt;/DIV&gt;</useLimit></Consts></resConst><idCredit>NICOLAS Sébastien 20/01/2014</idCredit></dataIdInfo><metainfo><langmeta Sync="TRUE">fr</langmeta><metstdn Sync="TRUE">FGDC Content Standards for Digital Geospatial Metadata</metstdn><metstdv Sync="TRUE">FGDC-STD-001-1998</metstdv><mettc Sync="TRUE">local time</mettc><metc><cntinfo><cntorgp><cntper>REQUIRED: The person responsible for the metadata information.</cntper><cntorg>REQUIRED: The organization responsible for the metadata information.</cntorg></cntorgp><cntaddr><addrtype>REQUIRED: The mailing and/or physical address for the organization or individual.</addrtype><city>REQUIRED: The city of the address.</city><state>REQUIRED: The state or province of the address.</state><postal>REQUIRED: The ZIP or other postal code of the address.</postal></cntaddr><cntvoice>REQUIRED: The telephone number by which individuals can speak to the organization or individual.</cntvoice></cntinfo></metc><metd Sync="TRUE">20120419</metd></metainfo><mdLang><languageCode Sync="TRUE" value="fr"/><countryCode value="FR" Sync="TRUE"/></mdLang><mdStanName Sync="TRUE">ISO 19115 Informations géographiques - Métadonnées</mdStanName><mdStanVer Sync="TRUE"># 11108</mdStanVer><mdChar><CharSetCd Sync="TRUE" value="# 11111"/></mdChar><mdHrLv><ScopeCd Sync="TRUE" value="005"/></mdHrLv><mdHrLvName Sync="TRUE">dataset</mdHrLvName><distinfo><resdesc Sync="TRUE">Downloadable Data</resdesc></distinfo><spdoinfo><direct Sync="TRUE">Vector</direct><ptvctinf><esriterm><efeatyp Sync="TRUE">Simple</efeatyp><efeageom code="4" Sync="TRUE"/><esritopo Sync="TRUE">FALSE</esritopo><efeacnt Sync="TRUE">0</efeacnt><spindex Sync="TRUE">TRUE</spindex><linrefer Sync="TRUE">FALSE</linrefer></esriterm></ptvctinf></spdoinfo><spref><horizsys><cordsysn><geogcsn Sync="TRUE">GCS_RGF_1993</geogcsn><projcsn Sync="TRUE">RGF93_Lambert_93</projcsn></cordsysn><planar><planci><plance Sync="TRUE">coordinate pair</plance><plandu Sync="TRUE">meters</plandu><coordrep><absres Sync="TRUE">0.000100</absres><ordres Sync="TRUE">0.000100</ordres></coordrep></planci></planar><geodetic><horizdn Sync="TRUE">D_RGF_1993</horizdn><ellips Sync="TRUE">Geodetic Reference System 80</ellips><semiaxis Sync="TRUE">6378137.000000</semiaxis><denflat Sync="TRUE">298.257222</denflat></geodetic></horizsys><vertdef><altsys><altenc Sync="TRUE">Explicit elevation coordinate included with horizontal coordinates</altenc><altres Sync="TRUE">1.000000</altres></altsys></vertdef></spref><refSysInfo><RefSystem><refSysID><identCode Sync="TRUE" value="0">RGF93_Lambert_93</identCode></refSysID></RefSystem></refSysInfo><spatRepInfo><VectSpatRep><geometObjs Name="test"><geoObjTyp><GeoObjTypCd value="002" Sync="TRUE"/></geoObjTyp><geoObjCnt Sync="TRUE">0</geoObjCnt></geometObjs><topLvl><TopoLevCd value="001" Sync="TRUE"/></topLvl></VectSpatRep></spatRepInfo><eainfo><detailed Name="test"><enttyp><enttypl Sync="TRUE">test</enttypl><enttypt Sync="TRUE">Feature Class</enttypt><enttypc Sync="TRUE">0</enttypc></enttyp><attr><attrlabl Sync="TRUE">OBJECTID</attrlabl><attalias Sync="TRUE">Objectid</attalias><attrtype Sync="TRUE">OID</attrtype><attwidth Sync="TRUE">4</attwidth><atprecis Sync="TRUE">0</atprecis><attscale Sync="TRUE">0</attscale><attrdef Sync="TRUE">Internal feature number.</attrdef><attrdefs Sync="TRUE">ESRI</attrdefs><attrdomv><udom Sync="TRUE">Sequential unique whole numbers that are automatically generated.</udom></attrdomv></attr><attr><attrlabl Sync="TRUE">SHAPE</attrlabl><attalias Sync="TRUE">Shape</attalias><attrtype Sync="TRUE">Geometry</attrtype><attwidth Sync="TRUE">0</attwidth><atprecis Sync="TRUE">0</atprecis><attscale Sync="TRUE">0</attscale><attrdef Sync="TRUE">Feature geometry.</attrdef><attrdefs Sync="TRUE">ESRI</attrdefs><attrdomv><udom Sync="TRUE">Coordinates defining the features.</udom></attrdomv></attr><attr><attrlabl Sync="TRUE">Join_Count</attrlabl><attalias Sync="TRUE">Join_Count</attalias><attrtype Sync="TRUE">Integer</attrtype><attwidth Sync="TRUE">4</attwidth><atprecis Sync="TRUE">0</atprecis><attscale Sync="TRUE">0</attscale></attr><attr><attrlabl Sync="TRUE">TARGET_FID</attrlabl><attalias Sync="TRUE">TARGET_FID</attalias><attrtype Sync="TRUE">Integer</attrtype><attwidth Sync="TRUE">4</attwidth><atprecis Sync="TRUE">0</atprecis><attscale Sync="TRUE">0</attscale></attr><attr><attrlabl Sync="TRUE">CCOPRE</attrlabl><attalias Sync="TRUE">CCOPRE</attalias><attrtype Sync="TRUE">String</attrtype><attwidth Sync="TRUE">3</attwidth><atprecis Sync="TRUE">0</atprecis><attscale Sync="TRUE">0</attscale></attr><attr><attrlabl Sync="TRUE">CODCOMM</attrlabl><attalias Sync="TRUE">CODCOMM</attalias><attrtype Sync="TRUE">String</attrtype><attwidth Sync="TRUE">6</attwidth><atprecis Sync="TRUE">0</atprecis><attscale Sync="TRUE">0</attscale></attr><attr><attrlabl Sync="TRUE">TYPE</attrlabl><attalias Sync="TRUE">TYPE</attalias><attrtype Sync="TRUE">String</attrtype><attwidth Sync="TRUE">3</attwidth><atprecis Sync="TRUE">0</atprecis><attscale Sync="TRUE">0</attscale></attr><attr><attrlabl Sync="TRUE">LIBQUART</attrlabl><attalias Sync="TRUE">LIBQUART</attalias><attrtype Sync="TRUE">String</attrtype><attwidth Sync="TRUE">32</attwidth><atprecis Sync="TRUE">0</atprecis><attscale Sync="TRUE">0</attscale></attr><attr><attrlabl Sync="TRUE">SYMBOL</attrlabl><attalias Sync="TRUE">SYMBOL</attalias><attrtype Sync="TRUE">SmallInteger</attrtype><attwidth Sync="TRUE">2</attwidth><atprecis Sync="TRUE">0</atprecis><attscale Sync="TRUE">0</attscale></attr><attr><attrlabl Sync="TRUE">LIBTRI</attrlabl><attalias Sync="TRUE">LIBTRI</attalias><attrtype Sync="TRUE">String</attrtype><attwidth Sync="TRUE">30</attwidth><atprecis Sync="TRUE">0</atprecis><attscale Sync="TRUE">0</attscale></attr><attr><attrlabl Sync="TRUE">Classe</attrlabl><attalias Sync="TRUE">Classe</attalias><attrtype Sync="TRUE">String</attrtype><attwidth Sync="TRUE">2</attwidth><atprecis Sync="TRUE">0</atprecis><attscale Sync="TRUE">0</attscale></attr><attr><attrlabl Sync="TRUE">AREA</attrlabl><attalias Sync="TRUE">AREA</attalias><attrtype Sync="TRUE">Double</attrtype><attwidth Sync="TRUE">8</attwidth><atprecis Sync="TRUE">0</atprecis><attscale Sync="TRUE">0</attscale></attr><attr><attrlabl Sync="TRUE">PERIMETER</attrlabl><attalias Sync="TRUE">PERIMETER</attalias><attrtype Sync="TRUE">Double</attrtype><attwidth Sync="TRUE">8</attwidth><atprecis Sync="TRUE">0</atprecis><attscale Sync="TRUE">0</attscale></attr><attr><attrlabl Sync="TRUE">BATIMENTS_ID</attrlabl><attalias Sync="TRUE">BATIMENTS_ID</attalias><attrtype Sync="TRUE">Integer</attrtype><attwidth Sync="TRUE">4</attwidth><atprecis Sync="TRUE">0</atprecis><attscale Sync="TRUE">0</attscale></attr><attr><attrlabl Sync="TRUE">PATRLIB</attrlabl><attalias Sync="TRUE">PATRLIB</attalias><attrtype Sync="TRUE">String</attrtype><attwidth Sync="TRUE">36</attwidth><atprecis Sync="TRUE">0</atprecis><attscale Sync="TRUE">0</attscale></attr><attr><attrlabl Sync="TRUE">CLEFPATR</attrlabl><attalias Sync="TRUE">CLEFPATR</attalias><attrtype Sync="TRUE">String</attrtype><attwidth Sync="TRUE">8</attwidth><atprecis Sync="TRUE">0</atprecis><attscale Sync="TRUE">0</attscale></attr><attr><attrlabl Sync="TRUE">CDCOL</attrlabl><attalias Sync="TRUE">CDCOL</attalias><attrtype Sync="TRUE">String</attrtype><attwidth Sync="TRUE">1</attwidth><atprecis Sync="TRUE">0</atprecis><attscale Sync="TRUE">0</attscale></attr><attr><attrlabl Sync="TRUE">CDPAT</attrlabl><attalias Sync="TRUE">CDPAT</attalias><attrtype Sync="TRUE">String</attrtype><attwidth Sync="TRUE">5</attwidth><atprecis Sync="TRUE">0</atprecis><attscale Sync="TRUE">0</attscale></attr><attr><attrlabl Sync="TRUE">CDELEM</attrlabl><attalias Sync="TRUE">CDELEM</attalias><attrtype Sync="TRUE">String</attrtype><attwidth Sync="TRUE">2</attwidth><atprecis Sync="TRUE">0</atprecis><attscale Sync="TRUE">0</attscale></attr><attr><attrlabl Sync="TRUE">CLASS</attrlabl><attalias Sync="TRUE">CLASS</attalias><attrtype Sync="TRUE">String</attrtype><attwidth Sync="TRUE">5</attwidth><atprecis Sync="TRUE">0</atprecis><attscale Sync="TRUE">0</attscale></attr><attr><attrlabl Sync="TRUE">SYMBOLE</attrlabl><attalias Sync="TRUE">SYMBOLE</attalias><attrtype Sync="TRUE">SmallInteger</attrtype><attwidth Sync="TRUE">2</attwidth><atprecis Sync="TRUE">0</atprecis><attscale Sync="TRUE">0</attscale></attr><attr><attrlabl Sync="TRUE">Id</attrlabl><attalias Sync="TRUE">Id</attalias><attrtype Sync="TRUE">Integer</attrtype><attwidth Sync="TRUE">4</attwidth><atprecis Sync="TRUE">0</atprecis><attscale Sync="TRUE">0</attscale></attr><attr><attrlabl Sync="TRUE">Shape_Length_1</attrlabl><attalias Sync="TRUE">Shape_Length</attalias><attrtype Sync="TRUE">Double</attrtype><attwidth Sync="TRUE">8</attwidth><atprecis Sync="TRUE">0</atprecis><attscale Sync="TRUE">0</attscale></attr><attr><attrlabl Sync="TRUE">Shape_Area_1</attrlabl><attalias Sync="TRUE">Shape_Area</attalias><attrtype Sync="TRUE">Double</attrtype><attwidth Sync="TRUE">8</attwidth><atprecis Sync="TRUE">0</atprecis><attscale Sync="TRUE">0</attscale></attr><attr><attrlabl Sync="TRUE">SHAPE_Length</attrlabl><attalias Sync="TRUE">SHAPE_Length</attalias><attrtype Sync="TRUE">Double</attrtype><attwidth Sync="TRUE">8</attwidth><atprecis Sync="TRUE">0</atprecis><attscale Sync="TRUE">0</attscale><attrdef Sync="TRUE">Length of feature in internal units.</attrdef><attrdefs Sync="TRUE">ESRI</attrdefs><attrdomv><udom Sync="TRUE">Positive real numbers that are automatically generated.</udom></attrdomv></attr><attr><attrlabl Sync="TRUE">SHAPE_Area</attrlabl><attalias Sync="TRUE">SHAPE_Area</attalias><attrtype Sync="TRUE">Double</attrtype><attwidth Sync="TRUE">8</attwidth><atprecis Sync="TRUE">0</atprecis><attscale Sync="TRUE">0</attscale><attrdef Sync="TRUE">Area of feature in internal units squared.</attrdef><attrdefs Sync="TRUE">ESRI</attrdefs><attrdomv><udom Sync="TRUE">Positive real numbers that are automatically generated.</udom></attrdomv></attr></detailed></eainfo><mdDateSt Sync="TRUE">20140122</mdDateSt></metadata>
