<?xml version="1.0" encoding="UTF-8"?>
<metadata xml:lang="fr"><Esri><CreaDate>20140516</CreaDate><CreaTime>16114500</CreaTime><SyncOnce>FALSE</SyncOnce><SyncDate>20110419</SyncDate><SyncTime>16460400</SyncTime><ModDate>20131120</ModDate><ModTime>15313300</ModTime><DataProperties><lineage><Process ToolSource="C:\Program Files\ArcGIS\ArcToolbox\Toolboxes\Data Management Tools.tbx\CopyFeatures" Date="20110419" Time="164606" Name="" export="">CopyFeatures R:\BdGeo2002\squartier\polygon D:\DONNEES\Nicolas\espaces_de_travail\Géodatabases_diverses\Test93.gdb\squartier_polygon # 0 0 0</Process><Process ToolSource="C:\Program Files\ArcGIS\ArcToolbox\Toolboxes\MaToolBox.tbx\DefineProjection" Date="20110419" Time="164747" Name="" export="">DefineProjection squartier_polygon PROJCS['Clarke_1880_RGS_Lambert_Conformal_Conic',GEOGCS['GCS_Clarke_1880_RGS',DATUM['D_Clarke_1880_RGS',SPHEROID['Clarke_1880_RGS',6378249.145,293.465]],PRIMEM['Greenwich',0.0],UNIT['Degree',0.0174532925199433]],PROJECTION['Lambert_Conformal_Conic'],PARAMETER['False_Easting',600000.0],PARAMETER['False_Northing',200000.0],PARAMETER['Central_Meridian',2.337229166666667],PARAMETER['Standard_Parallel_1',43.19929],PARAMETER['Standard_Parallel_2',44.99609444444445],PARAMETER['Latitude_Of_Origin',44.1],UNIT['Meter',1.0]],VERTCS['Unknown VCS',VDATUM['Unknown'],PARAMETER['Vertical_Shift',0.0],PARAMETER['Direction',1.0],UNIT['Meter',1.0]] squartier_polygon</Process><Process ToolSource="C:\Program Files\ArcGIS\ArcToolbox\Toolboxes\Data Management Tools.tbx\Project" Date="20110419" Time="164947" Name="" export="">Project D:\DONNEES\Nicolas\espaces_de_travail\Géodatabases_diverses\Test93.gdb\squartier_polygon D:\DONNEES\Nicolas\espaces_de_travail\Géodatabases_diverses\Test93.gdb\squartier_polygon_1 PROJCS['NTF_Lambert_Zone_III',GEOGCS['GCS_NTF',DATUM['D_NTF',SPHEROID['Clarke_1880_IGN',6378249.2,293.46602]],PRIMEM['Greenwich',0.0],UNIT['Degree',0.0174532925199433]],PROJECTION['Lambert_Conformal_Conic'],PARAMETER['False_Easting',600000.0],PARAMETER['False_Northing',200000.0],PARAMETER['Central_Meridian',2.3372291667],PARAMETER['Standard_Parallel_1',43.1992913889],PARAMETER['Standard_Parallel_2',44.9960938889],PARAMETER['Scale_Factor',1.0],PARAMETER['Latitude_Of_Origin',44.1],UNIT['Meter',1.0]] # PROJCS['Clarke_1880_RGS_Lambert_Conformal_Conic',GEOGCS['GCS_Clarke_1880_RGS',DATUM['D_Clarke_1880_RGS',SPHEROID['Clarke_1880_RGS',6378249.145,293.465]],PRIMEM['Greenwich',0.0],UNIT['Degree',0.0174532925199433]],PROJECTION['Lambert_Conformal_Conic'],PARAMETER['False_Easting',600000.0],PARAMETER['False_Northing',200000.0],PARAMETER['Central_Meridian',2.337229166666667],PARAMETER['Standard_Parallel_1',43.19929],PARAMETER['Standard_Parallel_2',44.99609444444445],PARAMETER['Latitude_Of_Origin',44.1],UNIT['Meter',1.0]],VERTCS['Unknown VCS',VDATUM['Unknown'],PARAMETER['Vertical_Shift',0.0],PARAMETER['Direction',1.0],UNIT['Meter',1.0]]</Process><Process ToolSource="C:\Program Files\ArcGIS\ArcToolbox\Toolboxes\Data Management Tools.tbx\Project" Date="20110419" Time="165133" Name="" export="">Project D:\DONNEES\Nicolas\espaces_de_travail\Géodatabases_diverses\Test93.gdb\squartier_polygon_1 D:\DONNEES\Nicolas\espaces_de_travail\Géodatabases_diverses\Plan_Ville_RGF1993.gdb\squartier_polygon_1 PROJCS['RGF93_Lambert_93',GEOGCS['GCS_RGF_1993',DATUM['D_RGF_1993',SPHEROID['GRS_1980',6378137.0,298.257222101]],PRIMEM['Greenwich',0.0],UNIT['Degree',0.0174532925199433]],PROJECTION['Lambert_Conformal_Conic'],PARAMETER['False_Easting',700000.0],PARAMETER['False_Northing',6600000.0],PARAMETER['Central_Meridian',3.0],PARAMETER['Standard_Parallel_1',44.0],PARAMETER['Standard_Parallel_2',49.0],PARAMETER['Latitude_Of_Origin',46.5],UNIT['Meter',1.0]] RGF_1993_To_NTF_NTv2 PROJCS['NTF_Lambert_Zone_III',GEOGCS['GCS_NTF',DATUM['D_NTF',SPHEROID['Clarke_1880_IGN',6378249.2,293.46602]],PRIMEM['Greenwich',0.0],UNIT['Degree',0.0174532925199433]],PROJECTION['Lambert_Conformal_Conic'],PARAMETER['False_Easting',600000.0],PARAMETER['False_Northing',200000.0],PARAMETER['Central_Meridian',2.3372291667],PARAMETER['Standard_Parallel_1',43.1992913889],PARAMETER['Standard_Parallel_2',44.9960938889],PARAMETER['Scale_Factor',1.0],PARAMETER['Latitude_Of_Origin',44.1],UNIT['Meter',1.0]]</Process><Process ToolSource="C:\Program Files\ArcGIS\ArcToolbox\Toolboxes\Data Management Tools.tbx\DeleteField" Date="20111212" Time="152948" Name="" export="">DeleteField squartier COMMUNE;QUARTMNO;LIBQUART squartier</Process></lineage><itemProps><itemLocation><linkage Sync="TRUE">file://\\Ig-Waldorf\Carto\Consultation_PlanVille\Plan_Ville_RGF1993.gdb</linkage><protocol Sync="TRUE">Local Area Network</protocol></itemLocation></itemProps></DataProperties><ArcGISProfile>ItemDescription</ArcGISProfile><ArcGISFormat>1.0</ArcGISFormat></Esri><idinfo><native Sync="TRUE">Microsoft Windows XP Version 5.1 (Build 2600) Service Pack 3; ESRI ArcCatalog 9.3.1.1850</native><descript><langdata Sync="TRUE">fr</langdata><abstract>Sous quartier </abstract><purpose>Sous quartier - Référentiel</purpose></descript><citation><citeinfo><origin>REQUIRED: The name of an organization or individual that developed the data set.</origin><pubdate>REQUIRED: The date when the data set is published or otherwise made available for release.</pubdate><title Sync="TRUE">Sous quartier</title><ftname Sync="TRUE">squartier_polygon</ftname><geoform Sync="TRUE">vector digital data</geoform><onlink Sync="TRUE">\\EMT-P032\D$\DONNEES\Nicolas\espaces_de_travail\Géodatabases_diverses\Plan_Ville_RGF1993.gdb</onlink></citeinfo></citation><timeperd><current>REQUIRED: The basis on which the time period of content information is determined.</current><timeinfo><sngdate><caldate>REQUIRED: The year (and optionally month, or month and day) for which the data set corresponds to the ground.</caldate></sngdate></timeinfo></timeperd><status><progress>REQUIRED: The state of the data set.</progress><update>REQUIRED: The frequency with which changes and additions are made to the data set after the initial data set is completed.</update></status><spdom><bounding><westbc Sync="TRUE">REQUIRED: Western-most coordinate of the limit of coverage expressed in longitude.</westbc><eastbc Sync="TRUE">REQUIRED: Eastern-most coordinate of the limit of coverage expressed in longitude.</eastbc><northbc Sync="TRUE">REQUIRED: Northern-most coordinate of the limit of coverage expressed in latitude.</northbc><southbc Sync="TRUE">REQUIRED: Southern-most coordinate of the limit of coverage expressed in latitude.</southbc></bounding></spdom><keywords><theme><themekt>REQUIRED: Reference to a formally registered thesaurus or a similar authoritative source of theme keywords.</themekt><themekey>REQUIRED: Common-use word or phrase used to describe the subject of the data set.</themekey></theme></keywords><accconst>REQUIRED: Restrictions and legal prerequisites for accessing the data set.</accconst><useconst>REQUIRED: Restrictions and legal prerequisites for using the data set after access is granted.</useconst><natvform Sync="TRUE">Classe d'entités de géodatabase fichier</natvform></idinfo><dataIdInfo><envirDesc Sync="TRUE">Microsoft Windows XP Version 5.1 (Build 2600) Service Pack 3; ESRI ArcCatalog 9.3.1.1850</envirDesc><dataLang><languageCode Sync="TRUE" value="fr"/></dataLang><idCitation><resTitle Sync="FALSE">Sous quartier</resTitle></idCitation><idPurp>Sous quartier - Référentiel</idPurp><idAbs>&lt;DIV STYLE="text-align:Left;"&gt;&lt;DIV&gt;&lt;P&gt;&lt;SPAN&gt;Sous quartier&lt;/SPAN&gt;&lt;SPAN&gt; &lt;/SPAN&gt;&lt;/P&gt;&lt;/DIV&gt;&lt;/DIV&gt;</idAbs><idCredit>NICOLAS Sébastien 20/11/2013</idCredit><searchKeys><keyword>Sous quartier</keyword></searchKeys><resConst><Consts><useLimit>Plan Ville  Ortho-image</useLimit></Consts></resConst></dataIdInfo><metainfo><langmeta Sync="TRUE">fr</langmeta><metstdn Sync="TRUE">FGDC Content Standards for Digital Geospatial Metadata</metstdn><metstdv Sync="TRUE">FGDC-STD-001-1998</metstdv><mettc Sync="TRUE">local time</mettc><metextns><onlink Sync="TRUE">http://www.esri.com/metadata/esriprof80.html</onlink><metprof Sync="TRUE">ESRI Metadata Profile</metprof></metextns><metc><cntinfo><cntorgp><cntper>REQUIRED: The person responsible for the metadata information.</cntper><cntorg>REQUIRED: The organization responsible for the metadata information.</cntorg></cntorgp><cntaddr><addrtype>REQUIRED: The mailing and/or physical address for the organization or individual.</addrtype><city>REQUIRED: The city of the address.</city><state>REQUIRED: The state or province of the address.</state><postal>REQUIRED: The ZIP or other postal code of the address.</postal></cntaddr><cntvoice>REQUIRED: The telephone number by which individuals can speak to the organization or individual.</cntvoice></cntinfo></metc><metd Sync="TRUE">20110419</metd></metainfo><mdLang><languageCode Sync="TRUE" value="fr"/></mdLang><mdStanName Sync="TRUE">ISO 19115 Informations géographiques - Métadonnées</mdStanName><mdStanVer Sync="TRUE"># 11108</mdStanVer><mdChar><CharSetCd Sync="TRUE" value="# 11111"/></mdChar><mdHrLv><ScopeCd Sync="TRUE" value="# 11109"/></mdHrLv><mdHrLvName Sync="TRUE"># 11110</mdHrLvName><distinfo><resdesc Sync="TRUE">Downloadable Data</resdesc></distinfo><distInfo><distributor><distorTran><onLineSrc><orDesc Sync="TRUE">002</orDesc><linkage Sync="TRUE">file://\\EMT-P032\D$\DONNEES\Nicolas\espaces_de_travail\Géodatabases_diverses\Plan_Ville_RGF1993.gdb</linkage><protocol Sync="TRUE">Local Area Network</protocol></onLineSrc></distorTran><distorFormat><formatName Sync="TRUE">Classe d'entités de géodatabase fichier</formatName></distorFormat></distributor></distInfo><spdoinfo><direct Sync="TRUE">Vector</direct><ptvctinf><esriterm Name="squartier_polygon"><efeatyp Sync="TRUE">Simple</efeatyp><efeageom Sync="TRUE">Polygon</efeageom><esritopo Sync="TRUE">FALSE</esritopo><efeacnt Sync="TRUE">0</efeacnt><spindex Sync="TRUE">TRUE</spindex><linrefer Sync="TRUE">FALSE</linrefer></esriterm><sdtsterm Name="squartier_polygon"><sdtstype Sync="TRUE">G-polygon</sdtstype><ptvctcnt Sync="TRUE">0</ptvctcnt></sdtsterm></ptvctinf></spdoinfo><spatRepInfo><VectSpatRep><topLvl><TopoLevCd Sync="TRUE" value="001"/></topLvl><geometObjs Name="squartier_polygon"><geoObjTyp><GeoObjTypCd Sync="TRUE" value="001"/></geoObjTyp><geoObjCnt Sync="TRUE">0</geoObjCnt></geometObjs></VectSpatRep></spatRepInfo><eainfo><detailed Name="squartier_polygon"><enttyp><enttypl Sync="TRUE">squartier_polygon</enttypl><enttypt Sync="TRUE">Feature Class</enttypt><enttypc Sync="TRUE">0</enttypc></enttyp><attr><attrlabl Sync="TRUE">OBJECTID</attrlabl><attalias Sync="TRUE">OBJECTID</attalias><attrtype Sync="TRUE">OID</attrtype><attwidth Sync="TRUE">4</attwidth><atprecis Sync="TRUE">0</atprecis><attscale Sync="TRUE">0</attscale><attrdef Sync="TRUE">Internal feature number.</attrdef><attrdefs Sync="TRUE">ESRI</attrdefs><attrdomv><udom Sync="TRUE">Sequential unique whole numbers that are automatically generated.</udom></attrdomv></attr><attr><attrlabl Sync="TRUE">Shape</attrlabl><attalias Sync="TRUE">Shape</attalias><attrtype Sync="TRUE">Geometry</attrtype><attwidth Sync="TRUE">0</attwidth><atprecis Sync="TRUE">0</atprecis><attscale Sync="TRUE">0</attscale><attrdef Sync="TRUE">Feature geometry.</attrdef><attrdefs Sync="TRUE">ESRI</attrdefs><attrdomv><udom Sync="TRUE">Coordinates defining the features.</udom></attrdomv></attr><attr><attrlabl Sync="TRUE">AREA</attrlabl><attalias Sync="TRUE">AREA</attalias><attrtype Sync="TRUE">Single</attrtype><attwidth Sync="TRUE">4</attwidth><atprecis Sync="TRUE">0</atprecis><attscale Sync="TRUE">0</attscale></attr><attr><attrlabl Sync="TRUE">PERIMETER</attrlabl><attalias Sync="TRUE">PERIMETER</attalias><attrtype Sync="TRUE">Single</attrtype><attwidth Sync="TRUE">4</attwidth><atprecis Sync="TRUE">0</atprecis><attscale Sync="TRUE">0</attscale></attr><attr><attrlabl Sync="TRUE">SQUARTIER_</attrlabl><attalias Sync="TRUE">SQUARTIER_</attalias><attrtype Sync="TRUE">Integer</attrtype><attwidth Sync="TRUE">4</attwidth><atprecis Sync="TRUE">0</atprecis><attscale Sync="TRUE">0</attscale></attr><attr><attrlabl Sync="TRUE">SQUARTIER_ID</attrlabl><attalias Sync="TRUE">SOUSQUARTIER</attalias><attrtype Sync="TRUE">Integer</attrtype><attwidth Sync="TRUE">4</attwidth><atprecis Sync="TRUE">0</atprecis><attscale Sync="TRUE">0</attscale></attr><attr><attrlabl Sync="TRUE">COMMUNE</attrlabl><attalias Sync="TRUE">CDCOMMU</attalias><attrtype Sync="TRUE">Integer</attrtype><attwidth Sync="TRUE">4</attwidth><atprecis Sync="TRUE">0</atprecis><attscale Sync="TRUE">0</attscale></attr><attr><attrlabl Sync="TRUE">QUARTIER</attrlabl><attalias Sync="TRUE">CDQUART</attalias><attrtype Sync="TRUE">Integer</attrtype><attwidth Sync="TRUE">4</attwidth><atprecis Sync="TRUE">0</atprecis><attscale Sync="TRUE">0</attscale></attr><attr><attrlabl Sync="TRUE">QUARTMNO</attrlabl><attalias Sync="TRUE">QUARTMNO</attalias><attrtype Sync="TRUE">String</attrtype><attwidth Sync="TRUE">2</attwidth><atprecis Sync="TRUE">0</atprecis><attscale Sync="TRUE">0</attscale></attr><attr><attrlabl Sync="TRUE">LIBQUART</attrlabl><attalias Sync="TRUE">LIBQUART</attalias><attrtype Sync="TRUE">String</attrtype><attwidth Sync="TRUE">32</attwidth><atprecis Sync="TRUE">0</atprecis><attscale Sync="TRUE">0</attscale></attr><attr><attrlabl Sync="TRUE">SQUARTMNO</attrlabl><attalias Sync="TRUE">SQUARTMNO</attalias><attrtype Sync="TRUE">String</attrtype><attwidth Sync="TRUE">3</attwidth><atprecis Sync="TRUE">0</atprecis><attscale Sync="TRUE">0</attscale></attr><attr><attrlabl Sync="TRUE">LIBSQUART</attrlabl><attalias Sync="TRUE">LIBSQUART</attalias><attrtype Sync="TRUE">String</attrtype><attwidth Sync="TRUE">25</attwidth><atprecis Sync="TRUE">0</atprecis><attscale Sync="TRUE">0</attscale></attr><attr><attrlabl Sync="TRUE">Shape_Length</attrlabl><attalias Sync="TRUE">Shape_Length</attalias><attrtype Sync="TRUE">Double</attrtype><attwidth Sync="TRUE">8</attwidth><atprecis Sync="TRUE">0</atprecis><attscale Sync="TRUE">0</attscale><attrdef Sync="TRUE">Length of feature in internal units.</attrdef><attrdefs Sync="TRUE">ESRI</attrdefs><attrdomv><udom Sync="TRUE">Positive real numbers that are automatically generated.</udom></attrdomv></attr><attr><attrlabl Sync="TRUE">Shape_Area</attrlabl><attalias Sync="TRUE">Shape_Area</attalias><attrtype Sync="TRUE">Double</attrtype><attwidth Sync="TRUE">8</attwidth><atprecis Sync="TRUE">0</atprecis><attscale Sync="TRUE">0</attscale><attrdef Sync="TRUE">Area of feature in internal units squared.</attrdef><attrdefs Sync="TRUE">ESRI</attrdefs><attrdomv><udom Sync="TRUE">Positive real numbers that are automatically generated.</udom></attrdomv></attr></detailed></eainfo><mdDateSt Sync="TRUE">20131120</mdDateSt><dataqual><lineage><procstep><procdesc Sync="TRUE">Jeu de données copié.</procdesc><srcused Sync="TRUE">\\EMT-P032\D$\DONNEES\Nicolas\espaces_de_travail\Géodatabases_diverses\Test93.gdb</srcused><procdate Sync="TRUE">20110419</procdate><proctime Sync="TRUE">16494700</proctime></procstep><procstep><procdesc Sync="TRUE">Jeu de données copié.</procdesc><srcused Sync="TRUE">\\EMT-P032\D$\DONNEES\Nicolas\espaces_de_travail\Géodatabases_diverses\Test93.gdb</srcused><procdate Sync="TRUE">20110419</procdate><proctime Sync="TRUE">16513200</proctime></procstep></lineage></dataqual></metadata>
