<?xml version="1.0" encoding="UTF-8"?>
<metadata xml:lang="fr"><Esri><CreaDate>20131119</CreaDate><CreaTime>11212300</CreaTime><SyncOnce>FALSE</SyncOnce><DataProperties><lineage><Process ToolSource="C:\Program Files\ArcGIS\ArcToolbox\Toolboxes\MaToolBox.tbx\DefineProjection" Date="20110418" Time="161241">DefineProjection R:\BdPlv04\bdPlv00\circul PROJCS['NTF_Lambert_Zone_III',GEOGCS['GCS_NTF',DATUM['D_NTF',SPHEROID['Clarke_1880_IGN',6378249.2,293.46602]],PRIMEM['Greenwich',0.0],UNIT['Degree',0.0174532925199433]],PROJECTION['Lambert_Conformal_Conic'],PARAMETER['False_Easting',600000.0],PARAMETER['False_Northing',200000.0],PARAMETER['Central_Meridian',2.3372291667],PARAMETER['Standard_Parallel_1',43.1992913889],PARAMETER['Standard_Parallel_2',44.9960938889],PARAMETER['Scale_Factor',1.0],PARAMETER['Latitude_Of_Origin',44.1],UNIT['Meter',1.0]] R:\BdPlv04\bdPlv00\circul</Process><Process ToolSource="C:\Program Files\ArcGIS\ArcToolbox\Toolboxes\Data Management Tools.tbx\CopyFeatures" Date="20110418" Time="164553">CopyFeatures R:\BdPlv04\bdPlv00\circul\polygon D:\DONNEES\Nicolas\espaces_de_travail\Géodatabases_diverses\Test93.gdb\circul_polygon # 0 0 0</Process><Process ToolSource="C:\Program Files\ArcGIS\ArcToolbox\Toolboxes\MaToolBox.tbx\Project" Date="20110418" Time="164808">Project circul_polygon D:\DONNEES\Nicolas\espaces_de_travail\Géodatabases_diverses\Test93.gdb\circul_polygon_Project PROJCS['Clarke_1880_RGS_Lambert_Conformal_Conic',GEOGCS['GCS_Clarke_1880_RGS',DATUM['D_Clarke_1880_RGS',SPHEROID['Clarke_1880_RGS',6378249.145,293.465]],PRIMEM['Greenwich',0.0],UNIT['Degree',0.0174532925199433]],PROJECTION['Lambert_Conformal_Conic'],PARAMETER['False_Easting',600000.0],PARAMETER['False_Northing',200000.0],PARAMETER['Central_Meridian',2.337229166666667],PARAMETER['Standard_Parallel_1',43.19929],PARAMETER['Standard_Parallel_2',44.99609444444445],PARAMETER['Latitude_Of_Origin',44.1],UNIT['Meter',1.0]],VERTCS['Unknown VCS',VDATUM['Unknown'],PARAMETER['Vertical_Shift',0.0],PARAMETER['Direction',1.0],UNIT['Meter',1.0]] # PROJCS['User_Defined_Lambert_Conformal_Conic',GEOGCS['GCS_User_Defined',DATUM['D_User_Defined',SPHEROID['User_Defined_Spheroid',6378249.2,293.4660200000038]],PRIMEM['Greenwich',0.0],UNIT['Degree',0.0174532925199433]],PROJECTION['Lambert_Conformal_Conic'],PARAMETER['False_Easting',600000.0],PARAMETER['False_Northing',200000.0],PARAMETER['Central_Meridian',2.337229166666667],PARAMETER['Standard_Parallel_1',43.19929138888889],PARAMETER['Standard_Parallel_2',44.99609388888889],PARAMETER['Latitude_Of_Origin',44.1],UNIT['Meter',1.0]]</Process><Process ToolSource="C:\Program Files\ArcGIS\ArcToolbox\Toolboxes\MaToolBox.tbx\Project" Date="20110418" Time="165019">Project circul_polygon_Project D:\DONNEES\Nicolas\espaces_de_travail\Géodatabases_diverses\Test93.gdb\circul PROJCS['NTF_Lambert_Zone_III',GEOGCS['GCS_NTF',DATUM['D_NTF',SPHEROID['Clarke_1880_IGN',6378249.2,293.46602]],PRIMEM['Greenwich',0.0],UNIT['Degree',0.0174532925199433]],PROJECTION['Lambert_Conformal_Conic'],PARAMETER['False_Easting',600000.0],PARAMETER['False_Northing',200000.0],PARAMETER['Central_Meridian',2.3372291667],PARAMETER['Standard_Parallel_1',43.1992913889],PARAMETER['Standard_Parallel_2',44.9960938889],PARAMETER['Scale_Factor',1.0],PARAMETER['Latitude_Of_Origin',44.1],UNIT['Meter',1.0]] # PROJCS['Clarke_1880_RGS_Lambert_Conformal_Conic',GEOGCS['GCS_Clarke_1880_RGS',DATUM['D_Clarke_1880_RGS',SPHEROID['Clarke_1880_RGS',6378249.145,293.465]],PRIMEM['Greenwich',0.0],UNIT['Degree',0.0174532925199433]],PROJECTION['Lambert_Conformal_Conic'],PARAMETER['False_Easting',600000.0],PARAMETER['False_Northing',200000.0],PARAMETER['Central_Meridian',2.337229166666667],PARAMETER['Standard_Parallel_1',43.19929],PARAMETER['Standard_Parallel_2',44.99609444444445],PARAMETER['Latitude_Of_Origin',44.1],UNIT['Meter',1.0]],VERTCS['Unknown VCS',VDATUM['Unknown'],PARAMETER['Vertical_Shift',0.0],PARAMETER['Direction',1.0],UNIT['Meter',1.0]]</Process><Process ToolSource="C:\Program Files\ArcGIS\ArcToolbox\Toolboxes\MaToolBox.tbx\Project" Date="20110418" Time="165047">Project circul D:\DONNEES\Nicolas\espaces_de_travail\Géodatabases_diverses\Test93.gdb\circul_Project PROJCS['RGF93_Lambert_93',GEOGCS['GCS_RGF_1993',DATUM['D_RGF_1993',SPHEROID['GRS_1980',6378137.0,298.257222101]],PRIMEM['Greenwich',0.0],UNIT['Degree',0.0174532925199433]],PROJECTION['Lambert_Conformal_Conic'],PARAMETER['False_Easting',700000.0],PARAMETER['False_Northing',6600000.0],PARAMETER['Central_Meridian',3.0],PARAMETER['Standard_Parallel_1',44.0],PARAMETER['Standard_Parallel_2',49.0],PARAMETER['Latitude_Of_Origin',46.5],UNIT['Meter',1.0]] RGF_1993_To_NTF_NTv2 PROJCS['NTF_Lambert_Zone_III',GEOGCS['GCS_NTF',DATUM['D_NTF',SPHEROID['Clarke_1880_IGN',6378249.2,293.46602]],PRIMEM['Greenwich',0.0],UNIT['Degree',0.0174532925199433]],PROJECTION['Lambert_Conformal_Conic'],PARAMETER['False_Easting',600000.0],PARAMETER['False_Northing',200000.0],PARAMETER['Central_Meridian',2.3372291667],PARAMETER['Standard_Parallel_1',43.1992913889],PARAMETER['Standard_Parallel_2',44.9960938889],PARAMETER['Scale_Factor',1.0],PARAMETER['Latitude_Of_Origin',44.1],UNIT['Meter',1.0]]</Process><Process ToolSource="c:\program files\arcgis\desktop10.0\ArcToolbox\Toolboxes\Data Management Tools.tbx\RepairGeometry" Date="20130521" Time="143133">RepairGeometry "Transports\circul polygon" DELETE_NULL</Process><Process ToolSource="C:\Program Files\ArcGIS\Desktop10.0\ArcToolbox\Toolboxes\Conversion Tools.tbx\FeatureClassToFeatureClass" Date="20130916" Time="170333">FeatureClassToFeatureClass D:\DONNEES\Nicolas\espaces_de_travail\Géodatabases_diverses\Plan_Ville_RGF1993.gdb\circul R:\Consultation_PlanVille\Plan_Ville_RGF1993.gdb circul # "AREA "AREA" true true false 4 Float 0 0 ,First,#,D:\DONNEES\Nicolas\espaces_de_travail\Géodatabases_diverses\Plan_Ville_RGF1993.gdb\circul,AREA,-1,-1;PERIMETER "PERIMETER" true true false 4 Float 0 0 ,First,#,D:\DONNEES\Nicolas\espaces_de_travail\Géodatabases_diverses\Plan_Ville_RGF1993.gdb\circul,PERIMETER,-1,-1;CIRCUL_ "CIRCUL_" true true false 4 Long 0 0 ,First,#,D:\DONNEES\Nicolas\espaces_de_travail\Géodatabases_diverses\Plan_Ville_RGF1993.gdb\circul,CIRCUL_,-1,-1;CIRCUL_ID "CIRCUL_ID" true true false 4 Long 0 0 ,First,#,D:\DONNEES\Nicolas\espaces_de_travail\Géodatabases_diverses\Plan_Ville_RGF1993.gdb\circul,CIRCUL_ID,-1,-1;BOITE "BOITE" true true false 4 Long 0 0 ,First,#,D:\DONNEES\Nicolas\espaces_de_travail\Géodatabases_diverses\Plan_Ville_RGF1993.gdb\circul,BOITE,-1,-1;COULEUR "COULEUR" true true false 8 Text 0 0 ,First,#,D:\DONNEES\Nicolas\espaces_de_travail\Géodatabases_diverses\Plan_Ville_RGF1993.gdb\circul,COULEUR,-1,-1;SYMBOLE "SYMBOLE" true true false 4 Long 0 0 ,First,#,D:\DONNEES\Nicolas\espaces_de_travail\Géodatabases_diverses\Plan_Ville_RGF1993.gdb\circul,SYMBOLE,-1,-1;OBS "OBS" true true false 32 Text 0 0 ,First,#,D:\DONNEES\Nicolas\espaces_de_travail\Géodatabases_diverses\Plan_Ville_RGF1993.gdb\circul,OBS,-1,-1;Shape_Length "Shape_Length" false true true 8 Double 0 0 ,First,#,D:\DONNEES\Nicolas\espaces_de_travail\Géodatabases_diverses\Plan_Ville_RGF1993.gdb\circul,Shape_Length,-1,-1;Shape_Area "Shape_Area" false true true 8 Double 0 0 ,First,#,D:\DONNEES\Nicolas\espaces_de_travail\Géodatabases_diverses\Plan_Ville_RGF1993.gdb\circul,Shape_Area,-1,-1" #</Process></lineage><itemProps><itemName Sync="TRUE">circul</itemName><imsContentType Sync="TRUE">002</imsContentType><itemLocation><linkage Sync="TRUE">file://\\Ig-Waldorf\Carto\Consultation_PlanVille\Plan_Ville_RGF1993.gdb</linkage><protocol Sync="TRUE">Local Area Network</protocol></itemLocation></itemProps><coordRef><type Sync="TRUE">Projected</type><geogcsn Sync="TRUE">GCS_RGF_1993</geogcsn><projcsn Sync="TRUE">RGF93_Lambert_93</projcsn><peXml Sync="TRUE">&lt;ProjectedCoordinateSystem xsi:type='typens:ProjectedCoordinateSystem' xmlns:xsi='http://www.w3.org/2001/XMLSchema-instance' xmlns:xs='http://www.w3.org/2001/XMLSchema' xmlns:typens='http://www.esri.com/schemas/ArcGIS/10.0'&gt;&lt;WKT&gt;PROJCS[&amp;quot;RGF93_Lambert_93&amp;quot;,GEOGCS[&amp;quot;GCS_RGF_1993&amp;quot;,DATUM[&amp;quot;D_RGF_1993&amp;quot;,SPHEROID[&amp;quot;GRS_1980&amp;quot;,6378137.0,298.257222101]],PRIMEM[&amp;quot;Greenwich&amp;quot;,0.0],UNIT[&amp;quot;Degree&amp;quot;,0.0174532925199433]],PROJECTION[&amp;quot;Lambert_Conformal_Conic&amp;quot;],PARAMETER[&amp;quot;False_Easting&amp;quot;,700000.0],PARAMETER[&amp;quot;False_Northing&amp;quot;,6600000.0],PARAMETER[&amp;quot;Central_Meridian&amp;quot;,3.0],PARAMETER[&amp;quot;Standard_Parallel_1&amp;quot;,44.0],PARAMETER[&amp;quot;Standard_Parallel_2&amp;quot;,49.0],PARAMETER[&amp;quot;Latitude_Of_Origin&amp;quot;,46.5],UNIT[&amp;quot;Meter&amp;quot;,1.0]]&lt;/WKT&gt;&lt;XOrigin&gt;-35597500&lt;/XOrigin&gt;&lt;YOrigin&gt;-23641900&lt;/YOrigin&gt;&lt;XYScale&gt;10000&lt;/XYScale&gt;&lt;ZOrigin&gt;-100000&lt;/ZOrigin&gt;&lt;ZScale&gt;10000&lt;/ZScale&gt;&lt;MOrigin&gt;-100000&lt;/MOrigin&gt;&lt;MScale&gt;10000&lt;/MScale&gt;&lt;XYTolerance&gt;0.001&lt;/XYTolerance&gt;&lt;ZTolerance&gt;0.001&lt;/ZTolerance&gt;&lt;MTolerance&gt;0.001&lt;/MTolerance&gt;&lt;HighPrecision&gt;true&lt;/HighPrecision&gt;&lt;/ProjectedCoordinateSystem&gt;</peXml></coordRef></DataProperties><SyncDate>20130916</SyncDate><SyncTime>17033100</SyncTime><ModDate>20130916</ModDate><ModTime>17033100</ModTime><ArcGISFormat>1.0</ArcGISFormat></Esri><idinfo><native Sync="TRUE">Microsoft Windows XP Version 5.1 (Build 2600) Service Pack 3; ESRI ArcCatalog 9.3.1.1850</native><descript><langdata Sync="TRUE">fr</langdata><abstract>REQUIRED: A brief narrative summary of the data set.</abstract><purpose>REQUIRED: A summary of the intentions with which the data set was developed.</purpose></descript><citation><citeinfo><origin>REQUIRED: The name of an organization or individual that developed the data set.</origin><pubdate>REQUIRED: The date when the data set is published or otherwise made available for release.</pubdate><title Sync="TRUE">circul_polygon</title><ftname Sync="TRUE">circul_polygon</ftname><geoform Sync="TRUE">vector digital data</geoform><onlink Sync="TRUE">\\EMT-P032\D$\DONNEES\Nicolas\espaces_de_travail\Géodatabases_diverses\Plan_Ville_RGF1993.gdb</onlink></citeinfo></citation><timeperd><current>REQUIRED: The basis on which the time period of content information is determined.</current><timeinfo><sngdate><caldate>REQUIRED: The year (and optionally month, or month and day) for which the data set corresponds to the ground.</caldate></sngdate></timeinfo></timeperd><status><progress>REQUIRED: The state of the data set.</progress><update>REQUIRED: The frequency with which changes and additions are made to the data set after the initial data set is completed.</update></status><spdom><bounding><westbc Sync="TRUE">REQUIRED: Western-most coordinate of the limit of coverage expressed in longitude.</westbc><eastbc Sync="TRUE">REQUIRED: Eastern-most coordinate of the limit of coverage expressed in longitude.</eastbc><northbc Sync="TRUE">REQUIRED: Northern-most coordinate of the limit of coverage expressed in latitude.</northbc><southbc Sync="TRUE">REQUIRED: Southern-most coordinate of the limit of coverage expressed in latitude.</southbc></bounding></spdom><keywords><theme><themekt>REQUIRED: Reference to a formally registered thesaurus or a similar authoritative source of theme keywords.</themekt><themekey>REQUIRED: Common-use word or phrase used to describe the subject of the data set.</themekey></theme></keywords><accconst>REQUIRED: Restrictions and legal prerequisites for accessing the data set.</accconst><useconst>REQUIRED: Restrictions and legal prerequisites for using the data set after access is granted.</useconst><natvform Sync="TRUE">Classe d'entités de géodatabase fichier</natvform></idinfo><dataIdInfo><envirDesc Sync="TRUE">Microsoft Windows Server 2008 R2 Version 6.1 (Build 7600) ; ESRI ArcGIS 10.0.2.3200</envirDesc><dataLang><languageCode Sync="TRUE" value="fra" country="FRA"></languageCode></dataLang><idCitation><resTitle Sync="TRUE">circul</resTitle><presForm><PresFormCd value="005"></PresFormCd></presForm></idCitation><descKeys><thesaName uuidref="723f6998-058e-11dc-8314-0800200c9a66"></thesaName><keyword Sync="TRUE">002</keyword></descKeys><spatRpType><SpatRepTypCd value="001"></SpatRepTypCd></spatRpType></dataIdInfo><metainfo><langmeta Sync="TRUE">fr</langmeta><metstdn Sync="TRUE">FGDC Content Standards for Digital Geospatial Metadata</metstdn><metstdv Sync="TRUE">FGDC-STD-001-1998</metstdv><mettc Sync="TRUE">local time</mettc><metc><cntinfo><cntorgp><cntper>REQUIRED: The person responsible for the metadata information.</cntper><cntorg>REQUIRED: The organization responsible for the metadata information.</cntorg></cntorgp><cntaddr><addrtype>REQUIRED: The mailing and/or physical address for the organization or individual.</addrtype><city>REQUIRED: The city of the address.</city><state>REQUIRED: The state or province of the address.</state><postal>REQUIRED: The ZIP or other postal code of the address.</postal></cntaddr><cntvoice>REQUIRED: The telephone number by which individuals can speak to the organization or individual.</cntvoice></cntinfo></metc><metd Sync="TRUE">20110418</metd></metainfo><mdLang><languageCode Sync="TRUE" value="fra"></languageCode></mdLang><mdStanName Sync="TRUE">ISO 19115 Informations géographiques - Métadonnées</mdStanName><mdStanVer Sync="TRUE"># 11108</mdStanVer><mdChar><CharSetCd Sync="TRUE" value="# 11111"></CharSetCd></mdChar><mdHrLv><ScopeCd Sync="TRUE" value="005"></ScopeCd></mdHrLv><mdHrLvName Sync="TRUE">dataset</mdHrLvName><distinfo><resdesc Sync="TRUE">Downloadable Data</resdesc></distinfo><distInfo><distributor><distorTran><onLineSrc><orDesc Sync="TRUE">002</orDesc><linkage Sync="TRUE">file://\\EMT-P032\D$\DONNEES\Nicolas\espaces_de_travail\Géodatabases_diverses\Plan_Ville_RGF1993.gdb</linkage><protocol Sync="TRUE">Local Area Network</protocol></onLineSrc></distorTran><distorFormat><formatName Sync="TRUE">Classe d'entités de géodatabase fichier</formatName></distorFormat></distributor><distFormat><formatName Sync="TRUE">Classe d’entités de géodatabase fichier</formatName></distFormat></distInfo><spdoinfo><direct Sync="TRUE">Vector</direct><ptvctinf><esriterm Name="circul"><efeatyp Sync="TRUE">Simple</efeatyp><efeageom Sync="TRUE">4</efeageom><esritopo Sync="TRUE">FALSE</esritopo><efeacnt Sync="TRUE">0</efeacnt><spindex Sync="TRUE">TRUE</spindex><linrefer Sync="TRUE">FALSE</linrefer></esriterm></ptvctinf></spdoinfo><spref><horizsys><cordsysn><geogcsn Sync="TRUE">GCS_User_Defined</geogcsn><projcsn Sync="TRUE">User_Defined_Lambert_Conformal_Conic</projcsn></cordsysn><planar><planci><plance Sync="TRUE">coordinate pair</plance><plandu Sync="TRUE">meters</plandu><coordrep><absres Sync="TRUE">0.000100</absres><ordres Sync="TRUE">0.000100</ordres></coordrep></planci></planar><geodetic><horizdn Sync="TRUE">D_User_Defined</horizdn><ellips Sync="TRUE">User_Defined_Spheroid</ellips><semiaxis Sync="TRUE">6378249.200000</semiaxis><denflat Sync="TRUE">293.466020</denflat></geodetic></horizsys></spref><refSysInfo><RefSystem><refSysID><identCode Sync="TRUE" code="0">User_Defined_Lambert_Conformal_Conic</identCode></refSysID></RefSystem></refSysInfo><spatRepInfo><VectSpatRep><topLvl><TopoLevCd Sync="TRUE" value="001"></TopoLevCd></topLvl><geometObjs Name="circul_polygon"><geoObjTyp><GeoObjTypCd Sync="TRUE" value="002"></GeoObjTypCd><geoObjCnt Sync="TRUE">0</geoObjCnt></geoObjTyp><geoObjCnt Sync="TRUE">0</geoObjCnt></geometObjs></VectSpatRep></spatRepInfo><eainfo><detailed Name="circul"><enttyp><enttypl Sync="TRUE">circul</enttypl><enttypt Sync="TRUE">Feature Class</enttypt><enttypc Sync="TRUE">0</enttypc></enttyp><attr><attrlabl Sync="TRUE">OBJECTID</attrlabl><attalias Sync="TRUE">OBJECTID</attalias><attrtype Sync="TRUE">OID</attrtype><attwidth Sync="TRUE">4</attwidth><atprecis Sync="TRUE">0</atprecis><attscale Sync="TRUE">0</attscale><attrdef Sync="TRUE">Internal feature number.</attrdef><attrdefs Sync="TRUE">ESRI</attrdefs><attrdomv><udom Sync="TRUE">Sequential unique whole numbers that are automatically generated.</udom></attrdomv></attr><attr><attrlabl Sync="TRUE">Shape</attrlabl><attalias Sync="TRUE">Shape</attalias><attrtype Sync="TRUE">Geometry</attrtype><attwidth Sync="TRUE">0</attwidth><atprecis Sync="TRUE">0</atprecis><attscale Sync="TRUE">0</attscale><attrdef Sync="TRUE">Feature geometry.</attrdef><attrdefs Sync="TRUE">ESRI</attrdefs><attrdomv><udom Sync="TRUE">Coordinates defining the features.</udom></attrdomv></attr><attr><attrlabl Sync="TRUE">AREA</attrlabl><attalias Sync="TRUE">AREA</attalias><attrtype Sync="TRUE">Single</attrtype><attwidth Sync="TRUE">4</attwidth><atprecis Sync="TRUE">0</atprecis><attscale Sync="TRUE">0</attscale></attr><attr><attrlabl Sync="TRUE">PERIMETER</attrlabl><attalias Sync="TRUE">PERIMETER</attalias><attrtype Sync="TRUE">Single</attrtype><attwidth Sync="TRUE">4</attwidth><atprecis Sync="TRUE">0</atprecis><attscale Sync="TRUE">0</attscale></attr><attr><attrlabl Sync="TRUE">CIRCUL_</attrlabl><attalias Sync="TRUE">CIRCUL_</attalias><attrtype Sync="TRUE">Integer</attrtype><attwidth Sync="TRUE">4</attwidth><atprecis Sync="TRUE">0</atprecis><attscale Sync="TRUE">0</attscale></attr><attr><attrlabl Sync="TRUE">CIRCUL_ID</attrlabl><attalias Sync="TRUE">CIRCUL_ID</attalias><attrtype Sync="TRUE">Integer</attrtype><attwidth Sync="TRUE">4</attwidth><atprecis Sync="TRUE">0</atprecis><attscale Sync="TRUE">0</attscale></attr><attr><attrlabl Sync="TRUE">BOITE</attrlabl><attalias Sync="TRUE">BOITE</attalias><attrtype Sync="TRUE">Integer</attrtype><attwidth Sync="TRUE">4</attwidth><atprecis Sync="TRUE">0</atprecis><attscale Sync="TRUE">0</attscale></attr><attr><attrlabl Sync="TRUE">COULEUR</attrlabl><attalias Sync="TRUE">COULEUR</attalias><attrtype Sync="TRUE">String</attrtype><attwidth Sync="TRUE">8</attwidth><atprecis Sync="TRUE">0</atprecis><attscale Sync="TRUE">0</attscale></attr><attr><attrlabl Sync="TRUE">SYMBOLE</attrlabl><attalias Sync="TRUE">SYMBOLE</attalias><attrtype Sync="TRUE">Integer</attrtype><attwidth Sync="TRUE">4</attwidth><atprecis Sync="TRUE">0</atprecis><attscale Sync="TRUE">0</attscale></attr><attr><attrlabl Sync="TRUE">OBS</attrlabl><attalias Sync="TRUE">OBS</attalias><attrtype Sync="TRUE">String</attrtype><attwidth Sync="TRUE">32</attwidth><atprecis Sync="TRUE">0</atprecis><attscale Sync="TRUE">0</attscale></attr><attr><attrlabl Sync="TRUE">Shape_Length</attrlabl><attalias Sync="TRUE">Shape_Length</attalias><attrtype Sync="TRUE">Double</attrtype><attwidth Sync="TRUE">8</attwidth><atprecis Sync="TRUE">0</atprecis><attscale Sync="TRUE">0</attscale><attrdef Sync="TRUE">Length of feature in internal units.</attrdef><attrdefs Sync="TRUE">ESRI</attrdefs><attrdomv><udom Sync="TRUE">Positive real numbers that are automatically generated.</udom></attrdomv></attr><attr><attrlabl Sync="TRUE">Shape_Area</attrlabl><attalias Sync="TRUE">Shape_Area</attalias><attrtype Sync="TRUE">Double</attrtype><attwidth Sync="TRUE">8</attwidth><atprecis Sync="TRUE">0</atprecis><attscale Sync="TRUE">0</attscale><attrdef Sync="TRUE">Area of feature in internal units squared.</attrdef><attrdefs Sync="TRUE">ESRI</attrdefs><attrdomv><udom Sync="TRUE">Positive real numbers that are automatically generated.</udom></attrdomv></attr></detailed></eainfo><mdDateSt Sync="TRUE">20130916</mdDateSt><dataqual><lineage><procstep><procdesc Sync="TRUE">Jeu de données copié.</procdesc><srcused Sync="TRUE">\\EMT-P032\D$\DONNEES\Nicolas\espaces_de_travail\Géodatabases_diverses\Test93.gdb</srcused><procdate Sync="TRUE">20110418</procdate><proctime Sync="TRUE">16480700</proctime></procstep><procstep><procdesc Sync="TRUE">Jeu de données copié.</procdesc><srcused Sync="TRUE">\\EMT-P032\D$\DONNEES\Nicolas\espaces_de_travail\Géodatabases_diverses\Test93.gdb</srcused><procdate Sync="TRUE">20110418</procdate><proctime Sync="TRUE">16501700</proctime></procstep><procstep><procdesc Sync="TRUE">Jeu de données copié.</procdesc><srcused Sync="TRUE">\\EMT-P032\D$\DONNEES\Nicolas\espaces_de_travail\Géodatabases_diverses\Test93.gdb</srcused><procdate Sync="TRUE">20110418</procdate><proctime Sync="TRUE">16504600</proctime></procstep><procstep><procdesc Sync="TRUE">Jeu de données copié.</procdesc><srcused Sync="TRUE">\\EMT-P032\D$\DONNEES\Nicolas\espaces_de_travail\Géodatabases_diverses\Test93.gdb</srcused><procdate Sync="TRUE">20110420</procdate><proctime Sync="TRUE">09310900</proctime></procstep></lineage></dataqual></metadata>
