<?xml version="1.0"?>
<!--<!DOCTYPE metadata SYSTEM "http://www.esri.com/metadata/esriprof80.dtd">-->
<metadata xml:lang="fr"><Esri><CreaDate>20120903</CreaDate><CreaTime>14164800</CreaTime><SyncOnce>FALSE</SyncOnce><DataProperties><lineage><Process ToolSource="C:\Program Files\ArcGIS\ArcToolbox\Toolboxes\MaToolBox.tbx\DefineProjection" Date="20120705" Time="150323">DefineProjection R:\Bd-Defibrilateur\defibrilateur2012.shp PROJCS['RGF93_Lambert_93',GEOGCS['GCS_RGF_1993',DATUM['D_RGF_1993',SPHEROID['GRS_1980',6378137.0,298.257222101]],PRIMEM['Greenwich',0.0],UNIT['Degree',0.0174532925199433]],PROJECTION['Lambert_Conformal_Conic'],PARAMETER['False_Easting',700000.0],PARAMETER['False_Northing',6600000.0],PARAMETER['Central_Meridian',3.0],PARAMETER['Standard_Parallel_1',44.0],PARAMETER['Standard_Parallel_2',49.0],PARAMETER['Latitude_Of_Origin',46.5],UNIT['Meter',1.0]] R:\Bd-Defibrilateur\defibrilateur2012.shp</Process><Process ToolSource="C:\Program Files\ArcGIS\ArcToolbox\Toolboxes\Data Management Tools.tbx\AddField" Date="20120705" Time="161727">AddField defibrilateur2012 Numero TEXT # # # # NON_NULLABLE NON_REQUIRED # defibrilateur2012</Process><Process ToolSource="C:\Program Files\ArcGIS\ArcToolbox\Toolboxes\Data Management Tools.tbx\AddField" Date="20120705" Time="161752">AddField defibrilateur2012 Nom TEXT # # # # NON_NULLABLE NON_REQUIRED # defibrilateur2012</Process><Process ToolSource="C:\Program Files\ArcGIS\ArcToolbox\Toolboxes\Data Management Tools.tbx\DeleteField" Date="20120706" Time="100030">DeleteField D:\DONNEES\Nicolas\Travaux_ponctuels\defibrilateur\defibrilateur2012.shp Numero D:\DONNEES\Nicolas\Travaux_ponctuels\defibrilateur\defibrilateur2012.shp</Process><Process ToolSource="C:\Program Files\ArcGIS\ArcToolbox\Toolboxes\Data Management Tools.tbx\AddField" Date="20120706" Time="100100">AddField defibrilateur2012 Numero LONG # # # # NON_NULLABLE NON_REQUIRED # defibrilateur2012</Process><Process ToolSource="C:\Program Files\ArcGIS\ArcToolbox\Toolboxes\Conversion Tools.tbx\FeatureClassToFeatureClass" Date="20120706" Time="100618">FeatureClassToFeatureClass D:\DONNEES\Nicolas\Travaux_ponctuels\defibrilateur\defibrilateur2012.shp D:\DONNEES\Nicolas\Travaux_ponctuels\defibrilateur\test.gdb defibrilateur_2012 # "Id 'Id' true true false 6 Long 0 6 ,First,#,D:\DONNEES\Nicolas\Travaux_ponctuels\defibrilateur\defibrilateur2012.shp,Id,-1,-1;Nom 'Nom' true true false 254 Text 0 0 ,First,#,D:\DONNEES\Nicolas\Travaux_ponctuels\defibrilateur\defibrilateur2012.shp,Nom,-1,-1;Numero 'Numero' true true false 9 Long 0 9 ,First,#,D:\DONNEES\Nicolas\Travaux_ponctuels\defibrilateur\defibrilateur2012.shp,Numero,-1,-1" # D:\DONNEES\Nicolas\Travaux_ponctuels\defibrilateur\test.gdb\defibrilateur_2012</Process><Process ToolSource="C:\Program Files\ArcGIS\ArcToolbox\Toolboxes\Data Management Tools.tbx\JoinField" Date="20120706" Time="100752">JoinField defibrilateur_2012 Numero defibrilateur_2012_tb Numero Adresse;Tel defibrilateur_2012</Process><Process ToolSource="C:\Program Files\ArcGIS\ArcToolbox\Toolboxes\Data Management Tools.tbx\DeleteField" Date="20120905" Time="161349">DeleteField D:\DONNEES\Nicolas\Travaux_ponctuels\defibrilateur\test.gdb\defibrilateur_2012_040712 Nom;Numero;Adresse;Tel D:\DONNEES\Nicolas\Travaux_ponctuels\defibrilateur\test.gdb\defibrilateur_2012_040712</Process><Process ToolSource="C:\Program Files\ArcGIS\ArcToolbox\Toolboxes\Data Management Tools.tbx\AddField" Date="20120905" Time="161447">AddField D:\DONNEES\Nicolas\Travaux_ponctuels\defibrilateur\test.gdb\defibrilateur_2012_040712 Nom TEXT # # # # NULLABLE NON_REQUIRED # D:\DONNEES\Nicolas\Travaux_ponctuels\defibrilateur\test.gdb\defibrilateur_2012_040712</Process><Process ToolSource="C:\Program Files\ArcGIS\ArcToolbox\Toolboxes\Data Management Tools.tbx\AddField" Date="20120905" Time="161511">AddField D:\DONNEES\Nicolas\Travaux_ponctuels\defibrilateur\test.gdb\defibrilateur_2012_040712 Numero LONG # # # # NULLABLE NON_REQUIRED # D:\DONNEES\Nicolas\Travaux_ponctuels\defibrilateur\test.gdb\defibrilateur_2012_040712</Process><Process ToolSource="C:\Program Files\ArcGIS\ArcToolbox\Toolboxes\Data Management Tools.tbx\AddField" Date="20120905" Time="161539">AddField D:\DONNEES\Nicolas\Travaux_ponctuels\defibrilateur\test.gdb\defibrilateur_2012_040712 Adresse TEXT # # # # NULLABLE NON_REQUIRED # D:\DONNEES\Nicolas\Travaux_ponctuels\defibrilateur\test.gdb\defibrilateur_2012_040712</Process><Process ToolSource="C:\Program Files\ArcGIS\ArcToolbox\Toolboxes\Data Management Tools.tbx\AddField" Date="20120905" Time="161600">AddField D:\DONNEES\Nicolas\Travaux_ponctuels\defibrilateur\test.gdb\defibrilateur_2012_040712 Tel TEXT # # # # NULLABLE NON_REQUIRED # D:\DONNEES\Nicolas\Travaux_ponctuels\defibrilateur\test.gdb\defibrilateur_2012_040712</Process><Process ToolSource="C:\Program Files\ArcGIS\ArcToolbox\Toolboxes\Data Management Tools.tbx\JoinField" Date="20120905" Time="162140">JoinField D:\DONNEES\Nicolas\Travaux_ponctuels\defibrilateur\test.gdb\defibrilateur_2012_040712 Id D:\DONNEES\Nicolas\Travaux_ponctuels\defibrilateur\test.gdb\Defibrilateur Numero Numero;Nom;Adresse;Tel D:\DONNEES\Nicolas\Travaux_ponctuels\defibrilateur\test.gdb\defibrilateur_2012_040712</Process><Process ToolSource="C:\Program Files\ArcGIS\ArcToolbox\Toolboxes\Data Management Tools.tbx\DeleteField" Date="20120905" Time="162409">DeleteField D:\DONNEES\Nicolas\Travaux_ponctuels\defibrilateur\test.gdb\defibrilateur_2012_040712 Nom;Numero;Adresse;Tel;Numero_1;Nom_1;Adresse_1;Tel_1 D:\DONNEES\Nicolas\Travaux_ponctuels\defibrilateur\test.gdb\defibrilateur_2012_040712</Process><Process ToolSource="C:\Program Files\ArcGIS\ArcToolbox\Toolboxes\Data Management Tools.tbx\JoinField" Date="20120905" Time="162441">JoinField D:\DONNEES\Nicolas\Travaux_ponctuels\defibrilateur\test.gdb\defibrilateur_2012_040712 Id D:\DONNEES\Nicolas\Travaux_ponctuels\defibrilateur\test.gdb\Defibrilateur Numero Numero;Nom;Adresse;Tel D:\DONNEES\Nicolas\Travaux_ponctuels\defibrilateur\test.gdb\defibrilateur_2012_040712</Process><Process ToolSource="C:\Program Files\ArcGIS\ArcToolbox\Toolboxes\Data Management Tools.tbx\DeleteField" Date="20120906" Time="092741">DeleteField D:\DONNEES\Nicolas\Travaux_ponctuels\defibrilateur\test.gdb\defibrilateur_2012_040712 Numero;Nom;Adresse;Tel D:\DONNEES\Nicolas\Travaux_ponctuels\defibrilateur\test.gdb\defibrilateur_2012_040712</Process><Process ToolSource="C:\Program Files\ArcGIS\ArcToolbox\Toolboxes\Data Management Tools.tbx\JoinField" Date="20120906" Time="092913">JoinField D:\DONNEES\Nicolas\Travaux_ponctuels\defibrilateur\test.gdb\defibrilateur_2012_040712 Id D:\DONNEES\Nicolas\Travaux_ponctuels\defibrilateur\test.gdb\defibrilateur Numero Numero;Nom;Adresse;Tel D:\DONNEES\Nicolas\Travaux_ponctuels\defibrilateur\test.gdb\defibrilateur_2012_040712</Process><Process ToolSource="C:\Program Files\ArcGIS\ArcToolbox\Toolboxes\Conversion Tools.tbx\FeatureClassToFeatureClass" Date="20120906" Time="093145">FeatureClassToFeatureClass D:\DONNEES\Nicolas\Travaux_ponctuels\defibrilateur\test.gdb\defibrilateur_2012_040712 R:\Bd_Delta\Shape_2012 defibrilateurs_2012.shp # "Id 'Id' true true false 4 Long 0 0 ,First,#,D:\DONNEES\Nicolas\Travaux_ponctuels\defibrilateur\test.gdb\defibrilateur_2012_040712,Id,-1,-1;Nom 'Nom' true true false 255 Text 0 0 ,First,#,D:\DONNEES\Nicolas\Travaux_ponctuels\defibrilateur\test.gdb\defibrilateur_2012_040712,Nom,-1,-1;Adresse 'Adresse' true true false 255 Text 0 0 ,First,#,D:\DONNEES\Nicolas\Travaux_ponctuels\defibrilateur\test.gdb\defibrilateur_2012_040712,Adresse,-1,-1;Tel 'Tel' true true false 255 Text 0 0 ,First,#,D:\DONNEES\Nicolas\Travaux_ponctuels\defibrilateur\test.gdb\defibrilateur_2012_040712,Tel,-1,-1" # R:\Bd_Delta\Shape_2012\defibrilateurs_2012.shp</Process></lineage></DataProperties><SyncDate>20120906</SyncDate><SyncTime>09314400</SyncTime><ModDate>20120906</ModDate><ModTime>09314400</ModTime><MetaID>{65876301-2183-4919-92D2-8CF644D7E764}</MetaID></Esri><idinfo><citation><citeinfo><onlink Sync="TRUE">\\Ig-waldorf\Carto\Bd_Delta\Shape_2012\defibrilateurs_2012.shp</onlink><origin>REQUIRED: The name of an organization or individual that developed the data set.</origin><pubdate>REQUIRED: The date when the data set is published or otherwise made available for release.</pubdate><title Sync="TRUE">defibrilateurs_2012</title><ftname Sync="TRUE">defibrilateurs_2012</ftname><geoform Sync="TRUE">vector digital data</geoform></citeinfo></citation><native Sync="TRUE">Microsoft Windows XP Version 5.1 (Build 2600) Service Pack 3; ESRI ArcCatalog 9.3.1.1850</native><descript><langdata Sync="TRUE">fr</langdata><abstract>REQUIRED: A brief narrative summary of the data set.</abstract><purpose>REQUIRED: A summary of the intentions with which the data set was developed.</purpose></descript><timeperd><current>REQUIRED: The basis on which the time period of content information is determined.</current><timeinfo><sngdate><caldate>REQUIRED: The year (and optionally month, or month and day) for which the data set corresponds to the ground.</caldate></sngdate></timeinfo></timeperd><status><progress>REQUIRED: The state of the data set.</progress><update>REQUIRED: The frequency with which changes and additions are made to the data set after the initial data set is completed.</update></status><spdom><bounding><westbc Sync="TRUE">REQUIRED: Western-most coordinate of the limit of coverage expressed in longitude.</westbc><eastbc Sync="TRUE">REQUIRED: Eastern-most coordinate of the limit of coverage expressed in longitude.</eastbc><northbc Sync="TRUE">REQUIRED: Northern-most coordinate of the limit of coverage expressed in latitude.</northbc><southbc Sync="TRUE">REQUIRED: Southern-most coordinate of the limit of coverage expressed in latitude.</southbc></bounding></spdom><keywords><theme><themekt>REQUIRED: Reference to a formally registered thesaurus or a similar authoritative source of theme keywords.</themekt><themekey>REQUIRED: Common-use word or phrase used to describe the subject of the data set.</themekey></theme></keywords><accconst>REQUIRED: Restrictions and legal prerequisites for accessing the data set.</accconst><useconst>REQUIRED: Restrictions and legal prerequisites for using the data set after access is granted.</useconst><natvform Sync="TRUE">Fichier de formes</natvform></idinfo><distInfo><distributor><distorTran><onLineSrc><linkage Sync="TRUE">file://\\Ig-waldorf\Carto\Bd_Delta\Shape_2012\defibrilateurs_2012.shp</linkage><protocol Sync="TRUE">Local Area Network</protocol><orDesc Sync="TRUE">002</orDesc></onLineSrc><transSize Sync="TRUE">0.000</transSize></distorTran><distorFormat><formatName Sync="TRUE">Fichier de formes</formatName></distorFormat></distributor></distInfo><dataqual><lineage><procstep><procdesc Sync="TRUE">Jeu de données copié.</procdesc><srcused Sync="TRUE">R:\Bd-Defibrilateur\defibrilateur2012</srcused><procdate Sync="TRUE">20120706</procdate><proctime Sync="TRUE">09582300</proctime></procstep><procstep><procdesc Sync="TRUE">Jeu de données copié.</procdesc><srcused Sync="TRUE">\\EMT-P032\D$\DONNEES\Nicolas\Travaux_ponctuels\defibrilateur\test.gdb</srcused><procdate Sync="TRUE">20120903</procdate><proctime Sync="TRUE">14164800</proctime></procstep></lineage></dataqual><dataIdInfo><envirDesc Sync="TRUE">Microsoft Windows XP Version 5.1 (Build 2600) Service Pack 3; ESRI ArcCatalog 9.3.1.1850</envirDesc><dataLang><languageCode Sync="TRUE" value="fr"></languageCode></dataLang><idCitation><resTitle Sync="TRUE">defibrilateurs_2012</resTitle></idCitation></dataIdInfo><metainfo><langmeta Sync="TRUE">fr</langmeta><metstdn Sync="TRUE">FGDC Content Standards for Digital Geospatial Metadata</metstdn><metstdv Sync="TRUE">FGDC-STD-001-1998</metstdv><mettc Sync="TRUE">local time</mettc><metc><cntinfo><cntorgp><cntper>REQUIRED: The person responsible for the metadata information.</cntper><cntorg>REQUIRED: The organization responsible for the metadata information.</cntorg></cntorgp><cntaddr><addrtype>REQUIRED: The mailing and/or physical address for the organization or individual.</addrtype><city>REQUIRED: The city of the address.</city><state>REQUIRED: The state or province of the address.</state><postal>REQUIRED: The ZIP or other postal code of the address.</postal></cntaddr><cntvoice>REQUIRED: The telephone number by which individuals can speak to the organization or individual.</cntvoice></cntinfo></metc><metd Sync="TRUE">20120906</metd><metextns><onlink Sync="TRUE">http://www.esri.com/metadata/esriprof80.html</onlink><metprof Sync="TRUE">ESRI Metadata Profile</metprof></metextns></metainfo><mdLang><languageCode Sync="TRUE" value="fr"></languageCode></mdLang><mdStanName Sync="TRUE">ISO 19115 Informations géographiques - Métadonnées</mdStanName><mdStanVer Sync="TRUE"># 11108</mdStanVer><mdChar><CharSetCd Sync="TRUE" value="# 11111"></CharSetCd></mdChar><mdHrLv><ScopeCd Sync="TRUE" value="# 11109"></ScopeCd></mdHrLv><mdHrLvName Sync="TRUE"># 11110</mdHrLvName><distinfo><resdesc Sync="TRUE">Downloadable Data</resdesc><stdorder><digform><digtinfo><transize Sync="TRUE">0.000</transize><dssize Sync="TRUE">0.000</dssize></digtinfo></digform></stdorder></distinfo><spdoinfo><direct Sync="TRUE">Vector</direct><ptvctinf><esriterm Name="defibrilateurs_2012"><efeatyp Sync="TRUE">Simple</efeatyp><efeageom Sync="TRUE">Point</efeageom><esritopo Sync="TRUE">FALSE</esritopo><efeacnt Sync="TRUE">0</efeacnt><spindex Sync="TRUE">FALSE</spindex><linrefer Sync="TRUE">FALSE</linrefer></esriterm><sdtsterm Name="defibrilateurs_2012"><sdtstype Sync="TRUE">Entity point</sdtstype><ptvctcnt Sync="TRUE">0</ptvctcnt></sdtsterm></ptvctinf></spdoinfo><spref><horizsys><cordsysn><geogcsn Sync="TRUE">GCS_RGF_1993</geogcsn><projcsn Sync="TRUE">RGF93_Lambert_93</projcsn></cordsysn><planar><planci><plance Sync="TRUE">coordinate pair</plance><plandu Sync="TRUE">meters</plandu><coordrep><absres Sync="TRUE">0.000000</absres><ordres Sync="TRUE">0.000000</ordres></coordrep></planci><mapproj><mapprojn Sync="TRUE">Lambert Conformal Conic</mapprojn><lambertc><stdparll Sync="TRUE">44.000000</stdparll><stdparll Sync="TRUE">49.000000</stdparll><longcm Sync="TRUE">3.000000</longcm><latprjo Sync="TRUE">46.500000</latprjo><feast Sync="TRUE">700000.000000</feast><fnorth Sync="TRUE">6600000.000000</fnorth></lambertc></mapproj></planar><geodetic><horizdn Sync="TRUE">D_RGF_1993</horizdn><ellips Sync="TRUE">Geodetic Reference System 80</ellips><semiaxis Sync="TRUE">6378137.000000</semiaxis><denflat Sync="TRUE">298.257222</denflat></geodetic></horizsys></spref><refSysInfo><RefSystem><refSysID><identCode Sync="TRUE">RGF93_Lambert_93</identCode></refSysID></RefSystem></refSysInfo><spatRepInfo><VectSpatRep><topLvl><TopoLevCd Sync="TRUE" value="001"></TopoLevCd></topLvl><geometObjs Name="defibrilateurs_2012"><geoObjTyp><GeoObjTypCd Sync="TRUE" value="004"></GeoObjTypCd></geoObjTyp><geoObjCnt Sync="TRUE">0</geoObjCnt></geometObjs></VectSpatRep></spatRepInfo><eainfo><detailed Name="defibrilateurs_2012"><enttyp><enttypl Sync="TRUE">defibrilateurs_2012</enttypl><enttypt Sync="TRUE">Feature Class</enttypt><enttypc Sync="TRUE">0</enttypc></enttyp><attr><attrlabl Sync="TRUE">FID</attrlabl><attalias Sync="TRUE">FID</attalias><attrtype Sync="TRUE">OID</attrtype><attwidth Sync="TRUE">4</attwidth><atprecis Sync="TRUE">0</atprecis><attscale Sync="TRUE">0</attscale><attrdef Sync="TRUE">Internal feature number.</attrdef><attrdefs Sync="TRUE">ESRI</attrdefs><attrdomv><udom Sync="TRUE">Sequential unique whole numbers that are automatically generated.</udom></attrdomv></attr><attr><attrlabl Sync="TRUE">Shape</attrlabl><attalias Sync="TRUE">Shape</attalias><attrtype Sync="TRUE">Geometry</attrtype><attwidth Sync="TRUE">0</attwidth><atprecis Sync="TRUE">0</atprecis><attscale Sync="TRUE">0</attscale><attrdef Sync="TRUE">Feature geometry.</attrdef><attrdefs Sync="TRUE">ESRI</attrdefs><attrdomv><udom Sync="TRUE">Coordinates defining the features.</udom></attrdomv></attr><attr><attrlabl Sync="TRUE">Id</attrlabl><attalias Sync="TRUE">Id</attalias><attrtype Sync="TRUE">Number</attrtype><attwidth Sync="TRUE">9</attwidth></attr><attr><attrlabl Sync="TRUE">Nom</attrlabl><attalias Sync="TRUE">Nom</attalias><attrtype Sync="TRUE">String</attrtype><attwidth Sync="TRUE">254</attwidth></attr><attr><attrlabl Sync="TRUE">Adresse</attrlabl><attalias Sync="TRUE">Adresse</attalias><attrtype Sync="TRUE">String</attrtype><attwidth Sync="TRUE">254</attwidth></attr><attr><attrlabl Sync="TRUE">Tel</attrlabl><attalias Sync="TRUE">Tel</attalias><attrtype Sync="TRUE">String</attrtype><attwidth Sync="TRUE">254</attwidth></attr></detailed></eainfo><mdDateSt Sync="TRUE">20120906</mdDateSt></metadata>
